n,type,x,err
7,uni,-1.000000000000000e+00,0.000000000000000e+00
7,uni,-9.980000000000000e-01,7.682754192072726e-03
7,uni,-9.960000000000000e-01,1.514575105668853e-02
7,uni,-9.940000000000000e-01,2.239216894875400e-02
7,uni,-9.920000000000000e-01,2.942516008692632e-02
7,uni,-9.900000000000000e-01,3.624785067156449e-02
7,uni,-9.880000000000000e-01,4.286334100243388e-02
7,uni,-9.860000000000000e-01,4.927470559616402e-02
7,uni,-9.840000000000000e-01,5.548499330345971e-02
7,uni,-9.820000000000000e-01,6.149722742606488e-02
7,uni,-9.800000000000000e-01,6.731440583347949e-02
7,uni,-9.780000000000000e-01,7.293950107942926e-02
7,uni,-9.760000000000000e-01,7.837546051808790e-02
7,uni,-9.740000000000000e-01,8.362520642005189e-02
7,uni,-9.720000000000000e-01,8.869163608806782e-02
7,uni,-9.700000000000000e-01,9.357762197251157e-02
7,uni,-9.680000000000000e-01,9.828601178662034e-02
7,uni,-9.660000000000000e-01,1.028196286214757e-01
7,uni,-9.640000000000000e-01,1.071812710607394e-01
7,uni,-9.620000000000000e-01,1.113737132951402e-01
7,uni,-9.600000000000000e-01,1.153997052367128e-01
7,uni,-9.580000000000000e-01,1.192619726327877e-01
7,uni,-9.560000000000000e-01,1.229632171797329e-01
7,uni,-9.540000000000000e-01,1.265061166364460e-01
7,uni,-9.520000000000000e-01,1.298933249375979e-01
7,uni,-9.500000000000000e-01,1.331274723066273e-01
7,uni,-9.480000000000000e-01,1.362111653684849e-01
7,uni,-9.460000000000000e-01,1.391469872621300e-01
7,uni,-9.440000000000000e-01,1.419374977527751e-01
7,uni,-9.419999999999999e-01,1.445852333438828e-01
7,uni,-9.399999999999999e-01,1.470927073889113e-01
7,uni,-9.379999999999999e-01,1.494624102028101e-01
7,uni,-9.359999999999999e-01,1.516968091732660e-01
7,uni,-9.339999999999999e-01,1.537983488716977e-01
7,uni,-9.319999999999999e-01,1.557694511640002e-01
7,uni,-9.299999999999999e-01,1.576125153210381e-01
7,uni,-9.280000000000000e-01,1.593299181288882e-01
7,uni,-9.260000000000000e-01,1.609240139988307e-01
7,uni,-9.240000000000000e-01,1.623971350770885e-01
7,uni,-9.220000000000000e-01,1.637515913543158e-01
7,uni,-9.200000000000000e-01,1.649896707748339e-01
7,uni,-9.180000000000000e-01,1.661136393456160e-01
7,uni,-9.160000000000000e-01,1.671257412450190e-01
7,uni,-9.140000000000000e-01,1.680281989312630e-01
7,uni,-9.120000000000000e-01,1.688232132506585e-01
7,uni,-9.100000000000000e-01,1.695129635455810e-01
7,uni,-9.080000000000000e-01,1.700996077621910e-01
7,uni,-9.060000000000000e-01,1.705852825579032e-01
7,uni,-9.040000000000000e-01,1.709721034085998e-01
7,uni,-9.020000000000000e-01,1.712621647155917e-01
7,uni,-9.000000000000000e-01,1.714575399123250e-01
7,uni,-8.980000000000000e-01,1.715602815708336e-01
7,uni,-8.960000000000000e-01,1.715724215079371e-01
7,uni,-8.940000000000000e-01,1.714959708911845e-01
7,uni,-8.920000000000000e-01,1.713329203445422e-01
7,uni,-8.900000000000000e-01,1.710852400538281e-01
7,uni,-8.880000000000000e-01,1.707548798718885e-01
7,uni,-8.860000000000000e-01,1.703437694235216e-01
7,uni,-8.840000000000000e-01,1.698538182101427e-01
7,uni,-8.820000000000000e-01,1.692869157141951e-01
7,uni,-8.800000000000000e-01,1.686449315033032e-01
7,uni,-8.780000000000000e-01,1.679297153341700e-01
7,uni,-8.760000000000000e-01,1.671430972562165e-01
7,uni,-8.740000000000000e-01,1.662868877149643e-01
7,uni,-8.720000000000000e-01,1.653628776551611e-01
7,uni,-8.700000000000000e-01,1.643728386236474e-01
7,uni,-8.680000000000000e-01,1.633185228719655e-01
7,uni,-8.660000000000000e-01,1.622016634587097e-01
7,uni,-8.640000000000000e-01,1.610239743516184e-01
7,uni,-8.620000000000000e-01,1.597871505294063e-01
7,uni,-8.600000000000000e-01,1.584928680833375e-01
7,uni,-8.580000000000000e-01,1.571427843185390e-01
7,uni,-8.560000000000000e-01,1.557385378550536e-01
7,uni,-8.540000000000000e-01,1.542817487286332e-01
7,uni,-8.520000000000000e-01,1.527740184912703e-01
7,uni,-8.500000000000000e-01,1.512169303114694e-01
7,uni,-8.480000000000000e-01,1.496120490742565e-01
7,uni,-8.460000000000000e-01,1.479609214809264e-01
7,uni,-8.440000000000000e-01,1.462650761485285e-01
7,uni,-8.420000000000000e-01,1.445260237090895e-01
7,uni,-8.400000000000000e-01,1.427452569085737e-01
7,uni,-8.380000000000000e-01,1.409242507055797e-01
7,uni,-8.360000000000000e-01,1.390644623697729e-01
7,uni,-8.340000000000000e-01,1.371673315800550e-01
7,uni,-8.320000000000000e-01,1.352342805224682e-01
7,uni,-8.300000000000000e-01,1.332667139878347e-01
7,uni,-8.280000000000001e-01,1.312660194691307e-01
7,uni,-8.260000000000001e-01,1.292335672585951e-01
7,uni,-8.240000000000001e-01,1.271707105445715e-01
7,uni,-8.220000000000001e-01,1.250787855080842e-01
7,uni,-8.200000000000001e-01,1.229591114191464e-01
7,uni,-8.180000000000001e-01,1.208129907328016e-01
7,uni,-8.160000000000001e-01,1.186417091848963e-01
7,uni,-8.140000000000001e-01,1.164465358875851e-01
7,uni,-8.120000000000001e-01,1.142287234245662e-01
7,uni,-8.100000000000001e-01,1.119895079460477e-01
7,uni,-8.080000000000001e-01,1.097301092634443e-01
7,uni,-8.060000000000000e-01,1.074517309438031e-01
7,uni,-8.040000000000000e-01,1.051555604039589e-01
7,uni,-8.020000000000000e-01,1.028427690044179e-01
7,uni,-8.000000000000000e-01,1.005145121429698e-01
7,uni,-7.980000000000000e-01,9.817192934802643e-02
7,uni,-7.960000000000000e-01,9.581614437168889e-02
7,uni,-7.940000000000000e-01,9.344826528253962e-02
7,uni,-7.920000000000000e-01,9.106938455816133e-02
7,uni,-7.900000000000000e-01,8.868057917738083e-02
7,uni,-7.880000000000000e-01,8.628291071223745e-02
7,uni,-7.860000000000000e-01,8.387742541967590e-02
7,uni,-7.840000000000000e-01,8.146515433296245e-02
7,uni,-7.820000000000000e-01,7.904711335282388e-02
7,uni,-7.800000000000000e-01,7.662430333830908e-02
7,uni,-7.780000000000000e-01,7.419771019737181e-02
7,uni,-7.760000000000000e-01,7.176830497717487e-02
7,uni,-7.740000000000000e-01,6.933704395411437e-02
7,uni,-7.720000000000000e-01,6.690486872356374e-02
7,uni,-7.700000000000000e-01,6.447270628933689e-02
7,uni,-7.680000000000000e-01,6.204146915286921e-02
7,uni,-7.660000000000000e-01,5.961205540211677e-02
7,uni,-7.640000000000000e-01,5.718534880017204e-02
7,uni,-7.620000000000000e-01,5.476221887359571e-02
7,uni,-7.600000000000000e-01,5.234352100046427e-02
7,uni,-7.580000000000000e-01,4.993009649813199e-02
7,uni,-7.560000000000000e-01,4.752277271070690e-02
7,uni,-7.540000000000000e-01,4.512236309623978e-02
7,uni,-7.520000000000000e-01,4.272966731362579e-02
7,uni,-7.500000000000000e-01,4.034547130921731e-02
7,uni,-7.480000000000000e-01,3.797054740314776e-02
7,uni,-7.460000000000000e-01,3.560565437536502e-02
7,uni,-7.440000000000000e-01,3.325153755137424e-02
7,uni,-7.420000000000000e-01,3.090892888768856e-02
7,uni,-7.400000000000000e-01,2.857854705698726e-02
7,uni,-7.380000000000000e-01,2.626109753298031e-02
7,uni,-7.360000000000000e-01,2.395727267497844e-02
7,uni,-7.340000000000000e-01,2.166775181216780e-02
7,uni,-7.320000000000000e-01,1.939320132758833e-02
7,uni,-7.300000000000000e-01,1.713427474181460e-02
7,uni,-7.280000000000000e-01,1.489161279633888e-02
7,uni,-7.260000000000000e-01,1.266584353665444e-02
7,uni,-7.240000000000000e-01,1.045758239503879e-02
7,uni,-7.220000000000000e-01,8.267432273035974e-03
7,uni,-7.200000000000000e-01,6.095983623635962e-03
7,uni,-7.180000000000000e-01,3.943814533151319e-03
7,uni,-7.160000000000000e-01,1.811490802788848e-03
7,uni,-7.140000000000000e-01,3.004339700837244e-04
7,uni,-7.120000000000000e-01,2.391418310977972e-03
7,uni,-7.100000000000000e-01,4.460932787632876e-03
7,uni,-7.080000000000000e-01,6.508459929671376e-03
7,uni,-7.060000000000000e-01,8.533494148567369e-03
7,uni,-7.040000000000000e-01,1.053554165792384e-02
7,uni,-7.020000000000000e-01,1.251412039406326e-02
7,uni,-7.000000000000000e-01,1.446875993693189e-02
7,uni,-6.980000000000000e-01,1.639900143131885e-02
7,uni,-6.960000000000000e-01,1.830439750839133e-02
7,uni,-6.940000000000000e-01,2.018451220754741e-02
7,uni,-6.919999999999999e-01,2.203892089858744e-02
7,uni,-6.899999999999999e-01,2.386721020420569e-02
7,uni,-6.879999999999999e-01,2.566897792280331e-02
7,uni,-6.859999999999999e-01,2.744383295162422e-02
7,uni,-6.839999999999999e-01,2.919139521021503e-02
7,uni,-6.819999999999999e-01,3.091129556421089e-02
7,uni,-6.799999999999999e-01,3.260317574944804e-02
7,uni,-6.779999999999999e-01,3.426668829640521e-02
7,uni,-6.759999999999999e-01,3.590149645497487e-02
7,uni,-6.739999999999999e-01,3.750727411956605e-02
7,uni,-6.719999999999999e-01,3.908370575454027e-02
7,uni,-6.699999999999999e-01,4.063048631998210e-02
7,uni,-6.679999999999999e-01,4.214732119780597e-02
7,uni,-6.659999999999999e-01,4.363392611820070e-02
7,uni,-6.639999999999999e-01,4.509002708641368e-02
7,uni,-6.619999999999999e-01,4.651536030987614e-02
7,uni,-6.599999999999999e-01,4.790967212567118e-02
7,uni,-6.579999999999999e-01,4.927271892834643e-02
7,uni,-6.560000000000000e-01,5.060426709807299e-02
7,uni,-6.540000000000000e-01,5.190409292915266e-02
7,uni,-6.520000000000000e-01,5.317198255887451e-02
7,uni,-6.500000000000000e-01,5.440773189672374e-02
7,uni,-6.480000000000000e-01,5.561114655394379e-02
7,uni,-6.460000000000000e-01,5.678204177345403e-02
7,uni,-6.440000000000000e-01,5.792024236012466e-02
7,uni,-6.420000000000000e-01,5.902558261141121e-02
7,uni,-6.400000000000000e-01,6.009790624834996e-02
7,uni,-6.380000000000000e-01,6.113706634691692e-02
7,uni,-6.360000000000000e-01,6.214292526975206e-02
7,uni,-6.340000000000000e-01,6.311535459825092e-02
7,uni,-6.320000000000000e-01,6.405423506502562e-02
7,uni,-6.300000000000000e-01,6.495945648673757e-02
7,uni,-6.280000000000000e-01,6.583091769730398e-02
7,uni,-6.260000000000000e-01,6.666852648148018e-02
7,uni,-6.240000000000000e-01,6.747219950882025e-02
7,uni,-6.220000000000000e-01,6.824186226801782e-02
7,uni,-6.200000000000000e-01,6.897744900162991e-02
7,uni,-6.180000000000000e-01,6.967890264118563e-02
7,uni,-6.160000000000000e-01,7.034617474268191e-02
7,uni,-6.140000000000000e-01,7.097922542246954e-02
7,uni,-6.120000000000000e-01,7.157802329353086e-02
7,uni,-6.100000000000000e-01,7.214254540215236e-02
7,uni,-6.080000000000000e-01,7.267277716499397e-02
7,uni,-6.060000000000000e-01,7.316871230655836e-02
7,uni,-6.040000000000000e-01,7.363035279706173e-02
7,uni,-6.020000000000000e-01,7.405770879070994e-02
7,uni,-6.000000000000000e-01,7.445079856438122e-02
7,uni,-5.980000000000000e-01,7.480964845671938e-02
7,uni,-5.960000000000000e-01,7.513429280763895e-02
7,uni,-5.940000000000000e-01,7.542477389824617e-02
7,uni,-5.920000000000001e-01,7.568114189117742e-02
7,uni,-5.900000000000001e-01,7.590345477135883e-02
7,uni,-5.880000000000001e-01,7.609177828718883e-02
7,uni,-5.860000000000001e-01,7.624618589214772e-02
7,uni,-5.840000000000001e-01,7.636675868683579e-02
7,uni,-5.820000000000001e-01,7.645358536144384e-02
7,uni,-5.800000000000001e-01,7.650676213865847e-02
7,uni,-5.780000000000001e-01,7.652639271700545e-02
7,uni,-5.760000000000001e-01,7.651258821463364e-02
7,uni,-5.740000000000001e-01,7.646546711354295e-02
7,uni,-5.720000000000001e-01,7.638515520425904e-02
7,uni,-5.700000000000001e-01,7.627178553095791e-02
7,uni,-5.680000000000001e-01,7.612549833704330e-02
7,uni,-5.660000000000001e-01,7.594644101118035e-02
7,uni,-5.640000000000001e-01,7.573476803378805e-02
7,uni,-5.620000000000001e-01,7.549064092399414e-02
7,uni,-5.600000000000001e-01,7.521422818705525e-02
7,uni,-5.580000000000001e-01,7.490570526224563e-02
7,uni,-5.560000000000000e-01,7.456525447121762e-02
7,uni,-5.540000000000000e-01,7.419306496683689e-02
7,uni,-5.520000000000000e-01,7.378933268249574e-02
7,uni,-5.500000000000000e-01,7.335426028190778e-02
7,uni,-5.480000000000000e-01,7.288805710938723e-02
7,uni,-5.460000000000000e-01,7.239093914061583e-02
7,uni,-5.440000000000000e-01,7.186312893390051e-02
7,uni,-5.420000000000000e-01,7.130485558192559e-02
7,uni,-5.400000000000000e-01,7.071635466400231e-02
7,uni,-5.380000000000000e-01,7.009786819881872e-02
7,uni,-5.360000000000000e-01,6.944964459769376e-02
7,uni,-5.340000000000000e-01,6.877193861833833e-02
7,uni,-5.320000000000000e-01,6.806501131912621e-02
7,uni,-5.300000000000000e-01,6.732913001387900e-02
7,uni,-5.280000000000000e-01,6.656456822716689e-02
7,uni,-5.260000000000000e-01,6.577160565012981e-02
7,uni,-5.240000000000000e-01,6.495052809682064e-02
7,uni,-5.220000000000000e-01,6.410162746107470e-02
7,uni,-5.200000000000000e-01,6.322520167390769e-02
7,uni,-5.180000000000000e-01,6.232155466144579e-02
7,uni,-5.160000000000000e-01,6.139099630338979e-02
7,uni,-5.140000000000000e-01,6.043384239201738e-02
7,uni,-5.120000000000000e-01,5.945041459172519e-02
7,uni,-5.100000000000000e-01,5.844104039911434e-02
7,uni,-5.080000000000000e-01,5.740605310362112e-02
7,uni,-5.060000000000000e-01,5.634579174869615e-02
7,uni,-5.040000000000000e-01,5.526060109353417e-02
7,uni,-5.020000000000000e-01,5.415083157535662e-02
7,uni,-5.000000000000000e-01,5.301683927224968e-02
7,uni,-4.980000000000000e-01,5.185898586655935e-02
7,uni,-4.960000000000000e-01,5.067763860884622e-02
7,uni,-4.940000000000000e-01,4.947317028240117e-02
7,uni,-4.920000000000000e-01,4.824595916832403e-02
7,uni,-4.900000000000000e-01,4.699638901116646e-02
7,uni,-4.880000000000000e-01,4.572484898514094e-02
7,uni,-4.860000000000000e-01,4.443173366089648e-02
7,uni,-4.840000000000000e-01,4.311744297286209e-02
7,uni,-4.820000000000000e-01,4.178238218715929e-02
7,uni,-4.800000000000000e-01,4.042696187008341e-02
7,uni,-4.780000000000000e-01,3.905159785715455e-02
7,uni,-4.760000000000000e-01,3.765671122273810e-02
7,uni,-4.740000000000000e-01,3.624272825023415e-02
7,uni,-4.720000000000000e-01,3.481008040283598e-02
7,uni,-4.700000000000000e-01,3.335920429485592e-02
7,uni,-4.680000000000000e-01,3.189054166361804e-02
7,uni,-4.660000000000000e-01,3.040453934191573e-02
7,uni,-4.640000000000000e-01,2.890164923103222e-02
7,uni,-4.620000000000000e-01,2.738232827432208e-02
7,uni,-4.600000000000000e-01,2.584703843135044e-02
7,uni,-4.580000000000000e-01,2.429624665258670e-02
7,uni,-4.560000000000000e-01,2.273042485464957e-02
7,uni,-4.540000000000000e-01,2.115004989609859e-02
7,uni,-4.520000000000000e-01,1.955560355376784e-02
7,uni,-4.500000000000000e-01,1.794757249963619e-02
7,uni,-4.480000000000000e-01,1.632644827822818e-02
7,uni,-4.460000000000000e-01,1.469272728453944e-02
7,uni,-4.440000000000000e-01,1.304691074247860e-02
7,uni,-4.419999999999999e-01,1.138950468381877e-02
7,uni,-4.399999999999999e-01,9.721019927648678e-03
7,uni,-4.379999999999999e-01,8.041972060315566e-03
7,uni,-4.360000000000001e-01,6.352881415847639e-03
7,uni,-4.340000000000001e-01,4.654273056846542e-03
7,uni,-4.320000000000001e-01,2.946676755837291e-03
7,uni,-4.300000000000000e-01,1.230626977061972e-03
7,uni,-4.280000000000000e-01,4.933371412964849e-04
7,uni,-4.260000000000000e-01,2.224671804474887e-03
7,uni,-4.240000000000000e-01,3.962828578092631e-03
7,uni,-4.220000000000000e-01,5.707254404732492e-03
7,uni,-4.200000000000000e-01,7.457391620159848e-03
7,uni,-4.180000000000000e-01,9.212677969198779e-03
7,uni,-4.160000000000000e-01,1.097254662128819e-02
7,uni,-4.140000000000000e-01,1.273642618573897e-02
7,uni,-4.120000000000000e-01,1.450374072671864e-02
7,uni,-4.100000000000000e-01,1.627390977798790e-02
7,uni,-4.080000000000000e-01,1.804634835741761e-02
7,uni,-4.060000000000000e-01,1.982046698131606e-02
7,uni,-4.040000000000000e-01,2.159567167859699e-02
7,uni,-4.020000000000000e-01,2.337136400482231e-02
7,uni,-4.000000000000000e-01,2.514694105615500e-02
7,uni,-3.980000000000000e-01,2.692179548325918e-02
7,uni,-3.960000000000000e-01,2.869531550518806e-02
7,uni,-3.940000000000000e-01,3.046688492330055e-02
7,uni,-3.920000000000000e-01,3.223588313525291e-02
7,uni,-3.900000000000000e-01,3.400168514911103e-02
7,uni,-3.880000000000000e-01,3.576366159763447e-02
7,uni,-3.860000000000000e-01,3.752117875278421e-02
7,uni,-3.840000000000000e-01,3.927359854051085e-02
7,uni,-3.820000000000000e-01,4.102027855588089e-02
7,uni,-3.800000000000000e-01,4.276057207860468e-02
7,uni,-3.780000000000000e-01,4.449382808903035e-02
7,uni,-3.760000000000000e-01,4.621939128467342e-02
7,uni,-3.740000000000000e-01,4.793660209735576e-02
7,uni,-3.720000000000000e-01,4.964479671102862e-02
7,uni,-3.700000000000000e-01,5.134330708036311e-02
7,uni,-3.680000000000000e-01,5.303146095019134e-02
7,uni,-3.660000000000000e-01,5.470858187588867e-02
7,uni,-3.640000000000000e-01,5.637398924479134e-02
7,uni,-3.620000000000000e-01,5.802699829874799e-02
7,uni,-3.600000000000000e-01,5.966692015791039e-02
7,uni,-3.580000000000000e-01,6.129306184587111e-02
7,uni,-3.560000000000000e-01,6.290472631626479e-02
7,uni,-3.540000000000000e-01,6.450121248095300e-02
7,uni,-3.520000000000000e-01,6.608181523991927e-02
7,uni,-3.500000000000000e-01,6.764582551300669e-02
7,uni,-3.480000000000000e-01,6.919253027363970e-02
7,uni,-3.460000000000000e-01,7.072121258467384e-02
7,uni,-3.440000000000000e-01,7.223115163652821e-02
7,uni,-3.420000000000000e-01,7.372162278776040e-02
7,uni,-3.400000000000000e-01,7.519189760825323e-02
7,uni,-3.380000000000000e-01,7.664124392518890e-02
7,uni,-3.360000000000000e-01,7.806892587199421e-02
7,uni,-3.340000000000000e-01,7.947420394045196e-02
7,uni,-3.320000000000000e-01,8.085633503617828e-02
7,uni,-3.300000000000000e-01,8.221457253767844e-02
7,uni,-3.280000000000000e-01,8.354816635920209e-02
7,uni,-3.260000000000000e-01,8.485636301762700e-02
7,uni,-3.240000000000000e-01,8.613840570361475e-02
7,uni,-3.220000000000000e-01,8.739353435728786e-02
7,uni,-3.200000000000000e-01,8.862098574869320e-02
7,uni,-3.179999999999999e-01,8.981999356332399e-02
7,uni,-3.159999999999999e-01,9.098978849298828e-02
7,uni,-3.139999999999999e-01,9.212959833232093e-02
7,uni,-3.120000000000001e-01,9.323864808125121e-02
7,uni,-3.100000000000001e-01,9.431616005374893e-02
7,uni,-3.080000000000001e-01,9.536135399318740e-02
7,uni,-3.060000000000000e-01,9.637344719467494e-02
7,uni,-3.040000000000000e-01,9.735165463471990e-02
7,uni,-3.020000000000000e-01,9.829518910861001e-02
7,uni,-3.000000000000000e-01,9.920326137590169e-02
7,uni,-2.980000000000000e-01,1.000750803144307e-01
7,uni,-2.960000000000000e-01,1.009098530832713e-01
7,uni,-2.940000000000000e-01,1.017067852950860e-01
7,uni,-2.920000000000000e-01,1.024650811983289e-01
7,uni,-2.900000000000000e-01,1.031839438697777e-01
7,uni,-2.880000000000000e-01,1.038625754178902e-01
7,uni,-2.860000000000000e-01,1.045001771974982e-01
7,uni,-2.840000000000000e-01,1.050959500363697e-01
7,uni,-2.820000000000000e-01,1.056490944741900e-01
7,uni,-2.800000000000000e-01,1.061588110145276e-01
7,uni,-2.780000000000000e-01,1.066243003903757e-01
7,uni,-2.760000000000000e-01,1.070447638438732e-01
7,uni,-2.740000000000000e-01,1.074194034208353e-01
7,uni,-2.720000000000000e-01,1.077474222807348e-01
7,uni,-2.700000000000000e-01,1.080280250228038e-01
7,uni,-2.680000000000000e-01,1.082604180289420e-01
7,uni,-2.660000000000000e-01,1.084438098241325e-01
7,uni,-2.640000000000000e-01,1.085774114550959e-01
7,uni,-2.620000000000000e-01,1.086604368879232e-01
7,uni,-2.600000000000000e-01,1.086921034254545e-01
7,uni,-2.580000000000000e-01,1.086716321451845e-01
7,uni,-2.560000000000000e-01,1.085982483584998e-01
7,uni,-2.540000000000000e-01,1.084711820920630e-01
7,uni,-2.520000000000000e-01,1.082896685921860e-01
7,uni,-2.500000000000000e-01,1.080529488530438e-01
7,uni,-2.480000000000000e-01,1.077602701695994e-01
7,uni,-2.460000000000000e-01,1.074108867161237e-01
7,uni,-2.440000000000000e-01,1.070040601512093e-01
7,uni,-2.420000000000000e-01,1.065390602501892e-01
7,uni,-2.400000000000000e-01,1.060151655658792e-01
7,uni,-2.380000000000000e-01,1.054316641185750e-01
7,uni,-2.360000000000000e-01,1.047878541162409e-01
7,uni,-2.340000000000000e-01,1.040830447058293e-01
7,uni,-2.320000000000000e-01,1.033165567566770e-01
7,uni,-2.300000000000000e-01,1.024877236769182e-01
7,uni,-2.280000000000000e-01,1.015958922638537e-01
7,uni,-2.260000000000000e-01,1.006404235892113e-01
7,uni,-2.240000000000000e-01,9.962069392021516e-02
7,uni,-2.220000000000000e-01,9.853609567737243e-02
7,uni,-2.200000000000000e-01,9.738603842986676e-02
7,uni,-2.180000000000000e-01,9.616994992942329e-02
7,uni,-2.160000000000000e-01,9.488727718347972e-02
7,uni,-2.140000000000000e-01,9.353748756846808e-02
7,uni,-2.120000000000000e-01,9.212006998396749e-02
7,uni,-2.100000000000000e-01,9.063453604844701e-02
7,uni,-2.080000000000000e-01,8.908042133725902e-02
7,uni,-2.060000000000000e-01,8.745728666348662e-02
7,uni,-2.040000000000000e-01,8.576471940218211e-02
7,uni,-2.020000000000000e-01,8.400233485844977e-02
7,uni,-2.000000000000000e-01,8.216977767975175e-02
7,uni,-1.980000000000000e-01,8.026672331270934e-02
7,uni,-1.960000000000000e-01,7.829287950457842e-02
7,uni,-1.940000000000000e-01,7.624798784945341e-02
7,uni,-1.919999999999999e-01,7.413182537913343e-02
7,uni,-1.899999999999999e-01,7.194420619844721e-02
7,uni,-1.879999999999999e-01,6.968498316467542e-02
7,uni,-1.860000000000001e-01,6.735404961055957e-02
7,uni,-1.840000000000001e-01,6.495134111019529e-02
7,uni,-1.820000000000001e-01,6.247683728693365e-02
7,uni,-1.800000000000000e-01,5.993056366219385e-02
7,uni,-1.780000000000000e-01,5.731259354388807e-02
7,uni,-1.760000000000000e-01,5.462304995290956e-02
7,uni,-1.740000000000000e-01,5.186210758589860e-02
7,uni,-1.720000000000000e-01,4.902999481222414e-02
7,uni,-1.700000000000000e-01,4.612699570284573e-02
7,uni,-1.680000000000000e-01,4.315345208841459e-02
7,uni,-1.660000000000000e-01,4.010976564366264e-02
7,uni,-1.640000000000000e-01,3.699639999479476e-02
7,uni,-1.620000000000000e-01,3.381388284624909e-02
7,uni,-1.600000000000000e-01,3.056280812282941e-02
7,uni,-1.580000000000000e-01,2.724383812282949e-02
7,uni,-1.560000000000000e-01,2.385770567737622e-02
7,uni,-1.540000000000000e-01,2.040521631080305e-02
7,uni,-1.520000000000000e-01,1.688725039644334e-02
7,uni,-1.500000000000000e-01,1.330476530179581e-02
7,uni,-1.480000000000000e-01,9.658797516557960e-03
7,uni,-1.460000000000000e-01,5.950464756568463e-03
7,uni,-1.440000000000000e-01,2.180968036231690e-03
7,uni,-1.420000000000000e-01,1.648406298489058e-03
7,uni,-1.400000000000000e-01,5.536284584892082e-03
7,uni,-1.380000000000000e-01,9.481203915042369e-03
7,uni,-1.360000000000000e-01,1.348161027331973e-02
7,uni,-1.340000000000000e-01,1.753585674983615e-02
7,uni,-1.320000000000000e-01,2.164220184002996e-02
7,uni,-1.300000000000000e-01,2.579880784120381e-02
7,uni,-1.280000000000000e-01,3.000373935721756e-02
7,uni,-1.260000000000000e-01,3.425496192297584e-02
7,uni,-1.240000000000000e-01,3.855034076075914e-02
7,uni,-1.220000000000000e-01,4.288763968081188e-02
7,uni,-1.200000000000000e-01,4.726452013896154e-02
7,uni,-1.180000000000000e-01,5.167854046432130e-02
7,uni,-1.160000000000000e-01,5.612715527041345e-02
7,uni,-1.140000000000000e-01,6.060771506323359e-02
7,uni,-1.120000000000000e-01,6.511746605994706e-02
7,uni,-1.100000000000000e-01,6.965355023197772e-02
7,uni,-1.080000000000000e-01,7.421300558628308e-02
7,uni,-1.060000000000000e-01,7.879276669853619e-02
7,uni,-1.040000000000000e-01,8.338966551180571e-02
7,uni,-1.020000000000000e-01,8.800043241408795e-02
7,uni,-9.999999999999998e-02,9.262169760772299e-02
7,uni,-9.799999999999998e-02,9.724999278329760e-02
7,uni,-9.599999999999997e-02,1.018817531101133e-01
7,uni,-9.399999999999997e-02,1.065133195546417e-01
7,uni,-9.199999999999997e-02,1.111409415376430e-01
7,uni,-8.999999999999997e-02,1.157607799397272e-01
7,uni,-8.799999999999997e-02,1.203689104641525e-01
7,uni,-8.599999999999997e-02,1.249613273645065e-01
7,uni,-8.399999999999996e-02,1.295339475436722e-01
7,uni,-8.199999999999996e-02,1.340826150290940e-01
7,uni,-7.999999999999996e-02,1.386031058278395e-01
7,uni,-7.799999999999996e-02,1.430911331633299e-01
7,uni,-7.599999999999996e-02,1.475423530938437e-01
7,uni,-7.399999999999995e-02,1.519523705110335e-01
7,uni,-7.199999999999995e-02,1.563167455147052e-01
7,uni,-6.999999999999995e-02,1.606310001580344e-01
7,uni,-6.799999999999995e-02,1.648906255552081e-01
7,uni,-6.599999999999995e-02,1.690910893412332e-01
7,uni,-6.399999999999995e-02,1.732278434713217e-01
7,uni,-6.200000000000006e-02,1.772963323448900e-01
7,uni,-6.000000000000005e-02,1.812920012367937e-01
7,uni,-5.800000000000005e-02,1.852103050159913e-01
7,uni,-5.600000000000005e-02,1.890467171293929e-01
7,uni,-5.400000000000005e-02,1.927967388262434e-01
7,uni,-5.200000000000005e-02,1.964559085960170e-01
7,uni,-5.000000000000004e-02,2.000198117905010e-01
7,uni,-4.800000000000004e-02,2.034840903985240e-01
7,uni,-4.600000000000004e-02,2.068444529396853e-01
7,uni,-4.400000000000004e-02,2.100966844414670e-01
7,uni,-4.200000000000004e-02,2.132366564623048e-01
7,uni,-4.000000000000004e-02,2.162603371215639e-01
7,uni,-3.800000000000003e-02,2.191638010959402e-01
7,uni,-3.600000000000003e-02,2.219432395406149e-01
7,uni,-3.400000000000003e-02,2.245949698925387e-01
7,uni,-3.200000000000003e-02,2.271154455125356e-01
7,uni,-3.000000000000003e-02,2.295012651225138e-01
7,uni,-2.800000000000002e-02,2.317491819939621e-01
7,uni,-2.600000000000002e-02,2.338561128441162e-01
7,uni,-2.400000000000002e-02,2.358191463966760e-01
7,uni,-2.200000000000002e-02,2.376355515648112e-01
7,uni,-2.000000000000002e-02,2.393027852153391e-01
7,uni,-1.800000000000002e-02,2.408184994744357e-01
7,uni,-1.600000000000001e-02,2.421805485370462e-01
7,uni,-1.400000000000001e-02,2.433869949442578e-01
7,uni,-1.200000000000001e-02,2.444361152953037e-01
7,uni,-1.000000000000001e-02,2.453264053635433e-01
7,uni,-8.000000000000007e-03,2.460565845887071e-01
7,uni,-6.000000000000005e-03,2.466255999208796e-01
7,uni,-4.000000000000004e-03,2.470326289950802e-01
7,uni,-2.000000000000002e-03,2.472770826188915e-01
7,uni,0.000000000000000e+00,2.473586065593149e-01
7,uni,2.000000000000002e-03,2.472770826188914e-01
7,uni,4.000000000000004e-03,2.470326289950801e-01
7,uni,6.000000000000005e-03,2.466255999208796e-01
7,uni,8.000000000000007e-03,2.460565845887071e-01
7,uni,1.000000000000001e-02,2.453264053635434e-01
7,uni,1.200000000000001e-02,2.444361152953036e-01
7,uni,1.400000000000001e-02,2.433869949442578e-01
7,uni,1.600000000000001e-02,2.421805485370461e-01
7,uni,1.800000000000002e-02,2.408184994744357e-01
7,uni,2.000000000000002e-02,2.393027852153390e-01
7,uni,2.200000000000002e-02,2.376355515648111e-01
7,uni,2.400000000000002e-02,2.358191463966759e-01
7,uni,2.600000000000002e-02,2.338561128441162e-01
7,uni,2.800000000000002e-02,2.317491819939622e-01
7,uni,3.000000000000003e-02,2.295012651225137e-01
7,uni,3.200000000000003e-02,2.271154455125356e-01
7,uni,3.400000000000003e-02,2.245949698925387e-01
7,uni,3.600000000000003e-02,2.219432395406149e-01
7,uni,3.800000000000003e-02,2.191638010959402e-01
7,uni,4.000000000000004e-02,2.162603371215640e-01
7,uni,4.200000000000004e-02,2.132366564623048e-01
7,uni,4.400000000000004e-02,2.100966844414670e-01
7,uni,4.600000000000004e-02,2.068444529396851e-01
7,uni,4.800000000000004e-02,2.034840903985240e-01
7,uni,5.000000000000004e-02,2.000198117905011e-01
7,uni,5.200000000000005e-02,1.964559085960168e-01
7,uni,5.400000000000005e-02,1.927967388262433e-01
7,uni,5.600000000000005e-02,1.890467171293929e-01
7,uni,5.800000000000005e-02,1.852103050159916e-01
7,uni,6.000000000000005e-02,1.812920012367937e-01
7,uni,6.200000000000006e-02,1.772963323448900e-01
7,uni,6.400000000000006e-02,1.732278434713214e-01
7,uni,6.600000000000006e-02,1.690910893412328e-01
7,uni,6.800000000000006e-02,1.648906255552078e-01
7,uni,7.000000000000006e-02,1.606310001580341e-01
7,uni,7.200000000000006e-02,1.563167455147051e-01
7,uni,7.400000000000007e-02,1.519523705110333e-01
7,uni,7.600000000000007e-02,1.475423530938434e-01
7,uni,7.800000000000007e-02,1.430911331633296e-01
7,uni,8.000000000000007e-02,1.386031058278392e-01
7,uni,8.200000000000007e-02,1.340826150290938e-01
7,uni,8.400000000000007e-02,1.295339475436721e-01
7,uni,8.600000000000008e-02,1.249613273645063e-01
7,uni,8.800000000000008e-02,1.203689104641521e-01
7,uni,9.000000000000008e-02,1.157607799397269e-01
7,uni,9.200000000000008e-02,1.111409415376425e-01
7,uni,9.400000000000008e-02,1.065133195546416e-01
7,uni,9.600000000000009e-02,1.018817531101129e-01
7,uni,9.800000000000009e-02,9.724999278329738e-02
7,uni,1.000000000000001e-01,9.262169760772276e-02
7,uni,1.020000000000001e-01,8.800043241408784e-02
7,uni,1.040000000000001e-01,8.338966551180549e-02
7,uni,1.060000000000001e-01,7.879276669853597e-02
7,uni,1.080000000000001e-01,7.421300558628285e-02
7,uni,1.100000000000001e-01,6.965355023197750e-02
7,uni,1.120000000000001e-01,6.511746605994673e-02
7,uni,1.140000000000001e-01,6.060771506323337e-02
7,uni,1.160000000000001e-01,5.612715527041290e-02
7,uni,1.180000000000001e-01,5.167854046432119e-02
7,uni,1.200000000000001e-01,4.726452013896110e-02
7,uni,1.220000000000001e-01,4.288763968081177e-02
7,uni,1.240000000000001e-01,3.855034076075881e-02
7,uni,1.259999999999999e-01,3.425496192297617e-02
7,uni,1.279999999999999e-01,3.000373935721756e-02
7,uni,1.299999999999999e-01,2.579880784120392e-02
7,uni,1.319999999999999e-01,2.164220184003030e-02
7,uni,1.339999999999999e-01,1.753585674983615e-02
7,uni,1.359999999999999e-01,1.348161027331984e-02
7,uni,1.379999999999999e-01,9.481203915042258e-03
7,uni,1.399999999999999e-01,5.536284584891971e-03
7,uni,1.419999999999999e-01,1.648406298489280e-03
7,uni,1.439999999999999e-01,2.180968036231579e-03
7,uni,1.459999999999999e-01,5.950464756568352e-03
7,uni,1.479999999999999e-01,9.658797516557738e-03
7,uni,1.499999999999999e-01,1.330476530179581e-02
7,uni,1.519999999999999e-01,1.688725039644334e-02
7,uni,1.539999999999999e-01,2.040521631080261e-02
7,uni,1.559999999999999e-01,2.385770567737611e-02
7,uni,1.579999999999999e-01,2.724383812282927e-02
7,uni,1.599999999999999e-01,3.056280812282908e-02
7,uni,1.619999999999999e-01,3.381388284624887e-02
7,uni,1.639999999999999e-01,3.699639999479476e-02
7,uni,1.659999999999999e-01,4.010976564366264e-02
7,uni,1.679999999999999e-01,4.315345208841437e-02
7,uni,1.699999999999999e-01,4.612699570284551e-02
7,uni,1.719999999999999e-01,4.902999481222403e-02
7,uni,1.739999999999999e-01,5.186210758589849e-02
7,uni,1.759999999999999e-01,5.462304995290956e-02
7,uni,1.779999999999999e-01,5.731259354388807e-02
7,uni,1.799999999999999e-01,5.993056366219385e-02
7,uni,1.819999999999999e-01,6.247683728693343e-02
7,uni,1.839999999999999e-01,6.495134111019507e-02
7,uni,1.859999999999999e-01,6.735404961055957e-02
7,uni,1.879999999999999e-01,6.968498316467531e-02
7,uni,1.899999999999999e-01,7.194420619844721e-02
7,uni,1.919999999999999e-01,7.413182537913376e-02
7,uni,1.940000000000000e-01,7.624798784945341e-02
7,uni,1.960000000000000e-01,7.829287950457853e-02
7,uni,1.980000000000000e-01,8.026672331270934e-02
7,uni,2.000000000000000e-01,8.216977767975198e-02
7,uni,2.020000000000000e-01,8.400233485845010e-02
7,uni,2.040000000000000e-01,8.576471940218189e-02
7,uni,2.060000000000000e-01,8.745728666348662e-02
7,uni,2.080000000000000e-01,8.908042133725902e-02
7,uni,2.100000000000000e-01,9.063453604844701e-02
7,uni,2.120000000000000e-01,9.212006998396738e-02
7,uni,2.140000000000000e-01,9.353748756846808e-02
7,uni,2.160000000000000e-01,9.488727718347950e-02
7,uni,2.180000000000000e-01,9.616994992942329e-02
7,uni,2.200000000000000e-01,9.738603842986687e-02
7,uni,2.220000000000000e-01,9.853609567737243e-02
7,uni,2.240000000000000e-01,9.962069392021505e-02
7,uni,2.260000000000000e-01,1.006404235892115e-01
7,uni,2.280000000000000e-01,1.015958922638535e-01
7,uni,2.300000000000000e-01,1.024877236769183e-01
7,uni,2.320000000000000e-01,1.033165567566770e-01
7,uni,2.340000000000000e-01,1.040830447058294e-01
7,uni,2.360000000000000e-01,1.047878541162409e-01
7,uni,2.380000000000000e-01,1.054316641185748e-01
7,uni,2.400000000000000e-01,1.060151655658793e-01
7,uni,2.420000000000000e-01,1.065390602501893e-01
7,uni,2.440000000000000e-01,1.070040601512093e-01
7,uni,2.460000000000000e-01,1.074108867161239e-01
7,uni,2.480000000000000e-01,1.077602701695997e-01
7,uni,2.500000000000000e-01,1.080529488530437e-01
7,uni,2.520000000000000e-01,1.082896685921861e-01
7,uni,2.540000000000000e-01,1.084711820920627e-01
7,uni,2.560000000000000e-01,1.085982483584997e-01
7,uni,2.580000000000000e-01,1.086716321451847e-01
7,uni,2.600000000000000e-01,1.086921034254546e-01
7,uni,2.620000000000000e-01,1.086604368879233e-01
7,uni,2.640000000000000e-01,1.085774114550960e-01
7,uni,2.660000000000000e-01,1.084438098241325e-01
7,uni,2.680000000000000e-01,1.082604180289422e-01
7,uni,2.700000000000000e-01,1.080280250228039e-01
7,uni,2.720000000000000e-01,1.077474222807346e-01
7,uni,2.740000000000000e-01,1.074194034208353e-01
7,uni,2.760000000000000e-01,1.070447638438732e-01
7,uni,2.780000000000000e-01,1.066243003903757e-01
7,uni,2.800000000000000e-01,1.061588110145276e-01
7,uni,2.820000000000000e-01,1.056490944741900e-01
7,uni,2.840000000000000e-01,1.050959500363693e-01
7,uni,2.860000000000000e-01,1.045001771974982e-01
7,uni,2.880000000000000e-01,1.038625754178900e-01
7,uni,2.900000000000000e-01,1.031839438697776e-01
7,uni,2.920000000000000e-01,1.024650811983291e-01
7,uni,2.940000000000000e-01,1.017067852950859e-01
7,uni,2.960000000000000e-01,1.009098530832713e-01
7,uni,2.980000000000000e-01,1.000750803144307e-01
7,uni,3.000000000000000e-01,9.920326137590157e-02
7,uni,3.020000000000000e-01,9.829518910860990e-02
7,uni,3.040000000000000e-01,9.735165463471979e-02
7,uni,3.060000000000000e-01,9.637344719467483e-02
7,uni,3.080000000000001e-01,9.536135399318740e-02
7,uni,3.100000000000001e-01,9.431616005374904e-02
7,uni,3.120000000000001e-01,9.323864808125121e-02
7,uni,3.140000000000001e-01,9.212959833232082e-02
7,uni,3.160000000000001e-01,9.098978849298783e-02
7,uni,3.180000000000001e-01,8.981999356332387e-02
7,uni,3.200000000000001e-01,8.862098574869282e-02
7,uni,3.220000000000001e-01,8.739353435728792e-02
7,uni,3.240000000000001e-01,8.613840570361492e-02
7,uni,3.260000000000001e-01,8.485636301762717e-02
7,uni,3.280000000000001e-01,8.354816635920209e-02
7,uni,3.300000000000001e-01,8.221457253767828e-02
7,uni,3.320000000000001e-01,8.085633503617784e-02
7,uni,3.340000000000001e-01,7.947420394045163e-02
7,uni,3.360000000000001e-01,7.806892587199377e-02
7,uni,3.380000000000001e-01,7.664124392518890e-02
7,uni,3.400000000000001e-01,7.519189760825257e-02
7,uni,3.420000000000001e-01,7.372162278775996e-02
7,uni,3.440000000000001e-01,7.223115163652821e-02
7,uni,3.460000000000001e-01,7.072121258467340e-02
7,uni,3.480000000000001e-01,6.919253027363947e-02
7,uni,3.500000000000001e-01,6.764582551300624e-02
7,uni,3.520000000000001e-01,6.608181523991905e-02
7,uni,3.540000000000001e-01,6.450121248095267e-02
7,uni,3.560000000000001e-01,6.290472631626456e-02
7,uni,3.580000000000001e-01,6.129306184587072e-02
7,uni,3.600000000000001e-01,5.966692015791036e-02
7,uni,3.620000000000001e-01,5.802699829874763e-02
7,uni,3.640000000000001e-01,5.637398924479109e-02
7,uni,3.660000000000001e-01,5.470858187588837e-02
7,uni,3.680000000000001e-01,5.303146095019048e-02
7,uni,3.700000000000001e-01,5.134330708036269e-02
7,uni,3.720000000000001e-01,4.964479671102875e-02
7,uni,3.740000000000001e-01,4.793660209735584e-02
7,uni,3.759999999999999e-01,4.621939128467312e-02
7,uni,3.779999999999999e-01,4.449382808903013e-02
7,uni,3.799999999999999e-01,4.276057207860437e-02
7,uni,3.819999999999999e-01,4.102027855588103e-02
7,uni,3.839999999999999e-01,3.927359854051071e-02
7,uni,3.859999999999999e-01,3.752117875278446e-02
7,uni,3.879999999999999e-01,3.576366159763450e-02
7,uni,3.899999999999999e-01,3.400168514911153e-02
7,uni,3.919999999999999e-01,3.223588313525325e-02
7,uni,3.939999999999999e-01,3.046688492330096e-02
7,uni,3.959999999999999e-01,2.869531550518800e-02
7,uni,3.979999999999999e-01,2.692179548325893e-02
7,uni,3.999999999999999e-01,2.514694105615456e-02
7,uni,4.019999999999999e-01,2.337136400482215e-02
7,uni,4.039999999999999e-01,2.159567167859666e-02
7,uni,4.059999999999999e-01,1.982046698131606e-02
7,uni,4.079999999999999e-01,1.804634835741756e-02
7,uni,4.099999999999999e-01,1.627390977798709e-02
7,uni,4.119999999999999e-01,1.450374072671926e-02
7,uni,4.139999999999999e-01,1.273642618573917e-02
7,uni,4.159999999999999e-01,1.097254662128774e-02
7,uni,4.179999999999999e-01,9.212677969198890e-03
7,uni,4.199999999999999e-01,7.457391620159709e-03
7,uni,4.219999999999999e-01,5.707254404732465e-03
7,uni,4.239999999999999e-01,3.962828578092548e-03
7,uni,4.259999999999999e-01,2.224671804474943e-03
7,uni,4.279999999999999e-01,4.933371412960685e-04
7,uni,4.299999999999999e-01,1.230626977061972e-03
7,uni,4.319999999999999e-01,2.946676755837485e-03
7,uni,4.339999999999999e-01,4.654273056846542e-03
7,uni,4.359999999999999e-01,6.352881415847833e-03
7,uni,4.379999999999999e-01,8.041972060316316e-03
7,uni,4.399999999999999e-01,9.721019927648372e-03
7,uni,4.419999999999999e-01,1.138950468381944e-02
7,uni,4.440000000000000e-01,1.304691074247935e-02
7,uni,4.460000000000000e-01,1.469272728453960e-02
7,uni,4.480000000000000e-01,1.632644827822802e-02
7,uni,4.500000000000000e-01,1.794757249963636e-02
7,uni,4.520000000000000e-01,1.955560355376856e-02
7,uni,4.540000000000000e-01,2.115004989609903e-02
7,uni,4.560000000000000e-01,2.273042485465054e-02
7,uni,4.580000000000000e-01,2.429624665258726e-02
7,uni,4.600000000000000e-01,2.584703843135147e-02
7,uni,4.620000000000000e-01,2.738232827432313e-02
7,uni,4.640000000000000e-01,2.890164923103333e-02
7,uni,4.660000000000000e-01,3.040453934191656e-02
7,uni,4.680000000000000e-01,3.189054166361849e-02
7,uni,4.700000000000000e-01,3.335920429485675e-02
7,uni,4.720000000000000e-01,3.481008040283573e-02
7,uni,4.740000000000000e-01,3.624272825023436e-02
7,uni,4.760000000000000e-01,3.765671122273849e-02
7,uni,4.780000000000000e-01,3.905159785715591e-02
7,uni,4.800000000000000e-01,4.042696187008392e-02
7,uni,4.820000000000000e-01,4.178238218715960e-02
7,uni,4.840000000000000e-01,4.311744297286328e-02
7,uni,4.860000000000000e-01,4.443173366089619e-02
7,uni,4.880000000000000e-01,4.572484898514155e-02
7,uni,4.900000000000000e-01,4.699638901116640e-02
7,uni,4.920000000000000e-01,4.824595916832400e-02
7,uni,4.940000000000000e-01,4.947317028240095e-02
7,uni,4.960000000000000e-01,5.067763860884579e-02
7,uni,4.980000000000000e-01,5.185898586655921e-02
7,uni,5.000000000000000e-01,5.301683927224971e-02
7,uni,5.020000000000000e-01,5.415083157535691e-02
7,uni,5.040000000000000e-01,5.526060109353474e-02
7,uni,5.060000000000000e-01,5.634579174869563e-02
7,uni,5.080000000000000e-01,5.740605310362226e-02
7,uni,5.100000000000000e-01,5.844104039911499e-02
7,uni,5.120000000000000e-01,5.945041459172509e-02
7,uni,5.140000000000000e-01,6.043384239201799e-02
7,uni,5.160000000000000e-01,6.139099630339059e-02
7,uni,5.180000000000000e-01,6.232155466144608e-02
7,uni,5.200000000000000e-01,6.322520167390759e-02
7,uni,5.220000000000000e-01,6.410162746107391e-02
7,uni,5.240000000000000e-01,6.495052809682116e-02
7,uni,5.260000000000000e-01,6.577160565013045e-02
7,uni,5.280000000000000e-01,6.656456822716780e-02
7,uni,5.300000000000000e-01,6.732913001388052e-02
7,uni,5.320000000000000e-01,6.806501131912746e-02
7,uni,5.340000000000000e-01,6.877193861833980e-02
7,uni,5.360000000000000e-01,6.944964459769513e-02
7,uni,5.380000000000000e-01,7.009786819881862e-02
7,uni,5.400000000000000e-01,7.071635466400304e-02
7,uni,5.420000000000000e-01,7.130485558192647e-02
7,uni,5.440000000000000e-01,7.186312893390139e-02
7,uni,5.460000000000000e-01,7.239093914061656e-02
7,uni,5.480000000000000e-01,7.288805710938734e-02
7,uni,5.500000000000000e-01,7.335426028190822e-02
7,uni,5.520000000000000e-01,7.378933268249584e-02
7,uni,5.540000000000000e-01,7.419306496683735e-02
7,uni,5.560000000000000e-01,7.456525447121876e-02
7,uni,5.580000000000001e-01,7.490570526224710e-02
7,uni,5.600000000000001e-01,7.521422818705631e-02
7,uni,5.620000000000001e-01,7.549064092399535e-02
7,uni,5.640000000000001e-01,7.573476803378926e-02
7,uni,5.660000000000001e-01,7.594644101118134e-02
7,uni,5.680000000000001e-01,7.612549833704380e-02
7,uni,5.700000000000001e-01,7.627178553095902e-02
7,uni,5.720000000000001e-01,7.638515520425981e-02
7,uni,5.740000000000001e-01,7.646546711354452e-02
7,uni,5.760000000000001e-01,7.651258821463484e-02
7,uni,5.780000000000001e-01,7.652639271700706e-02
7,uni,5.800000000000001e-01,7.650676213865848e-02
7,uni,5.820000000000001e-01,7.645358536144482e-02
7,uni,5.840000000000001e-01,7.636675868683637e-02
7,uni,5.860000000000001e-01,7.624618589214782e-02
7,uni,5.880000000000001e-01,7.609177828718869e-02
7,uni,5.900000000000001e-01,7.590345477135822e-02
7,uni,5.920000000000001e-01,7.568114189117749e-02
7,uni,5.940000000000001e-01,7.542477389824634e-02
7,uni,5.960000000000001e-01,7.513429280763843e-02
7,uni,5.980000000000001e-01,7.480964845672067e-02
7,uni,6.000000000000001e-01,7.445079856438153e-02
7,uni,6.020000000000001e-01,7.405770879071027e-02
7,uni,6.040000000000001e-01,7.363035279706226e-02
7,uni,6.060000000000001e-01,7.316871230655810e-02
7,uni,6.080000000000001e-01,7.267277716499480e-02
7,uni,6.100000000000001e-01,7.214254540215309e-02
7,uni,6.120000000000001e-01,7.157802329353136e-02
7,uni,6.140000000000001e-01,7.097922542246979e-02
7,uni,6.160000000000001e-01,7.034617474268259e-02
7,uni,6.180000000000001e-01,6.967890264118538e-02
7,uni,6.200000000000001e-01,6.897744900163041e-02
7,uni,6.220000000000001e-01,6.824186226801757e-02
7,uni,6.240000000000001e-01,6.747219950882061e-02
7,uni,6.259999999999999e-01,6.666852648148040e-02
7,uni,6.279999999999999e-01,6.583091769730455e-02
7,uni,6.299999999999999e-01,6.495945648673702e-02
7,uni,6.319999999999999e-01,6.405423506502619e-02
7,uni,6.339999999999999e-01,6.311535459825084e-02
7,uni,6.359999999999999e-01,6.214292526975216e-02
7,uni,6.379999999999999e-01,6.113706634691765e-02
7,uni,6.399999999999999e-01,6.009790624835094e-02
7,uni,6.419999999999999e-01,5.902558261141064e-02
7,uni,6.439999999999999e-01,5.792024236012427e-02
7,uni,6.459999999999999e-01,5.678204177345408e-02
7,uni,6.479999999999999e-01,5.561114655394340e-02
7,uni,6.499999999999999e-01,5.440773189672438e-02
7,uni,6.519999999999999e-01,5.317198255887420e-02
7,uni,6.539999999999999e-01,5.190409292915229e-02
7,uni,6.559999999999999e-01,5.060426709807395e-02
7,uni,6.579999999999999e-01,4.927271892834755e-02
7,uni,6.599999999999999e-01,4.790967212567141e-02
7,uni,6.619999999999999e-01,4.651536030987610e-02
7,uni,6.639999999999999e-01,4.509002708641464e-02
7,uni,6.659999999999999e-01,4.363392611820084e-02
7,uni,6.679999999999999e-01,4.214732119780534e-02
7,uni,6.699999999999999e-01,4.063048631998321e-02
7,uni,6.719999999999999e-01,3.908370575454078e-02
7,uni,6.739999999999999e-01,3.750727411956761e-02
7,uni,6.759999999999999e-01,3.590149645497573e-02
7,uni,6.779999999999999e-01,3.426668829640653e-02
7,uni,6.799999999999999e-01,3.260317574944960e-02
7,uni,6.819999999999999e-01,3.091129556421041e-02
7,uni,6.839999999999999e-01,2.919139521021503e-02
7,uni,6.859999999999999e-01,2.744383295162486e-02
7,uni,6.879999999999999e-01,2.566897792280505e-02
7,uni,6.899999999999999e-01,2.386721020420575e-02
7,uni,6.919999999999999e-01,2.203892089858861e-02
7,uni,6.940000000000000e-01,2.018451220754780e-02
7,uni,6.960000000000000e-01,1.830439750839249e-02
7,uni,6.980000000000000e-01,1.639900143132025e-02
7,uni,7.000000000000000e-01,1.446875993693215e-02
7,uni,7.020000000000000e-01,1.251412039406309e-02
7,uni,7.040000000000000e-01,1.053554165792303e-02
7,uni,7.060000000000000e-01,8.533494148566162e-03
7,uni,7.080000000000000e-01,6.508459929672028e-03
7,uni,7.100000000000000e-01,4.460932787634278e-03
7,uni,7.120000000000000e-01,2.391418310978499e-03
7,uni,7.140000000000000e-01,3.004339700845154e-04
7,uni,7.160000000000000e-01,1.811490802789320e-03
7,uni,7.180000000000000e-01,3.943814533152179e-03
7,uni,7.200000000000000e-01,6.095983623635268e-03
7,uni,7.220000000000000e-01,8.267432273035030e-03
7,uni,7.240000000000000e-01,1.045758239503888e-02
7,uni,7.260000000000000e-01,1.266584353665326e-02
7,uni,7.280000000000000e-01,1.489161279634016e-02
7,uni,7.300000000000000e-01,1.713427474181359e-02
7,uni,7.320000000000000e-01,1.939320132758884e-02
7,uni,7.340000000000000e-01,2.166775181216667e-02
7,uni,7.360000000000000e-01,2.395727267497967e-02
7,uni,7.380000000000000e-01,2.626109753298073e-02
7,uni,7.400000000000000e-01,2.857854705698733e-02
7,uni,7.420000000000000e-01,3.090892888768923e-02
7,uni,7.440000000000000e-01,3.325153755137589e-02
7,uni,7.460000000000000e-01,3.560565437536613e-02
7,uni,7.480000000000000e-01,3.797054740314899e-02
7,uni,7.500000000000000e-01,4.034547130921863e-02
7,uni,7.520000000000000e-01,4.272966731362667e-02
7,uni,7.540000000000000e-01,4.512236309624036e-02
7,uni,7.560000000000000e-01,4.752277271070661e-02
7,uni,7.580000000000000e-01,4.993009649813272e-02
7,uni,7.600000000000000e-01,5.234352100046419e-02
7,uni,7.620000000000000e-01,5.476221887359671e-02
7,uni,7.640000000000000e-01,5.718534880017272e-02
7,uni,7.660000000000000e-01,5.961205540211771e-02
7,uni,7.680000000000000e-01,6.204146915286918e-02
7,uni,7.700000000000000e-01,6.447270628933792e-02
7,uni,7.720000000000000e-01,6.690486872356205e-02
7,uni,7.740000000000000e-01,6.933704395411359e-02
7,uni,7.760000000000000e-01,7.176830497717404e-02
7,uni,7.780000000000000e-01,7.419771019737223e-02
7,uni,7.800000000000000e-01,7.662430333830980e-02
7,uni,7.820000000000000e-01,7.904711335282485e-02
7,uni,7.840000000000000e-01,8.146515433296292e-02
7,uni,7.860000000000000e-01,8.387742541967590e-02
7,uni,7.880000000000000e-01,8.628291071223640e-02
7,uni,7.900000000000000e-01,8.868057917737916e-02
7,uni,7.920000000000000e-01,9.106938455816016e-02
7,uni,7.940000000000000e-01,9.344826528253926e-02
7,uni,7.960000000000000e-01,9.581614437168770e-02
7,uni,7.980000000000000e-01,9.817192934802657e-02
7,uni,8.000000000000000e-01,1.005145121429697e-01
7,uni,8.020000000000000e-01,1.028427690044185e-01
7,uni,8.040000000000000e-01,1.051555604039571e-01
7,uni,8.060000000000000e-01,1.074517309438031e-01
7,uni,8.080000000000001e-01,1.097301092634419e-01
7,uni,8.100000000000001e-01,1.119895079460456e-01
7,uni,8.120000000000001e-01,1.142287234245648e-01
7,uni,8.140000000000001e-01,1.164465358875874e-01
7,uni,8.160000000000001e-01,1.186417091848952e-01
7,uni,8.180000000000001e-01,1.208129907328004e-01
7,uni,8.200000000000001e-01,1.229591114191490e-01
7,uni,8.220000000000001e-01,1.250787855080861e-01
7,uni,8.240000000000001e-01,1.271707105445723e-01
7,uni,8.260000000000001e-01,1.292335672585951e-01
7,uni,8.280000000000001e-01,1.312660194691298e-01
7,uni,8.300000000000001e-01,1.332667139878367e-01
7,uni,8.320000000000001e-01,1.352342805224696e-01
7,uni,8.340000000000001e-01,1.371673315800550e-01
7,uni,8.360000000000001e-01,1.390644623697733e-01
7,uni,8.380000000000001e-01,1.409242507055780e-01
7,uni,8.400000000000001e-01,1.427452569085738e-01
7,uni,8.420000000000001e-01,1.445260237090906e-01
7,uni,8.440000000000001e-01,1.462650761485281e-01
7,uni,8.460000000000001e-01,1.479609214809289e-01
7,uni,8.480000000000001e-01,1.496120490742595e-01
7,uni,8.500000000000001e-01,1.512169303114695e-01
7,uni,8.520000000000001e-01,1.527740184912716e-01
7,uni,8.540000000000001e-01,1.542817487286342e-01
7,uni,8.560000000000001e-01,1.557385378550538e-01
7,uni,8.580000000000001e-01,1.571427843185435e-01
7,uni,8.600000000000001e-01,1.584928680833396e-01
7,uni,8.620000000000001e-01,1.597871505294096e-01
7,uni,8.640000000000001e-01,1.610239743516178e-01
7,uni,8.660000000000001e-01,1.622016634587143e-01
7,uni,8.680000000000001e-01,1.633185228719667e-01
7,uni,8.700000000000001e-01,1.643728386236481e-01
7,uni,8.720000000000001e-01,1.653628776551614e-01
7,uni,8.740000000000001e-01,1.662868877149653e-01
7,uni,8.759999999999999e-01,1.671430972562137e-01
7,uni,8.779999999999999e-01,1.679297153341664e-01
7,uni,8.799999999999999e-01,1.686449315033028e-01
7,uni,8.819999999999999e-01,1.692869157141925e-01
7,uni,8.839999999999999e-01,1.698538182101440e-01
7,uni,8.859999999999999e-01,1.703437694235197e-01
7,uni,8.879999999999999e-01,1.707548798718899e-01
7,uni,8.899999999999999e-01,1.710852400538277e-01
7,uni,8.919999999999999e-01,1.713329203445432e-01
7,uni,8.939999999999999e-01,1.714959708911837e-01
7,uni,8.959999999999999e-01,1.715724215079359e-01
7,uni,8.979999999999999e-01,1.715602815708346e-01
7,uni,8.999999999999999e-01,1.714575399123263e-01
7,uni,9.019999999999999e-01,1.712621647155887e-01
7,uni,9.039999999999999e-01,1.709721034086019e-01
7,uni,9.059999999999999e-01,1.705852825579058e-01
7,uni,9.079999999999999e-01,1.700996077621930e-01
7,uni,9.099999999999999e-01,1.695129635455834e-01
7,uni,9.119999999999999e-01,1.688232132506603e-01
7,uni,9.139999999999999e-01,1.680281989312637e-01
7,uni,9.159999999999999e-01,1.671257412450233e-01
7,uni,9.179999999999999e-01,1.661136393456182e-01
7,uni,9.199999999999999e-01,1.649896707748351e-01
7,uni,9.219999999999999e-01,1.637515913543141e-01
7,uni,9.239999999999999e-01,1.623971350770892e-01
7,uni,9.259999999999999e-01,1.609240139988301e-01
7,uni,9.279999999999999e-01,1.593299181288899e-01
7,uni,9.299999999999999e-01,1.576125153210408e-01
7,uni,9.319999999999999e-01,1.557694511640036e-01
7,uni,9.339999999999999e-01,1.537983488716971e-01
7,uni,9.359999999999999e-01,1.516968091732671e-01
7,uni,9.379999999999999e-01,1.494624102028120e-01
7,uni,9.399999999999999e-01,1.470927073889125e-01
7,uni,9.419999999999999e-01,1.445852333438808e-01
7,uni,9.440000000000000e-01,1.419374977527760e-01
7,uni,9.460000000000000e-01,1.391469872621318e-01
7,uni,9.480000000000000e-01,1.362111653684862e-01
7,uni,9.500000000000000e-01,1.331274723066278e-01
7,uni,9.520000000000000e-01,1.298933249376009e-01
7,uni,9.540000000000000e-01,1.265061166364433e-01
7,uni,9.560000000000000e-01,1.229632171797338e-01
7,uni,9.580000000000000e-01,1.192619726327866e-01
7,uni,9.600000000000000e-01,1.153997052367132e-01
7,uni,9.620000000000000e-01,1.113737132951388e-01
7,uni,9.640000000000000e-01,1.071812710607396e-01
7,uni,9.660000000000000e-01,1.028196286214724e-01
7,uni,9.680000000000000e-01,9.828601178662370e-02
7,uni,9.700000000000000e-01,9.357762197251035e-02
7,uni,9.720000000000000e-01,8.869163608806827e-02
7,uni,9.740000000000000e-01,8.362520642004720e-02
7,uni,9.760000000000000e-01,7.837546051808886e-02
7,uni,9.780000000000000e-01,7.293950107942493e-02
7,uni,9.800000000000000e-01,6.731440583348092e-02
7,uni,9.820000000000000e-01,6.149722742605937e-02
7,uni,9.840000000000000e-01,5.548499330345858e-02
7,uni,9.860000000000000e-01,4.927470559616322e-02
7,uni,9.880000000000000e-01,4.286334100243010e-02
7,uni,9.900000000000000e-01,3.624785067156030e-02
7,uni,9.920000000000000e-01,2.942516008692533e-02
7,uni,9.940000000000000e-01,2.239216894875014e-02
7,uni,9.960000000000000e-01,1.514575105668781e-02
7,uni,9.980000000000000e-01,7.682754192069770e-03
7,uni,1.000000000000000e+00,1.554312234475219e-15
7,cheba,-1.000000000000000e+00,1.506693402270219e-02
7,cheba,-9.980000000000000e-01,1.322937498652042e-02
7,cheba,-9.960000000000000e-01,1.145718278259524e-02
7,cheba,-9.940000000000000e-01,9.749238830771723e-03
7,cheba,-9.920000000000000e-01,8.104434499729217e-03
7,cheba,-9.900000000000000e-01,6.521671061685046e-03
7,cheba,-9.880000000000000e-01,4.999859647147727e-03
7,cheba,-9.860000000000000e-01,3.537921199789178e-03
7,cheba,-9.840000000000000e-01,2.134786431431238e-03
7,cheba,-9.820000000000000e-01,7.893957771158075e-04
7,cheba,-9.800000000000000e-01,4.993006497218122e-04
7,cheba,-9.780000000000000e-01,1.732343101972331e-03
7,cheba,-9.760000000000000e-01,2.910762243479401e-03
7,cheba,-9.740000000000000e-01,4.035579193542756e-03
7,cheba,-9.720000000000000e-01,5.107805571360383e-03
7,cheba,-9.700000000000000e-01,6.128443540321125e-03
7,cheba,-9.680000000000000e-01,7.098485852229990e-03
7,cheba,-9.660000000000000e-01,8.018915891425664e-03
7,cheba,-9.640000000000000e-01,8.890707718779298e-03
7,cheba,-9.620000000000000e-01,9.714826115598645e-03
7,cheba,-9.600000000000000e-01,1.049222662745734e-02
7,cheba,-9.580000000000000e-01,1.122385560786922e-02
7,cheba,-9.560000000000000e-01,1.191065026190175e-02
7,cheba,-9.540000000000000e-01,1.255353868967865e-02
7,cheba,-9.520000000000000e-01,1.315343992975791e-02
7,cheba,-9.500000000000000e-01,1.371126400243326e-02
7,cheba,-9.480000000000000e-01,1.422791195291951e-02
7,cheba,-9.460000000000000e-01,1.470427589443186e-02
7,cheba,-9.440000000000000e-01,1.514123905118241e-02
7,cheba,-9.419999999999999e-01,1.553967580122334e-02
7,cheba,-9.399999999999999e-01,1.590045171925746e-02
7,cheba,-9.379999999999999e-01,1.622442361927990e-02
7,cheba,-9.359999999999999e-01,1.651243959715074e-02
7,cheba,-9.339999999999999e-01,1.676533907305402e-02
7,cheba,-9.319999999999999e-01,1.698395283384921e-02
7,cheba,-9.299999999999999e-01,1.716910307533210e-02
7,cheba,-9.280000000000000e-01,1.732160344435676e-02
7,cheba,-9.260000000000000e-01,1.744225908089643e-02
7,cheba,-9.240000000000000e-01,1.753186665996868e-02
7,cheba,-9.220000000000000e-01,1.759121443346014e-02
7,cheba,-9.200000000000000e-01,1.762108227185591e-02
7,cheba,-9.180000000000000e-01,1.762224170585069e-02
7,cheba,-9.160000000000000e-01,1.759545596786092e-02
7,cheba,-9.140000000000000e-01,1.754148003342392e-02
7,cheba,-9.120000000000000e-01,1.746106066250989e-02
7,cheba,-9.100000000000000e-01,1.735493644068492e-02
7,cheba,-9.080000000000000e-01,1.722383782022013e-02
7,cheba,-9.060000000000000e-01,1.706848716105457e-02
7,cheba,-9.040000000000000e-01,1.688959877166398e-02
7,cheba,-9.020000000000000e-01,1.668787894982553e-02
7,cheba,-9.000000000000000e-01,1.646402602326452e-02
7,cheba,-8.980000000000000e-01,1.621873039020346e-02
7,cheba,-8.960000000000000e-01,1.595267455979509e-02
7,cheba,-8.940000000000000e-01,1.566653319245141e-02
7,cheba,-8.920000000000000e-01,1.536097314005917e-02
7,cheba,-8.900000000000000e-01,1.503665348609389e-02
7,cheba,-8.880000000000000e-01,1.469422558560551e-02
7,cheba,-8.860000000000000e-01,1.433433310513552e-02
7,cheba,-8.840000000000000e-01,1.395761206246380e-02
7,cheba,-8.820000000000000e-01,1.356469086630140e-02
7,cheba,-8.800000000000000e-01,1.315619035584426e-02
7,cheba,-8.780000000000000e-01,1.273272384021550e-02
7,cheba,-8.760000000000000e-01,1.229489713781137e-02
7,cheba,-8.740000000000000e-01,1.184330861551768e-02
7,cheba,-8.720000000000000e-01,1.137854922783401e-02
7,cheba,-8.700000000000000e-01,1.090120255587027e-02
7,cheba,-8.680000000000000e-01,1.041184484624096e-02
7,cheba,-8.660000000000000e-01,9.911045049834505e-03
7,cheba,-8.640000000000000e-01,9.399364860488167e-03
7,cheba,-8.620000000000000e-01,8.877358753535736e-03
7,cheba,-8.600000000000000e-01,8.345574024246294e-03
7,cheba,-8.580000000000000e-01,7.804550826144376e-03
7,cheba,-8.560000000000000e-01,7.254822209228053e-03
7,cheba,-8.540000000000000e-01,6.696914158061361e-03
7,cheba,-8.520000000000000e-01,6.131345629754870e-03
7,cheba,-8.500000000000000e-01,5.558628591830123e-03
7,cheba,-8.480000000000000e-01,4.979268059974611e-03
7,cheba,-8.460000000000000e-01,4.393762135672573e-03
7,cheba,-8.440000000000000e-01,3.802602043728877e-03
7,cheba,-8.420000000000000e-01,3.206272169662468e-03
7,cheba,-8.400000000000000e-01,2.605250096999710e-03
7,cheba,-8.380000000000000e-01,2.000006644439223e-03
7,cheba,-8.360000000000000e-01,1.391005902897584e-03
7,cheba,-8.340000000000000e-01,7.787052724499977e-04
7,cheba,-8.320000000000000e-01,1.635554991324464e-04
7,cheba,-8.300000000000000e-01,4.539992883518945e-04
7,cheba,-8.280000000000001e-01,1.073521542067413e-03
7,cheba,-8.260000000000001e-01,1.694580258384586e-03
7,cheba,-8.240000000000001e-01,2.316750941647135e-03
7,cheba,-8.220000000000001e-01,2.939615567960345e-03
7,cheba,-8.200000000000001e-01,3.562762549094080e-03
7,cheba,-8.180000000000001e-01,4.185786696507592e-03
7,cheba,-8.160000000000001e-01,4.808289185510954e-03
7,cheba,-8.140000000000001e-01,5.429877519525464e-03
7,cheba,-8.120000000000001e-01,6.050165494488009e-03
7,cheba,-8.100000000000001e-01,6.668773163363749e-03
7,cheba,-8.080000000000001e-01,7.285326800792045e-03
7,cheba,-8.060000000000000e-01,7.899458867856979e-03
7,cheba,-8.040000000000000e-01,8.510807976969993e-03
7,cheba,-8.020000000000000e-01,9.119018856900737e-03
7,cheba,-8.000000000000000e-01,9.723742317909505e-03
7,cheba,-7.980000000000000e-01,1.032463521702059e-02
7,cheba,-7.960000000000000e-01,1.092136042342676e-02
7,cheba,-7.940000000000000e-01,1.151358678399823e-02
7,cheba,-7.920000000000000e-01,1.210098908895293e-02
7,cheba,-7.900000000000000e-01,1.268324803762976e-02
7,cheba,-7.880000000000000e-01,1.326005020439517e-02
7,cheba,-7.860000000000000e-01,1.383108800469536e-02
7,cheba,-7.840000000000000e-01,1.439605966121994e-02
7,cheba,-7.820000000000000e-01,1.495466917020272e-02
7,cheba,-7.800000000000000e-01,1.550662626786391e-02
7,cheba,-7.780000000000000e-01,1.605164639697148e-02
7,cheba,-7.760000000000000e-01,1.658945067353898e-02
7,cheba,-7.740000000000000e-01,1.711976585366722e-02
7,cheba,-7.720000000000000e-01,1.764232430050106e-02
7,cheba,-7.700000000000000e-01,1.815686395134140e-02
7,cheba,-7.680000000000000e-01,1.866312828488002e-02
7,cheba,-7.660000000000000e-01,1.916086628857233e-02
7,cheba,-7.640000000000000e-01,1.964983242615645e-02
7,cheba,-7.620000000000000e-01,2.012978660529159e-02
7,cheba,-7.600000000000000e-01,2.060049414536071e-02
7,cheba,-7.580000000000000e-01,2.106172574538705e-02
7,cheba,-7.560000000000000e-01,2.151325745210663e-02
7,cheba,-7.540000000000000e-01,2.195487062817920e-02
7,cheba,-7.520000000000000e-01,2.238635192053390e-02
7,cheba,-7.500000000000000e-01,2.280749322886581e-02
7,cheba,-7.480000000000000e-01,2.321809167427259e-02
7,cheba,-7.460000000000000e-01,2.361794956803114e-02
7,cheba,-7.440000000000000e-01,2.400687438053048e-02
7,cheba,-7.420000000000000e-01,2.438467871033233e-02
7,cheba,-7.400000000000000e-01,2.475118025340001e-02
7,cheba,-7.380000000000000e-01,2.510620177245800e-02
7,cheba,-7.360000000000000e-01,2.544957106650556e-02
7,cheba,-7.340000000000000e-01,2.578112094048515e-02
7,cheba,-7.320000000000000e-01,2.610068917509029e-02
7,cheba,-7.300000000000000e-01,2.640811849673586e-02
7,cheba,-7.280000000000000e-01,2.670325654767507e-02
7,cheba,-7.260000000000000e-01,2.698595585626533e-02
7,cheba,-7.240000000000000e-01,2.725607380740006e-02
7,cheba,-7.220000000000000e-01,2.751347261308230e-02
7,cheba,-7.200000000000000e-01,2.775801928316918e-02
7,cheba,-7.180000000000000e-01,2.798958559625835e-02
7,cheba,-7.160000000000000e-01,2.820804807074609e-02
7,cheba,-7.140000000000000e-01,2.841328793603783e-02
7,cheba,-7.120000000000000e-01,2.860519110391570e-02
7,cheba,-7.100000000000000e-01,2.878364814008426e-02
7,cheba,-7.080000000000000e-01,2.894855423585452e-02
7,cheba,-7.060000000000000e-01,2.909980918001544e-02
7,cheba,-7.040000000000000e-01,2.923731733085849e-02
7,cheba,-7.020000000000000e-01,2.936098758836384e-02
7,cheba,-7.000000000000000e-01,2.947073336657481e-02
7,cheba,-6.980000000000000e-01,2.956647256611024e-02
7,cheba,-6.960000000000000e-01,2.964812754688282e-02
7,cheba,-6.940000000000000e-01,2.971562510095627e-02
7,cheba,-6.919999999999999e-01,2.976889642559469e-02
7,cheba,-6.899999999999999e-01,2.980787709648345e-02
7,cheba,-6.879999999999999e-01,2.983250704111949e-02
7,cheba,-6.859999999999999e-01,2.984273051238211e-02
7,cheba,-6.839999999999999e-01,2.983849606228561e-02
7,cheba,-6.819999999999999e-01,2.981975651589944e-02
7,cheba,-6.799999999999999e-01,2.978646894546967e-02
7,cheba,-6.779999999999999e-01,2.973859464470177e-02
7,cheba,-6.759999999999999e-01,2.967609910323962e-02
7,cheba,-6.739999999999999e-01,2.959895198132804e-02
7,cheba,-6.719999999999999e-01,2.950712708466197e-02
7,cheba,-6.699999999999999e-01,2.940060233942261e-02
7,cheba,-6.679999999999999e-01,2.927935976750451e-02
7,cheba,-6.659999999999999e-01,2.914338546194012e-02
7,cheba,-6.639999999999999e-01,2.899266956250730e-02
7,cheba,-6.619999999999999e-01,2.882720623153796e-02
7,cheba,-6.599999999999999e-01,2.864699362992997e-02
7,cheba,-6.579999999999999e-01,2.845203389334046e-02
7,cheba,-6.560000000000000e-01,2.824233310860189e-02
7,cheba,-6.540000000000000e-01,2.801790129031526e-02
7,cheba,-6.520000000000000e-01,2.777875235767293e-02
7,cheba,-6.500000000000000e-01,2.752490411146422e-02
7,cheba,-6.480000000000000e-01,2.725637821130701e-02
7,cheba,-6.460000000000000e-01,2.697320015307400e-02
7,cheba,-6.440000000000000e-01,2.667539924653943e-02
7,cheba,-6.420000000000000e-01,2.636300859324009e-02
7,cheba,-6.400000000000000e-01,2.603606506454108e-02
7,cheba,-6.380000000000000e-01,2.569460927993646e-02
7,cheba,-6.360000000000000e-01,2.533868558554571e-02
7,cheba,-6.340000000000000e-01,2.496834203285817e-02
7,cheba,-6.320000000000000e-01,2.458363035767784e-02
7,cheba,-6.300000000000000e-01,2.418460595930595e-02
7,cheba,-6.280000000000000e-01,2.377132787995220e-02
7,cheba,-6.260000000000000e-01,2.334385878436922e-02
7,cheba,-6.240000000000000e-01,2.290226493972557e-02
7,cheba,-6.220000000000000e-01,2.244661619570604e-02
7,cheba,-6.200000000000000e-01,2.197698596485591e-02
7,cheba,-6.180000000000000e-01,2.149345120316110e-02
7,cheba,-6.160000000000000e-01,2.099609239087011e-02
7,cheba,-6.140000000000000e-01,2.048499351355888e-02
7,cheba,-6.120000000000000e-01,1.996024204344055e-02
7,cheba,-6.100000000000000e-01,1.942192892092717e-02
7,cheba,-6.080000000000000e-01,1.887014853644411e-02
7,cheba,-6.060000000000000e-01,1.830499871248742e-02
7,cheba,-6.040000000000000e-01,1.772658068595330e-02
7,cheba,-6.020000000000000e-01,1.713499909071055e-02
7,cheba,-6.000000000000000e-01,1.653036194044452e-02
7,cheba,-5.980000000000000e-01,1.591278061176375e-02
7,cheba,-5.960000000000000e-01,1.528236982756834e-02
7,cheba,-5.940000000000000e-01,1.463924764068883e-02
7,cheba,-5.920000000000001e-01,1.398353541780650e-02
7,cheba,-5.900000000000001e-01,1.331535782363247e-02
7,cheba,-5.880000000000001e-01,1.263484280537355e-02
7,cheba,-5.860000000000001e-01,1.194212157748352e-02
7,cheba,-5.840000000000001e-01,1.123732860668765e-02
7,cheba,-5.820000000000001e-01,1.052060159729391e-02
7,cheba,-5.800000000000001e-01,9.792081476802272e-03
7,cheba,-5.780000000000001e-01,9.051912381794980e-03
7,cheba,-5.760000000000001e-01,8.300241644132789e-03
7,cheba,-5.740000000000001e-01,7.537219777434698e-03
7,cheba,-5.720000000000001e-01,6.763000463874402e-03
7,cheba,-5.700000000000001e-01,5.977740541271273e-03
7,cheba,-5.680000000000001e-01,5.181599990484245e-03
7,cheba,-5.660000000000001e-01,4.374741923131115e-03
7,cheba,-5.640000000000001e-01,3.557332569603597e-03
7,cheba,-5.620000000000001e-01,2.729541267409111e-03
7,cheba,-5.600000000000001e-01,1.891540449832627e-03
7,cheba,-5.580000000000001e-01,1.043505634910999e-03
7,cheba,-5.560000000000000e-01,1.856154147429762e-04
7,cheba,-5.540000000000000e-01,6.819485548709425e-04
7,cheba,-5.520000000000000e-01,1.559001564467963e-03
7,cheba,-5.500000000000000e-01,2.445355860616977e-03
7,cheba,-5.480000000000000e-01,3.340820655273163e-03
7,cheba,-5.460000000000000e-01,4.245202134801354e-03
7,cheba,-5.440000000000000e-01,5.158303468643391e-03
7,cheba,-5.420000000000000e-01,6.079924817640095e-03
7,cheba,-5.400000000000000e-01,7.009863342010397e-03
7,cheba,-5.380000000000000e-01,7.947913208960156e-03
7,cheba,-5.360000000000000e-01,8.893865599945830e-03
7,cheba,-5.340000000000000e-01,9.847508717575060e-03
7,cheba,-5.320000000000000e-01,1.080862779213407e-02
7,cheba,-5.300000000000000e-01,1.177700508776310e-02
7,cheba,-5.280000000000000e-01,1.275241990824358e-02
7,cheba,-5.260000000000000e-01,1.373464860242868e-02
7,cheba,-5.240000000000000e-01,1.472346456928406e-02
7,cheba,-5.220000000000000e-01,1.571863826255407e-02
7,cheba,-5.200000000000000e-01,1.671993719505024e-02
7,cheba,-5.180000000000000e-01,1.772712594253831e-02
7,cheba,-5.160000000000000e-01,1.873996614725906e-02
7,cheba,-5.140000000000000e-01,1.975821652103441e-02
7,cheba,-5.120000000000000e-01,2.078163284799975e-02
7,cheba,-5.100000000000000e-01,2.180996798692178e-02
7,cheba,-5.080000000000000e-01,2.284297187313106e-02
7,cheba,-5.060000000000000e-01,2.388039152004115e-02
7,cheba,-5.040000000000000e-01,2.492197102027102e-02
7,cheba,-5.020000000000000e-01,2.596745154635541e-02
7,cheba,-5.000000000000000e-01,2.701657135105040e-02
7,cheba,-4.980000000000000e-01,2.806906576722148e-02
7,cheba,-4.960000000000000e-01,2.912466720732498e-02
7,cheba,-4.940000000000000e-01,3.018310516247047e-02
7,cheba,-4.920000000000000e-01,3.124410620106574e-02
7,cheba,-4.900000000000000e-01,3.230739396704629e-02
7,cheba,-4.880000000000000e-01,3.337268917768252e-02
7,cheba,-4.860000000000000e-01,3.443970962096671e-02
7,cheba,-4.840000000000000e-01,3.550817015257945e-02
7,cheba,-4.820000000000000e-01,3.657778269242828e-02
7,cheba,-4.800000000000000e-01,3.764825622077467e-02
7,cheba,-4.780000000000000e-01,3.871929677391892e-02
7,cheba,-4.760000000000000e-01,3.979060743948495e-02
7,cheba,-4.740000000000000e-01,4.086188835125631e-02
7,cheba,-4.720000000000000e-01,4.193283668361536e-02
7,cheba,-4.700000000000000e-01,4.300314664553634e-02
7,cheba,-4.680000000000000e-01,4.407250947417865e-02
7,cheba,-4.660000000000000e-01,4.514061342804510e-02
7,cheba,-4.640000000000000e-01,4.620714377973481e-02
7,cheba,-4.620000000000000e-01,4.727178280827324e-02
7,cheba,-4.600000000000000e-01,4.833420979103303e-02
7,cheba,-4.580000000000000e-01,4.939410099525149e-02
7,cheba,-4.560000000000000e-01,5.045112966913154e-02
7,cheba,-4.540000000000000e-01,5.150496603255225e-02
7,cheba,-4.520000000000000e-01,5.255527726738043e-02
7,cheba,-4.500000000000000e-01,5.360172750738931e-02
7,cheba,-4.480000000000000e-01,5.464397782779182e-02
7,cheba,-4.460000000000000e-01,5.568168623440237e-02
7,cheba,-4.440000000000000e-01,5.671450765241931e-02
7,cheba,-4.419999999999999e-01,5.774209391485091e-02
7,cheba,-4.399999999999999e-01,5.876409375057920e-02
7,cheba,-4.379999999999999e-01,5.978015277209059e-02
7,cheba,-4.360000000000001e-01,6.078991346286014e-02
7,cheba,-4.340000000000001e-01,6.179301516441887e-02
7,cheba,-4.320000000000001e-01,6.278909406310806e-02
7,cheba,-4.300000000000000e-01,6.377778317653715e-02
7,cheba,-4.280000000000000e-01,6.475871233975397e-02
7,cheba,-4.260000000000000e-01,6.573150819114779e-02
7,cheba,-4.240000000000000e-01,6.669579415810115e-02
7,cheba,-4.220000000000000e-01,6.765119044240467e-02
7,cheba,-4.200000000000000e-01,6.859731400545438e-02
7,cheba,-4.180000000000000e-01,6.953377855325715e-02
7,cheba,-4.160000000000000e-01,7.046019452125685e-02
7,cheba,-4.140000000000000e-01,7.137616905900779e-02
7,cheba,-4.120000000000000e-01,7.228130601472726e-02
7,cheba,-4.100000000000000e-01,7.317520591973894e-02
7,cheba,-4.080000000000000e-01,7.405746597284640e-02
7,cheba,-4.060000000000000e-01,7.492768002466385e-02
7,cheba,-4.040000000000000e-01,7.578543856192854e-02
7,cheba,-4.020000000000000e-01,7.663032869184219e-02
7,cheba,-4.000000000000000e-01,7.746193412645824e-02
7,cheba,-3.980000000000000e-01,7.827983516717241e-02
7,cheba,-3.960000000000000e-01,7.908360868933978e-02
7,cheba,-3.940000000000000e-01,7.987282812706953e-02
7,cheba,-3.920000000000000e-01,8.064706345824110e-02
7,cheba,-3.900000000000000e-01,8.140588118978492e-02
7,cheba,-3.880000000000000e-01,8.214884434328312e-02
7,cheba,-3.860000000000000e-01,8.287551244093913e-02
7,cheba,-3.840000000000000e-01,8.358544149197109e-02
7,cheba,-3.820000000000000e-01,8.427818397949607e-02
7,cheba,-3.800000000000000e-01,8.495328884795339e-02
7,cheba,-3.780000000000000e-01,8.561030149114590e-02
7,cheba,-3.760000000000000e-01,8.624876374096138e-02
7,cheba,-3.740000000000000e-01,8.686821385684909e-02
7,cheba,-3.720000000000000e-01,8.746818651612381e-02
7,cheba,-3.700000000000000e-01,8.804821280519076e-02
7,cheba,-3.680000000000000e-01,8.860782021175584e-02
7,cheba,-3.660000000000000e-01,8.914653261813538e-02
7,cheba,-3.640000000000000e-01,8.966387029573528e-02
7,cheba,-3.620000000000000e-01,9.015934990082222e-02
7,cheba,-3.600000000000000e-01,9.063248447166847e-02
7,cheba,-3.580000000000000e-01,9.108278342719681e-02
7,cheba,-3.560000000000000e-01,9.150975256723390e-02
7,cheba,-3.540000000000000e-01,9.191289407449113e-02
7,cheba,-3.520000000000000e-01,9.229170651840216e-02
7,cheba,-3.500000000000000e-01,9.264568486095304e-02
7,cheba,-3.480000000000000e-01,9.297432046463583e-02
7,cheba,-3.460000000000000e-01,9.327710110268111e-02
7,cheba,-3.440000000000000e-01,9.355351097171621e-02
7,cheba,-3.420000000000000e-01,9.380303070701534e-02
7,cheba,-3.400000000000000e-01,9.402513740050322e-02
7,cheba,-3.380000000000000e-01,9.421930462169686e-02
7,cheba,-3.360000000000000e-01,9.438500244175907e-02
7,cheba,-3.340000000000000e-01,9.452169746086792e-02
7,cheba,-3.320000000000000e-01,9.462885283909889e-02
7,cheba,-3.300000000000000e-01,9.470592833102637e-02
7,cheba,-3.280000000000000e-01,9.475238032427646e-02
7,cheba,-3.260000000000000e-01,9.476766188225000e-02
7,cheba,-3.240000000000000e-01,9.475122279126591e-02
7,cheba,-3.220000000000000e-01,9.470250961237242e-02
7,cheba,-3.200000000000000e-01,9.462096573808576e-02
7,cheba,-3.179999999999999e-01,9.450603145434150e-02
7,cheba,-3.159999999999999e-01,9.435714400793022e-02
7,cheba,-3.139999999999999e-01,9.417373767972836e-02
7,cheba,-3.120000000000001e-01,9.395524386402726e-02
7,cheba,-3.100000000000001e-01,9.370109115428871e-02
7,cheba,-3.080000000000001e-01,9.341070543566343e-02
7,cheba,-3.060000000000000e-01,9.308350998462078e-02
7,cheba,-3.040000000000000e-01,9.271892557606343e-02
7,cheba,-3.020000000000000e-01,9.231637059829778e-02
7,cheba,-3.000000000000000e-01,9.187526117626132e-02
7,cheba,-2.980000000000000e-01,9.139501130341937e-02
7,cheba,-2.960000000000000e-01,9.087503298275290e-02
7,cheba,-2.940000000000000e-01,9.031473637728765e-02
7,cheba,-2.920000000000000e-01,8.971352997061710e-02
7,cheba,-2.900000000000000e-01,8.907082073790457e-02
7,cheba,-2.880000000000000e-01,8.838601432785337e-02
7,cheba,-2.860000000000000e-01,8.765851525616225e-02
7,cheba,-2.840000000000000e-01,8.688772711099330e-02
7,cheba,-2.820000000000000e-01,8.607305277100480e-02
7,cheba,-2.800000000000000e-01,8.521389463651674e-02
7,cheba,-2.780000000000000e-01,8.430965487439640e-02
7,cheba,-2.760000000000000e-01,8.335973567726868e-02
7,cheba,-2.740000000000000e-01,8.236353953768488e-02
7,cheba,-2.720000000000000e-01,8.132046953788297e-02
7,cheba,-2.700000000000000e-01,8.022992965582260e-02
7,cheba,-2.680000000000000e-01,7.909132508816263e-02
7,cheba,-2.660000000000000e-01,7.790406259090044e-02
7,cheba,-2.640000000000000e-01,7.666755083838972e-02
7,cheba,-2.620000000000000e-01,7.538120080148858e-02
7,cheba,-2.600000000000000e-01,7.404442614559376e-02
7,cheba,-2.580000000000000e-01,7.265664364935082e-02
7,cheba,-2.560000000000000e-01,7.121727364484221e-02
7,cheba,-2.540000000000000e-01,6.972574048006802e-02
7,cheba,-2.520000000000000e-01,6.818147300455862e-02
7,cheba,-2.500000000000000e-01,6.658390507897977e-02
7,cheba,-2.480000000000000e-01,6.493247610958902e-02
7,cheba,-2.460000000000000e-01,6.322663160843728e-02
7,cheba,-2.440000000000000e-01,6.146582378020782e-02
7,cheba,-2.420000000000000e-01,5.964951213660641e-02
7,cheba,-2.400000000000000e-01,5.777716413922274e-02
7,cheba,-2.380000000000000e-01,5.584825587179038e-02
7,cheba,-2.360000000000000e-01,5.386227274278632e-02
7,cheba,-2.340000000000000e-01,5.181871021930501e-02
7,cheba,-2.320000000000000e-01,4.971707459315788e-02
7,cheba,-2.300000000000000e-01,4.755688378013312e-02
7,cheba,-2.280000000000000e-01,4.533766815335921e-02
7,cheba,-2.260000000000000e-01,4.305897141170495e-02
7,cheba,-2.240000000000000e-01,4.072035148413361e-02
7,cheba,-2.220000000000000e-01,3.832138147092295e-02
7,cheba,-2.200000000000000e-01,3.586165062263513e-02
7,cheba,-2.180000000000000e-01,3.334076535770575e-02
7,cheba,-2.160000000000000e-01,3.075835031948498e-02
7,cheba,-2.140000000000000e-01,2.811404947353324e-02
7,cheba,-2.120000000000000e-01,2.540752724593781e-02
7,cheba,-2.100000000000000e-01,2.263846970336231e-02
7,cheba,-2.080000000000000e-01,1.980658577549221e-02
7,cheba,-2.060000000000000e-01,1.691160852048434e-02
7,cheba,-2.040000000000000e-01,1.395329643394838e-02
7,cheba,-2.020000000000000e-01,1.093143480192349e-02
7,cheba,-2.000000000000000e-01,7.845837098218844e-03
7,cheba,-1.980000000000000e-01,4.696346426400821e-03
7,cheba,-1.960000000000000e-01,1.482837006596460e-03
7,cheba,-1.940000000000000e-01,1.794784292827090e-03
7,cheba,-1.919999999999999e-01,5.136576378774182e-03
7,cheba,-1.899999999999999e-01,8.542562312329971e-03
7,cheba,-1.879999999999999e-01,1.201272764342320e-02
7,cheba,-1.860000000000001e-01,1.554701870175967e-02
7,cheba,-1.840000000000001e-01,1.914534084472153e-02
7,cheba,-1.820000000000001e-01,2.280755666311785e-02
7,cheba,-1.800000000000000e-01,2.653348414587098e-02
7,cheba,-1.780000000000000e-01,3.032289480495254e-02
7,cheba,-1.760000000000000e-01,3.417551176210198e-02
7,cheba,-1.740000000000000e-01,3.809100779912988e-02
7,cheba,-1.720000000000000e-01,4.206900337385056e-02
7,cheba,-1.700000000000000e-01,4.610906460399833e-02
7,cheba,-1.680000000000000e-01,5.021070122174820e-02
7,cheba,-1.660000000000000e-01,5.437336450181085e-02
7,cheba,-1.640000000000000e-01,5.859644516637541e-02
7,cheba,-1.620000000000000e-01,6.287927127053639e-02
7,cheba,-1.600000000000000e-01,6.722110607220655e-02
7,cheba,-1.580000000000000e-01,7.162114589088764e-02
7,cheba,-1.560000000000000e-01,7.607851796007936e-02
7,cheba,-1.540000000000000e-01,8.059227827851123e-02
7,cheba,-1.520000000000000e-01,8.516140946580730e-02
7,cheba,-1.500000000000000e-01,8.978481862863541e-02
7,cheba,-1.480000000000000e-01,9.446133524384015e-02
7,cheba,-1.460000000000000e-01,9.918970906552071e-02
7,cheba,-1.440000000000000e-01,1.039686080634835e-01
7,cheba,-1.420000000000000e-01,1.087966164009772e-01
7,cheba,-1.400000000000000e-01,1.136722324600954e-01
7,cheba,-1.380000000000000e-01,1.185938669237222e-01
7,cheba,-1.360000000000000e-01,1.235598409233678e-01
7,cheba,-1.340000000000000e-01,1.285683842627345e-01
7,cheba,-1.320000000000000e-01,1.336176337273073e-01
7,cheba,-1.300000000000000e-01,1.387056314907483e-01
7,cheba,-1.280000000000000e-01,1.438303236292946e-01
7,cheba,-1.260000000000000e-01,1.489895587558090e-01
7,cheba,-1.240000000000000e-01,1.541810867855241e-01
7,cheba,-1.220000000000000e-01,1.594025578459038e-01
7,cheba,-1.200000000000000e-01,1.646515213433820e-01
7,cheba,-1.180000000000000e-01,1.699254252000453e-01
7,cheba,-1.160000000000000e-01,1.752216152735866e-01
7,cheba,-1.140000000000000e-01,1.805373349740562e-01
7,cheba,-1.120000000000000e-01,1.858697250910960e-01
7,cheba,-1.100000000000000e-01,1.912158238454242e-01
7,cheba,-1.080000000000000e-01,1.965725671783560e-01
7,cheba,-1.060000000000000e-01,2.019367892930884e-01
7,cheba,-1.040000000000000e-01,2.073052234613354e-01
7,cheba,-1.020000000000000e-01,2.126745031086709e-01
7,cheba,-9.999999999999998e-02,2.180411631916062e-01
7,cheba,-9.799999999999998e-02,2.234016418790136e-01
7,cheba,-9.599999999999997e-02,2.287522825499636e-01
7,cheba,-9.399999999999997e-02,2.340893361194089e-01
7,cheba,-9.199999999999997e-02,2.394089637023793e-01
7,cheba,-8.999999999999997e-02,2.447072396264804e-01
7,cheba,-8.799999999999997e-02,2.499801548014770e-01
7,cheba,-8.599999999999997e-02,2.552236204536175e-01
7,cheba,-8.399999999999996e-02,2.604334722310961e-01
7,cheba,-8.199999999999996e-02,2.656054746856685e-01
7,cheba,-7.999999999999996e-02,2.707353261339166e-01
7,cheba,-7.799999999999996e-02,2.758186639000397e-01
7,cheba,-7.599999999999996e-02,2.808510699402667e-01
7,cheba,-7.399999999999995e-02,2.858280768471413e-01
7,cheba,-7.199999999999995e-02,2.907451742299207e-01
7,cheba,-6.999999999999995e-02,2.955978154652665e-01
7,cheba,-6.799999999999995e-02,3.003814248102135e-01
7,cheba,-6.599999999999995e-02,3.050914048671614e-01
7,cheba,-6.399999999999995e-02,3.097231443882953e-01
7,cheba,-6.200000000000006e-02,3.142720264044765e-01
7,cheba,-6.000000000000005e-02,3.187334366612200e-01
7,cheba,-5.800000000000005e-02,3.231027723419576e-01
7,cheba,-5.600000000000005e-02,3.273754510563378e-01
7,cheba,-5.400000000000005e-02,3.315469200689171e-01
7,cheba,-5.200000000000005e-02,3.356126657412122e-01
7,cheba,-5.000000000000004e-02,3.395682231578007e-01
7,cheba,-4.800000000000004e-02,3.434091859049163e-01
7,cheba,-4.600000000000004e-02,3.471312159679008e-01
7,cheba,-4.400000000000004e-02,3.507300537118929e-01
7,cheba,-4.200000000000004e-02,3.542015279083286e-01
7,cheba,-4.000000000000004e-02,3.575415657682033e-01
7,cheba,-3.800000000000003e-02,3.607462029416095e-01
7,cheba,-3.600000000000003e-02,3.638115934418852e-01
7,cheba,-3.400000000000003e-02,3.667340194517441e-01
7,cheba,-3.200000000000003e-02,3.695099009680805e-01
7,cheba,-3.000000000000003e-02,3.721358052417334e-01
7,cheba,-2.800000000000002e-02,3.746084559683942e-01
7,cheba,-2.600000000000002e-02,3.769247421870320e-01
7,cheba,-2.400000000000002e-02,3.790817268427309e-01
7,cheba,-2.200000000000002e-02,3.810766549716645e-01
7,cheba,-2.000000000000002e-02,3.829069614670986e-01
7,cheba,-1.800000000000002e-02,3.845702783867815e-01
7,cheba,-1.600000000000001e-02,3.860644417638863e-01
7,cheba,-1.400000000000001e-02,3.873874978857723e-01
7,cheba,-1.200000000000001e-02,3.885377090072277e-01
7,cheba,-1.000000000000001e-02,3.895135584675455e-01
7,cheba,-8.000000000000007e-03,3.903137551837179e-01
7,cheba,-6.000000000000005e-03,3.909372374952211e-01
7,cheba,-4.000000000000004e-03,3.913831763392536e-01
7,cheba,-2.000000000000002e-03,3.916509777388754e-01
7,cheba,0.000000000000000e+00,3.917402845902281e-01
7,cheba,2.000000000000002e-03,3.916509777388756e-01
7,cheba,4.000000000000004e-03,3.913831763392536e-01
7,cheba,6.000000000000005e-03,3.909372374952212e-01
7,cheba,8.000000000000007e-03,3.903137551837179e-01
7,cheba,1.000000000000001e-02,3.895135584675455e-01
7,cheba,1.200000000000001e-02,3.885377090072276e-01
7,cheba,1.400000000000001e-02,3.873874978857724e-01
7,cheba,1.600000000000001e-02,3.860644417638864e-01
7,cheba,1.800000000000002e-02,3.845702783867816e-01
7,cheba,2.000000000000002e-02,3.829069614670986e-01
7,cheba,2.200000000000002e-02,3.810766549716645e-01
7,cheba,2.400000000000002e-02,3.790817268427310e-01
7,cheba,2.600000000000002e-02,3.769247421870322e-01
7,cheba,2.800000000000002e-02,3.746084559683942e-01
7,cheba,3.000000000000003e-02,3.721358052417335e-01
7,cheba,3.200000000000003e-02,3.695099009680805e-01
7,cheba,3.400000000000003e-02,3.667340194517441e-01
7,cheba,3.600000000000003e-02,3.638115934418853e-01
7,cheba,3.800000000000003e-02,3.607462029416095e-01
7,cheba,4.000000000000004e-02,3.575415657682034e-01
7,cheba,4.200000000000004e-02,3.542015279083288e-01
7,cheba,4.400000000000004e-02,3.507300537118930e-01
7,cheba,4.600000000000004e-02,3.471312159679009e-01
7,cheba,4.800000000000004e-02,3.434091859049164e-01
7,cheba,5.000000000000004e-02,3.395682231578008e-01
7,cheba,5.200000000000005e-02,3.356126657412123e-01
7,cheba,5.400000000000005e-02,3.315469200689171e-01
7,cheba,5.600000000000005e-02,3.273754510563381e-01
7,cheba,5.800000000000005e-02,3.231027723419579e-01
7,cheba,6.000000000000005e-02,3.187334366612202e-01
7,cheba,6.200000000000006e-02,3.142720264044767e-01
7,cheba,6.400000000000006e-02,3.097231443882953e-01
7,cheba,6.600000000000006e-02,3.050914048671611e-01
7,cheba,6.800000000000006e-02,3.003814248102132e-01
7,cheba,7.000000000000006e-02,2.955978154652664e-01
7,cheba,7.200000000000006e-02,2.907451742299210e-01
7,cheba,7.400000000000007e-02,2.858280768471412e-01
7,cheba,7.600000000000007e-02,2.808510699402667e-01
7,cheba,7.800000000000007e-02,2.758186639000396e-01
7,cheba,8.000000000000007e-02,2.707353261339166e-01
7,cheba,8.200000000000007e-02,2.656054746856683e-01
7,cheba,8.400000000000007e-02,2.604334722310961e-01
7,cheba,8.600000000000008e-02,2.552236204536174e-01
7,cheba,8.800000000000008e-02,2.499801548014768e-01
7,cheba,9.000000000000008e-02,2.447072396264803e-01
7,cheba,9.200000000000008e-02,2.394089637023792e-01
7,cheba,9.400000000000008e-02,2.340893361194089e-01
7,cheba,9.600000000000009e-02,2.287522825499636e-01
7,cheba,9.800000000000009e-02,2.234016418790135e-01
7,cheba,1.000000000000001e-01,2.180411631916063e-01
7,cheba,1.020000000000001e-01,2.126745031086710e-01
7,cheba,1.040000000000001e-01,2.073052234613356e-01
7,cheba,1.060000000000001e-01,2.019367892930883e-01
7,cheba,1.080000000000001e-01,1.965725671783561e-01
7,cheba,1.100000000000001e-01,1.912158238454242e-01
7,cheba,1.120000000000001e-01,1.858697250910960e-01
7,cheba,1.140000000000001e-01,1.805373349740562e-01
7,cheba,1.160000000000001e-01,1.752216152735866e-01
7,cheba,1.180000000000001e-01,1.699254252000454e-01
7,cheba,1.200000000000001e-01,1.646515213433820e-01
7,cheba,1.220000000000001e-01,1.594025578459040e-01
7,cheba,1.240000000000001e-01,1.541810867855241e-01
7,cheba,1.259999999999999e-01,1.489895587558095e-01
7,cheba,1.279999999999999e-01,1.438303236292953e-01
7,cheba,1.299999999999999e-01,1.387056314907490e-01
7,cheba,1.319999999999999e-01,1.336176337273078e-01
7,cheba,1.339999999999999e-01,1.285683842627350e-01
7,cheba,1.359999999999999e-01,1.235598409233687e-01
7,cheba,1.379999999999999e-01,1.185938669237228e-01
7,cheba,1.399999999999999e-01,1.136722324600961e-01
7,cheba,1.419999999999999e-01,1.087966164009777e-01
7,cheba,1.439999999999999e-01,1.039686080634841e-01
7,cheba,1.459999999999999e-01,9.918970906552127e-02
7,cheba,1.479999999999999e-01,9.446133524384071e-02
7,cheba,1.499999999999999e-01,8.978481862863585e-02
7,cheba,1.519999999999999e-01,8.516140946580786e-02
7,cheba,1.539999999999999e-01,8.059227827851179e-02
7,cheba,1.559999999999999e-01,7.607851796007992e-02
7,cheba,1.579999999999999e-01,7.162114589088819e-02
7,cheba,1.599999999999999e-01,6.722110607220733e-02
7,cheba,1.619999999999999e-01,6.287927127053716e-02
7,cheba,1.639999999999999e-01,5.859644516637597e-02
7,cheba,1.659999999999999e-01,5.437336450181152e-02
7,cheba,1.679999999999999e-01,5.021070122174864e-02
7,cheba,1.699999999999999e-01,4.610906460399888e-02
7,cheba,1.719999999999999e-01,4.206900337385133e-02
7,cheba,1.739999999999999e-01,3.809100779913033e-02
7,cheba,1.759999999999999e-01,3.417551176210254e-02
7,cheba,1.779999999999999e-01,3.032289480495298e-02
7,cheba,1.799999999999999e-01,2.653348414587164e-02
7,cheba,1.819999999999999e-01,2.280755666311829e-02
7,cheba,1.839999999999999e-01,1.914534084472219e-02
7,cheba,1.859999999999999e-01,1.554701870176012e-02
7,cheba,1.879999999999999e-01,1.201272764342365e-02
7,cheba,1.899999999999999e-01,8.542562312330415e-03
7,cheba,1.919999999999999e-01,5.136576378774516e-03
7,cheba,1.940000000000000e-01,1.794784292827423e-03
7,cheba,1.960000000000000e-01,1.482837006596016e-03
7,cheba,1.980000000000000e-01,4.696346426400488e-03
7,cheba,2.000000000000000e-01,7.845837098218622e-03
7,cheba,2.020000000000000e-01,1.093143480192316e-02
7,cheba,2.040000000000000e-01,1.395329643394816e-02
7,cheba,2.060000000000000e-01,1.691160852048390e-02
7,cheba,2.080000000000000e-01,1.980658577549188e-02
7,cheba,2.100000000000000e-01,2.263846970336186e-02
7,cheba,2.120000000000000e-01,2.540752724593770e-02
7,cheba,2.140000000000000e-01,2.811404947353291e-02
7,cheba,2.160000000000000e-01,3.075835031948448e-02
7,cheba,2.180000000000000e-01,3.334076535770553e-02
7,cheba,2.200000000000000e-01,3.586165062263480e-02
7,cheba,2.220000000000000e-01,3.832138147092257e-02
7,cheba,2.240000000000000e-01,4.072035148413322e-02
7,cheba,2.260000000000000e-01,4.305897141170456e-02
7,cheba,2.280000000000000e-01,4.533766815335899e-02
7,cheba,2.300000000000000e-01,4.755688378013273e-02
7,cheba,2.320000000000000e-01,4.971707459315750e-02
7,cheba,2.340000000000000e-01,5.181871021930468e-02
7,cheba,2.360000000000000e-01,5.386227274278582e-02
7,cheba,2.380000000000000e-01,5.584825587179010e-02
7,cheba,2.400000000000000e-01,5.777716413922229e-02
7,cheba,2.420000000000000e-01,5.964951213660602e-02
7,cheba,2.440000000000000e-01,6.146582378020737e-02
7,cheba,2.460000000000000e-01,6.322663160843700e-02
7,cheba,2.480000000000000e-01,6.493247610958869e-02
7,cheba,2.500000000000000e-01,6.658390507897932e-02
7,cheba,2.520000000000000e-01,6.818147300455818e-02
7,cheba,2.540000000000000e-01,6.972574048006758e-02
7,cheba,2.560000000000000e-01,7.121727364484221e-02
7,cheba,2.580000000000000e-01,7.265664364935054e-02
7,cheba,2.600000000000000e-01,7.404442614559337e-02
7,cheba,2.620000000000000e-01,7.538120080148836e-02
7,cheba,2.640000000000000e-01,7.666755083838939e-02
7,cheba,2.660000000000000e-01,7.790406259089988e-02
7,cheba,2.680000000000000e-01,7.909132508816230e-02
7,cheba,2.700000000000000e-01,8.022992965582221e-02
7,cheba,2.720000000000000e-01,8.132046953788258e-02
7,cheba,2.740000000000000e-01,8.236353953768427e-02
7,cheba,2.760000000000000e-01,8.335973567726845e-02
7,cheba,2.780000000000000e-01,8.430965487439601e-02
7,cheba,2.800000000000000e-01,8.521389463651657e-02
7,cheba,2.820000000000000e-01,8.607305277100458e-02
7,cheba,2.840000000000000e-01,8.688772711099296e-02
7,cheba,2.860000000000000e-01,8.765851525616197e-02
7,cheba,2.880000000000000e-01,8.838601432785315e-02
7,cheba,2.900000000000000e-01,8.907082073790423e-02
7,cheba,2.920000000000000e-01,8.971352997061693e-02
7,cheba,2.940000000000000e-01,9.031473637728749e-02
7,cheba,2.960000000000000e-01,9.087503298275273e-02
7,cheba,2.980000000000000e-01,9.139501130341887e-02
7,cheba,3.000000000000000e-01,9.187526117626105e-02
7,cheba,3.020000000000000e-01,9.231637059829756e-02
7,cheba,3.040000000000000e-01,9.271892557606337e-02
7,cheba,3.060000000000000e-01,9.308350998462050e-02
7,cheba,3.080000000000001e-01,9.341070543566293e-02
7,cheba,3.100000000000001e-01,9.370109115428837e-02
7,cheba,3.120000000000001e-01,9.395524386402682e-02
7,cheba,3.140000000000001e-01,9.417373767972792e-02
7,cheba,3.160000000000001e-01,9.435714400792988e-02
7,cheba,3.180000000000001e-01,9.450603145434111e-02
7,cheba,3.200000000000001e-01,9.462096573808548e-02
7,cheba,3.220000000000001e-01,9.470250961237187e-02
7,cheba,3.240000000000001e-01,9.475122279126569e-02
7,cheba,3.260000000000001e-01,9.476766188224955e-02
7,cheba,3.280000000000001e-01,9.475238032427608e-02
7,cheba,3.300000000000001e-01,9.470592833102620e-02
7,cheba,3.320000000000001e-01,9.462885283909861e-02
7,cheba,3.340000000000001e-01,9.452169746086792e-02
7,cheba,3.360000000000001e-01,9.438500244175868e-02
7,cheba,3.380000000000001e-01,9.421930462169653e-02
7,cheba,3.400000000000001e-01,9.402513740050306e-02
7,cheba,3.420000000000001e-01,9.380303070701479e-02
7,cheba,3.440000000000001e-01,9.355351097171588e-02
7,cheba,3.460000000000001e-01,9.327710110268078e-02
7,cheba,3.480000000000001e-01,9.297432046463577e-02
7,cheba,3.500000000000001e-01,9.264568486095293e-02
7,cheba,3.520000000000001e-01,9.229170651840193e-02
7,cheba,3.540000000000001e-01,9.191289407449052e-02
7,cheba,3.560000000000001e-01,9.150975256723362e-02
7,cheba,3.580000000000001e-01,9.108278342719653e-02
7,cheba,3.600000000000001e-01,9.063248447166811e-02
7,cheba,3.620000000000001e-01,9.015934990082197e-02
7,cheba,3.640000000000001e-01,8.966387029573503e-02
7,cheba,3.660000000000001e-01,8.914653261813463e-02
7,cheba,3.680000000000001e-01,8.860782021175559e-02
7,cheba,3.700000000000001e-01,8.804821280519040e-02
7,cheba,3.720000000000001e-01,8.746818651612384e-02
7,cheba,3.740000000000001e-01,8.686821385684868e-02
7,cheba,3.759999999999999e-01,8.624876374096141e-02
7,cheba,3.779999999999999e-01,8.561030149114568e-02
7,cheba,3.799999999999999e-01,8.495328884795308e-02
7,cheba,3.819999999999999e-01,8.427818397949594e-02
7,cheba,3.839999999999999e-01,8.358544149197100e-02
7,cheba,3.859999999999999e-01,8.287551244093871e-02
7,cheba,3.879999999999999e-01,8.214884434328307e-02
7,cheba,3.899999999999999e-01,8.140588118978478e-02
7,cheba,3.919999999999999e-01,8.064706345824099e-02
7,cheba,3.939999999999999e-01,7.987282812706956e-02
7,cheba,3.959999999999999e-01,7.908360868933967e-02
7,cheba,3.979999999999999e-01,7.827983516717235e-02
7,cheba,3.999999999999999e-01,7.746193412645802e-02
7,cheba,4.019999999999999e-01,7.663032869184189e-02
7,cheba,4.039999999999999e-01,7.578543856192860e-02
7,cheba,4.059999999999999e-01,7.492768002466366e-02
7,cheba,4.079999999999999e-01,7.405746597284651e-02
7,cheba,4.099999999999999e-01,7.317520591973889e-02
7,cheba,4.119999999999999e-01,7.228130601472729e-02
7,cheba,4.139999999999999e-01,7.137616905900779e-02
7,cheba,4.159999999999999e-01,7.046019452125654e-02
7,cheba,4.179999999999999e-01,6.953377855325721e-02
7,cheba,4.199999999999999e-01,6.859731400545416e-02
7,cheba,4.219999999999999e-01,6.765119044240420e-02
7,cheba,4.239999999999999e-01,6.669579415810103e-02
7,cheba,4.259999999999999e-01,6.573150819114770e-02
7,cheba,4.279999999999999e-01,6.475871233975394e-02
7,cheba,4.299999999999999e-01,6.377778317653732e-02
7,cheba,4.319999999999999e-01,6.278909406310806e-02
7,cheba,4.339999999999999e-01,6.179301516441849e-02
7,cheba,4.359999999999999e-01,6.078991346285995e-02
7,cheba,4.379999999999999e-01,5.978015277209056e-02
7,cheba,4.399999999999999e-01,5.876409375057917e-02
7,cheba,4.419999999999999e-01,5.774209391485044e-02
7,cheba,4.440000000000000e-01,5.671450765241948e-02
7,cheba,4.460000000000000e-01,5.568168623440220e-02
7,cheba,4.480000000000000e-01,5.464397782779151e-02
7,cheba,4.500000000000000e-01,5.360172750738881e-02
7,cheba,4.520000000000000e-01,5.255527726738052e-02
7,cheba,4.540000000000000e-01,5.150496603255214e-02
7,cheba,4.560000000000000e-01,5.045112966913115e-02
7,cheba,4.580000000000000e-01,4.939410099525149e-02
7,cheba,4.600000000000000e-01,4.833420979103339e-02
7,cheba,4.620000000000000e-01,4.727178280827299e-02
7,cheba,4.640000000000000e-01,4.620714377973492e-02
7,cheba,4.660000000000000e-01,4.514061342804521e-02
7,cheba,4.680000000000000e-01,4.407250947417840e-02
7,cheba,4.700000000000000e-01,4.300314664553628e-02
7,cheba,4.720000000000000e-01,4.193283668361494e-02
7,cheba,4.740000000000000e-01,4.086188835125654e-02
7,cheba,4.760000000000000e-01,3.979060743948443e-02
7,cheba,4.780000000000000e-01,3.871929677391925e-02
7,cheba,4.800000000000000e-01,3.764825622077417e-02
7,cheba,4.820000000000000e-01,3.657778269242853e-02
7,cheba,4.840000000000000e-01,3.550817015257896e-02
7,cheba,4.860000000000000e-01,3.443970962096674e-02
7,cheba,4.880000000000000e-01,3.337268917768244e-02
7,cheba,4.900000000000000e-01,3.230739396704618e-02
7,cheba,4.920000000000000e-01,3.124410620106555e-02
7,cheba,4.940000000000000e-01,3.018310516247025e-02
7,cheba,4.960000000000000e-01,2.912466720732490e-02
7,cheba,4.980000000000000e-01,2.806906576722126e-02
7,cheba,5.000000000000000e-01,2.701657135105023e-02
7,cheba,5.020000000000000e-01,2.596745154635563e-02
7,cheba,5.040000000000000e-01,2.492197102027097e-02
7,cheba,5.060000000000000e-01,2.388039152004123e-02
7,cheba,5.080000000000000e-01,2.284297187313117e-02
7,cheba,5.100000000000000e-01,2.180996798692209e-02
7,cheba,5.120000000000000e-01,2.078163284799966e-02
7,cheba,5.140000000000000e-01,1.975821652103463e-02
7,cheba,5.160000000000000e-01,1.873996614725876e-02
7,cheba,5.180000000000000e-01,1.772712594253861e-02
7,cheba,5.200000000000000e-01,1.671993719504999e-02
7,cheba,5.220000000000000e-01,1.571863826255473e-02
7,cheba,5.240000000000000e-01,1.472346456928386e-02
7,cheba,5.260000000000000e-01,1.373464860242871e-02
7,cheba,5.280000000000000e-01,1.275241990824363e-02
7,cheba,5.300000000000000e-01,1.177700508776285e-02
7,cheba,5.320000000000000e-01,1.080862779213457e-02
7,cheba,5.340000000000000e-01,9.847508717575115e-03
7,cheba,5.360000000000000e-01,8.893865599946524e-03
7,cheba,5.380000000000000e-01,7.947913208960294e-03
7,cheba,5.400000000000000e-01,7.009863342010703e-03
7,cheba,5.420000000000000e-01,6.079924817640595e-03
7,cheba,5.440000000000000e-01,5.158303468642947e-03
7,cheba,5.460000000000000e-01,4.245202134801521e-03
7,cheba,5.480000000000000e-01,3.340820655273385e-03
7,cheba,5.500000000000000e-01,2.445355860616949e-03
7,cheba,5.520000000000000e-01,1.559001564468657e-03
7,cheba,5.540000000000000e-01,6.819485548712478e-04
7,cheba,5.560000000000000e-01,1.856154147429762e-04
7,cheba,5.580000000000001e-01,1.043505634910277e-03
7,cheba,5.600000000000001e-01,1.891540449832599e-03
7,cheba,5.620000000000001e-01,2.729541267409638e-03
7,cheba,5.640000000000001e-01,3.557332569603291e-03
7,cheba,5.660000000000001e-01,4.374741923130893e-03
7,cheba,5.680000000000001e-01,5.181599990484134e-03
7,cheba,5.700000000000001e-01,5.977740541270551e-03
7,cheba,5.720000000000001e-01,6.763000463874458e-03
7,cheba,5.740000000000001e-01,7.537219777434143e-03
7,cheba,5.760000000000001e-01,8.300241644132039e-03
7,cheba,5.780000000000001e-01,9.051912381795049e-03
7,cheba,5.800000000000001e-01,9.792081476801842e-03
7,cheba,5.820000000000001e-01,1.052060159729391e-02
7,cheba,5.840000000000001e-01,1.123732860668764e-02
7,cheba,5.860000000000001e-01,1.194212157748396e-02
7,cheba,5.880000000000001e-01,1.263484280537322e-02
7,cheba,5.900000000000001e-01,1.331535782363161e-02
7,cheba,5.920000000000001e-01,1.398353541780671e-02
7,cheba,5.940000000000001e-01,1.463924764068930e-02
7,cheba,5.960000000000001e-01,1.528236982756782e-02
7,cheba,5.980000000000001e-01,1.591278061176379e-02
7,cheba,6.000000000000001e-01,1.653036194044441e-02
7,cheba,6.020000000000001e-01,1.713499909070990e-02
7,cheba,6.040000000000001e-01,1.772658068595295e-02
7,cheba,6.060000000000001e-01,1.830499871248746e-02
7,cheba,6.080000000000001e-01,1.887014853644368e-02
7,cheba,6.100000000000001e-01,1.942192892092735e-02
7,cheba,6.120000000000001e-01,1.996024204344017e-02
7,cheba,6.140000000000001e-01,2.048499351355891e-02
7,cheba,6.160000000000001e-01,2.099609239087054e-02
7,cheba,6.180000000000001e-01,2.149345120316105e-02
7,cheba,6.200000000000001e-01,2.197698596485528e-02
7,cheba,6.220000000000001e-01,2.244661619570537e-02
7,cheba,6.240000000000001e-01,2.290226493972530e-02
7,cheba,6.259999999999999e-01,2.334385878436931e-02
7,cheba,6.279999999999999e-01,2.377132787995166e-02
7,cheba,6.299999999999999e-01,2.418460595930522e-02
7,cheba,6.319999999999999e-01,2.458363035767701e-02
7,cheba,6.339999999999999e-01,2.496834203285818e-02
7,cheba,6.359999999999999e-01,2.533868558554594e-02
7,cheba,6.379999999999999e-01,2.569460927993576e-02
7,cheba,6.399999999999999e-01,2.603606506454116e-02
7,cheba,6.419999999999999e-01,2.636300859323910e-02
7,cheba,6.439999999999999e-01,2.667539924653908e-02
7,cheba,6.459999999999999e-01,2.697320015307347e-02
7,cheba,6.479999999999999e-01,2.725637821130717e-02
7,cheba,6.499999999999999e-01,2.752490411146473e-02
7,cheba,6.519999999999999e-01,2.777875235767262e-02
7,cheba,6.539999999999999e-01,2.801790129031509e-02
7,cheba,6.559999999999999e-01,2.824233310860097e-02
7,cheba,6.579999999999999e-01,2.845203389334044e-02
7,cheba,6.599999999999999e-01,2.864699362992908e-02
7,cheba,6.619999999999999e-01,2.882720623153779e-02
7,cheba,6.639999999999999e-01,2.899266956250648e-02
7,cheba,6.659999999999999e-01,2.914338546194007e-02
7,cheba,6.679999999999999e-01,2.927935976750454e-02
7,cheba,6.699999999999999e-01,2.940060233942192e-02
7,cheba,6.719999999999999e-01,2.950712708466174e-02
7,cheba,6.739999999999999e-01,2.959895198132801e-02
7,cheba,6.759999999999999e-01,2.967609910323944e-02
7,cheba,6.779999999999999e-01,2.973859464470169e-02
7,cheba,6.799999999999999e-01,2.978646894546984e-02
7,cheba,6.819999999999999e-01,2.981975651589941e-02
7,cheba,6.839999999999999e-01,2.983849606228463e-02
7,cheba,6.859999999999999e-01,2.984273051238227e-02
7,cheba,6.879999999999999e-01,2.983250704111930e-02
7,cheba,6.899999999999999e-01,2.980787709648347e-02
7,cheba,6.919999999999999e-01,2.976889642559459e-02
7,cheba,6.940000000000000e-01,2.971562510095584e-02
7,cheba,6.960000000000000e-01,2.964812754688297e-02
7,cheba,6.980000000000000e-01,2.956647256611059e-02
7,cheba,7.000000000000000e-01,2.947073336657381e-02
7,cheba,7.020000000000000e-01,2.936098758836406e-02
7,cheba,7.040000000000000e-01,2.923731733085756e-02
7,cheba,7.060000000000000e-01,2.909980918001541e-02
7,cheba,7.080000000000000e-01,2.894855423585388e-02
7,cheba,7.100000000000000e-01,2.878364814008346e-02
7,cheba,7.120000000000000e-01,2.860519110391583e-02
7,cheba,7.140000000000000e-01,2.841328793603706e-02
7,cheba,7.160000000000000e-01,2.820804807074621e-02
7,cheba,7.180000000000000e-01,2.798958559625803e-02
7,cheba,7.200000000000000e-01,2.775801928316847e-02
7,cheba,7.220000000000000e-01,2.751347261308189e-02
7,cheba,7.240000000000000e-01,2.725607380739925e-02
7,cheba,7.260000000000000e-01,2.698595585626540e-02
7,cheba,7.280000000000000e-01,2.670325654767509e-02
7,cheba,7.300000000000000e-01,2.640811849673632e-02
7,cheba,7.320000000000000e-01,2.610068917508983e-02
7,cheba,7.340000000000000e-01,2.578112094048428e-02
7,cheba,7.360000000000000e-01,2.544957106650513e-02
7,cheba,7.380000000000000e-01,2.510620177245730e-02
7,cheba,7.400000000000000e-01,2.475118025339989e-02
7,cheba,7.420000000000000e-01,2.438467871033213e-02
7,cheba,7.440000000000000e-01,2.400687438052990e-02
7,cheba,7.460000000000000e-01,2.361794956803152e-02
7,cheba,7.480000000000000e-01,2.321809167427214e-02
7,cheba,7.500000000000000e-01,2.280749322886569e-02
7,cheba,7.520000000000000e-01,2.238635192053348e-02
7,cheba,7.540000000000000e-01,2.195487062817887e-02
7,cheba,7.560000000000000e-01,2.151325745210658e-02
7,cheba,7.580000000000000e-01,2.106172574538646e-02
7,cheba,7.600000000000000e-01,2.060049414536030e-02
7,cheba,7.620000000000000e-01,2.012978660529131e-02
7,cheba,7.640000000000000e-01,1.964983242615527e-02
7,cheba,7.660000000000000e-01,1.916086628857233e-02
7,cheba,7.680000000000000e-01,1.866312828487934e-02
7,cheba,7.700000000000000e-01,1.815686395134110e-02
7,cheba,7.720000000000000e-01,1.764232430050056e-02
7,cheba,7.740000000000000e-01,1.711976585366665e-02
7,cheba,7.760000000000000e-01,1.658945067353933e-02
7,cheba,7.780000000000000e-01,1.605164639697114e-02
7,cheba,7.800000000000000e-01,1.550662626786427e-02
7,cheba,7.820000000000000e-01,1.495466917020289e-02
7,cheba,7.840000000000000e-01,1.439605966121962e-02
7,cheba,7.860000000000000e-01,1.383108800469591e-02
7,cheba,7.880000000000000e-01,1.326005020439520e-02
7,cheba,7.900000000000000e-01,1.268324803762869e-02
7,cheba,7.920000000000000e-01,1.210098908895268e-02
7,cheba,7.940000000000000e-01,1.151358678399721e-02
7,cheba,7.960000000000000e-01,1.092136042342502e-02
7,cheba,7.980000000000000e-01,1.032463521702060e-02
7,cheba,8.000000000000000e-01,9.723742317908457e-03
7,cheba,8.020000000000000e-01,9.119018856900155e-03
7,cheba,8.040000000000000e-01,8.510807976969459e-03
7,cheba,8.060000000000000e-01,7.899458867855209e-03
7,cheba,8.080000000000001e-01,7.285326800791123e-03
7,cheba,8.100000000000001e-01,6.668773163362125e-03
7,cheba,8.120000000000001e-01,6.050165494486705e-03
7,cheba,8.140000000000001e-01,5.429877519524597e-03
7,cheba,8.160000000000001e-01,4.808289185509532e-03
7,cheba,8.180000000000001e-01,4.185786696506315e-03
7,cheba,8.200000000000001e-01,3.562762549091783e-03
7,cheba,8.220000000000001e-01,2.939615567959297e-03
7,cheba,8.240000000000001e-01,2.316750941646059e-03
7,cheba,8.260000000000001e-01,1.694580258382969e-03
7,cheba,8.280000000000001e-01,1.073521542066441e-03
7,cheba,8.300000000000001e-01,4.539992883517627e-04
7,cheba,8.320000000000001e-01,1.635554991324950e-04
7,cheba,8.340000000000001e-01,7.787052724492899e-04
7,cheba,8.360000000000001e-01,1.391005902897979e-03
7,cheba,8.380000000000001e-01,2.000006644439195e-03
7,cheba,8.400000000000001e-01,2.605250097000425e-03
7,cheba,8.420000000000001e-01,3.206272169662711e-03
7,cheba,8.440000000000001e-01,3.802602043728828e-03
7,cheba,8.460000000000001e-01,4.393762135673281e-03
7,cheba,8.480000000000001e-01,4.979268059974638e-03
7,cheba,8.500000000000001e-01,5.558628591830449e-03
7,cheba,8.520000000000001e-01,6.131345629755390e-03
7,cheba,8.540000000000001e-01,6.696914158062547e-03
7,cheba,8.560000000000001e-01,7.254822209228774e-03
7,cheba,8.580000000000001e-01,7.804550826144077e-03
7,cheba,8.600000000000001e-01,8.345574024245482e-03
7,cheba,8.620000000000001e-01,8.877358753535868e-03
7,cheba,8.640000000000001e-01,9.399364860487938e-03
7,cheba,8.660000000000001e-01,9.911045049833790e-03
7,cheba,8.680000000000001e-01,1.041184484624036e-02
7,cheba,8.700000000000001e-01,1.090120255587106e-02
7,cheba,8.720000000000001e-01,1.137854922783408e-02
7,cheba,8.740000000000001e-01,1.184330861551735e-02
7,cheba,8.759999999999999e-01,1.229489713781079e-02
7,cheba,8.779999999999999e-01,1.273272384021626e-02
7,cheba,8.799999999999999e-01,1.315619035584480e-02
7,cheba,8.819999999999999e-01,1.356469086630236e-02
7,cheba,8.839999999999999e-01,1.395761206246385e-02
7,cheba,8.859999999999999e-01,1.433433310513570e-02
7,cheba,8.879999999999999e-01,1.469422558560757e-02
7,cheba,8.899999999999999e-01,1.503665348609316e-02
7,cheba,8.919999999999999e-01,1.536097314006056e-02
7,cheba,8.939999999999999e-01,1.566653319245235e-02
7,cheba,8.959999999999999e-01,1.595267455979590e-02
7,cheba,8.979999999999999e-01,1.621873039020373e-02
7,cheba,8.999999999999999e-01,1.646402602326465e-02
7,cheba,9.019999999999999e-01,1.668787894982555e-02
7,cheba,9.039999999999999e-01,1.688959877166443e-02
7,cheba,9.059999999999999e-01,1.706848716105460e-02
7,cheba,9.079999999999999e-01,1.722383782022040e-02
7,cheba,9.099999999999999e-01,1.735493644068498e-02
7,cheba,9.119999999999999e-01,1.746106066250974e-02
7,cheba,9.139999999999999e-01,1.754148003342629e-02
7,cheba,9.159999999999999e-01,1.759545596786079e-02
7,cheba,9.179999999999999e-01,1.762224170585095e-02
7,cheba,9.199999999999999e-01,1.762108227185607e-02
7,cheba,9.219999999999999e-01,1.759121443346017e-02
7,cheba,9.239999999999999e-01,1.753186665996835e-02
7,cheba,9.259999999999999e-01,1.744225908089686e-02
7,cheba,9.279999999999999e-01,1.732160344435692e-02
7,cheba,9.299999999999999e-01,1.716910307533243e-02
7,cheba,9.319999999999999e-01,1.698395283385185e-02
7,cheba,9.339999999999999e-01,1.676533907305455e-02
7,cheba,9.359999999999999e-01,1.651243959715152e-02
7,cheba,9.379999999999999e-01,1.622442361928102e-02
7,cheba,9.399999999999999e-01,1.590045171925908e-02
7,cheba,9.419999999999999e-01,1.553967580122496e-02
7,cheba,9.440000000000000e-01,1.514123905118225e-02
7,cheba,9.460000000000000e-01,1.470427589443507e-02
7,cheba,9.480000000000000e-01,1.422791195292011e-02
7,cheba,9.500000000000000e-01,1.371126400243453e-02
7,cheba,9.520000000000000e-01,1.315343992975966e-02
7,cheba,9.540000000000000e-01,1.255353868968102e-02
7,cheba,9.560000000000000e-01,1.191065026190463e-02
7,cheba,9.580000000000000e-01,1.122385560786966e-02
7,cheba,9.600000000000000e-01,1.049222662745793e-02
7,cheba,9.620000000000000e-01,9.714826115600067e-03
7,cheba,9.640000000000000e-01,8.890707718778604e-03
7,cheba,9.660000000000000e-01,8.018915891428259e-03
7,cheba,9.680000000000000e-01,7.098485852233404e-03
7,cheba,9.700000000000000e-01,6.128443540322950e-03
7,cheba,9.720000000000000e-01,5.107805571362783e-03
7,cheba,9.740000000000000e-01,4.035579193545837e-03
7,cheba,9.760000000000000e-01,2.910762243480067e-03
7,cheba,9.780000000000000e-01,1.732343101974294e-03
7,cheba,9.800000000000000e-01,4.993006497222494e-04
7,cheba,9.820000000000000e-01,7.893957771152385e-04
7,cheba,9.840000000000000e-01,2.134786431429676e-03
7,cheba,9.860000000000000e-01,3.537921199785757e-03
7,cheba,9.880000000000000e-01,4.999859647143744e-03
7,cheba,9.900000000000000e-01,6.521671061682978e-03
7,cheba,9.920000000000000e-01,8.104434499726549e-03
7,cheba,9.940000000000000e-01,9.749238830767039e-03
7,cheba,9.960000000000000e-01,1.145718278259307e-02
7,cheba,9.980000000000000e-01,1.322937498651661e-02
7,cheba,1.000000000000000e+00,1.506693402270106e-02
8,uni,-1.000000000000000e+00,0.000000000000000e+00
8,uni,-9.980000000000000e-01,6.226777171349591e-02
8,uni,-9.960000000000000e-01,1.220646772337005e-01
8,uni,-9.940000000000000e-01,1.794468195280650e-01
8,uni,-9.920000000000000e-01,2.344694453180876e-01
8,uni,-9.900000000000000e-01,2.871869540960408e-01
8,uni,-9.880000000000000e-01,3.376529070780017e-01
8,uni,-9.860000000000000e-01,3.859200360934606e-01
8,uni,-9.840000000000000e-01,4.320402524117813e-01
8,uni,-9.820000000000000e-01,4.760646555057881e-01
8,uni,-9.800000000000000e-01,5.180435417527532e-01
8,uni,-9.780000000000000e-01,5.580264130730578e-01
8,uni,-9.760000000000000e-01,5.960619855067986e-01
8,uni,-9.740000000000000e-01,6.321981977286115e-01
8,uni,-9.720000000000000e-01,6.664822195009860e-01
8,uni,-9.700000000000000e-01,6.989604600663373e-01
8,uni,-9.680000000000000e-01,7.296785764781122e-01
8,uni,-9.660000000000000e-01,7.586814818711897e-01
8,uni,-9.640000000000000e-01,7.860133536718569e-01
8,uni,-9.620000000000000e-01,8.117176417476190e-01
8,uni,-9.600000000000000e-01,8.358370764971143e-01
8,uni,-9.580000000000000e-01,8.584136768804083e-01
8,uni,-9.560000000000000e-01,8.794887583899200e-01
8,uni,-9.540000000000000e-01,8.991029409622633e-01
8,uni,-9.520000000000000e-01,9.172961568312554e-01
8,uni,-9.500000000000000e-01,9.341076583223654e-01
8,uni,-9.480000000000000e-01,9.495760255888673e-01
8,uni,-9.460000000000000e-01,9.637391742899560e-01
8,uni,-9.440000000000000e-01,9.766343632110996e-01
8,uni,-9.419999999999999e-01,9.882982018268812e-01
8,uni,-9.399999999999999e-01,9.987666578065971e-01
8,uni,-9.379999999999999e-01,1.008075064462878e+00
8,uni,-9.359999999999999e-01,1.016258128143584e+00
8,uni,-9.339999999999999e-01,1.023349935567247e+00
8,uni,-9.319999999999999e-01,1.029383961102309e+00
8,uni,-9.299999999999999e-01,1.034393073990422e+00
8,uni,-9.280000000000000e-01,1.038409545514074e+00
8,uni,-9.260000000000000e-01,1.041465056108785e+00
8,uni,-9.240000000000000e-01,1.043590702420146e+00
8,uni,-9.220000000000000e-01,1.044817004305956e+00
8,uni,-9.200000000000000e-01,1.045173911783697e+00
8,uni,-9.180000000000000e-01,1.044690811923639e+00
8,uni,-9.160000000000000e-01,1.043396535687786e+00
8,uni,-9.140000000000000e-01,1.041319364714960e+00
8,uni,-9.120000000000000e-01,1.038487038052249e+00
8,uni,-9.100000000000000e-01,1.034926758833089e+00
8,uni,-9.080000000000000e-01,1.030665200902223e+00
8,uni,-9.060000000000000e-01,1.025728515387806e+00
8,uni,-9.040000000000000e-01,1.020142337220888e+00
8,uni,-9.020000000000000e-01,1.013931791602541e+00
8,uni,-9.000000000000000e-01,1.007121500418879e+00
8,uni,-8.980000000000000e-01,9.997355886042270e-01
8,uni,-8.960000000000000e-01,9.917976904526671e-01
8,uni,-8.940000000000000e-01,9.833309558782468e-01
8,uni,-8.920000000000000e-01,9.743580566240673e-01
8,uni,-8.900000000000000e-01,9.649011924205197e-01
8,uni,-8.880000000000000e-01,9.549820970929082e-01
8,uni,-8.860000000000000e-01,9.446220446187132e-01
8,uni,-8.840000000000000e-01,9.338418551347346e-01
8,uni,-8.820000000000000e-01,9.226619008943745e-01
8,uni,-8.800000000000000e-01,9.111021121752858e-01
8,uni,-8.780000000000000e-01,8.991819831376565e-01
8,uni,-8.760000000000000e-01,8.869205776333504e-01
8,uni,-8.740000000000000e-01,8.743365349661684e-01
8,uni,-8.720000000000000e-01,8.614480756034588e-01
8,uni,-8.700000000000000e-01,8.482730068393347e-01
8,uni,-8.680000000000000e-01,8.348287284097249e-01
8,uni,-8.660000000000000e-01,8.211322380595175e-01
8,uni,-8.640000000000000e-01,8.072001370620215e-01
8,uni,-8.620000000000000e-01,7.930486356910038e-01
8,uni,-8.600000000000000e-01,7.786935586455237e-01
8,uni,-8.580000000000000e-01,7.641503504278271e-01
8,uni,-8.560000000000000e-01,7.494340806745148e-01
8,uni,-8.540000000000000e-01,7.345594494412490e-01
8,uni,-8.520000000000000e-01,7.195407924412133e-01
8,uni,-8.500000000000000e-01,7.043920862375853e-01
8,uni,-8.480000000000000e-01,6.891269533902363e-01
8,uni,-8.460000000000000e-01,6.737586675569224e-01
8,uni,-8.440000000000000e-01,6.583001585491712e-01
8,uni,-8.420000000000000e-01,6.427640173431310e-01
8,uni,-8.400000000000000e-01,6.271625010455932e-01
8,uni,-8.380000000000000e-01,6.115075378154372e-01
8,uni,-8.360000000000000e-01,5.958107317407241e-01
8,uni,-8.340000000000000e-01,5.800833676716776e-01
8,uni,-8.320000000000000e-01,5.643364160097799e-01
8,uni,-8.300000000000000e-01,5.485805374532222e-01
8,uni,-8.280000000000001e-01,5.328260876989309e-01
8,uni,-8.260000000000001e-01,5.170831221014105e-01
8,uni,-8.240000000000001e-01,5.013614002886327e-01
8,uni,-8.220000000000001e-01,4.856703907351948e-01
8,uni,-8.200000000000001e-01,4.700192752929839e-01
8,uni,-8.180000000000001e-01,4.544169536795732e-01
8,uni,-8.160000000000001e-01,4.388720479245806e-01
8,uni,-8.140000000000001e-01,4.233929067742135e-01
8,uni,-8.120000000000001e-01,4.079876100542348e-01
8,uni,-8.100000000000001e-01,3.926639729915668e-01
8,uni,-8.080000000000001e-01,3.774295504947687e-01
8,uni,-8.060000000000000e-01,3.622916413936084e-01
8,uni,-8.040000000000000e-01,3.472572926379540e-01
8,uni,-8.020000000000000e-01,3.323333034562121e-01
8,uni,-8.000000000000000e-01,3.175262294735347e-01
8,uni,-7.980000000000000e-01,3.028423867900190e-01
8,uni,-7.960000000000000e-01,2.882878560191247e-01
8,uni,-7.940000000000000e-01,2.738684862865283e-01
8,uni,-7.920000000000000e-01,2.595898991896382e-01
8,uni,-7.900000000000000e-01,2.454574927179934e-01
8,uni,-7.880000000000000e-01,2.314764451347625e-01
8,uni,-7.860000000000000e-01,2.176517188195685e-01
8,uni,-7.840000000000000e-01,2.039880640728544e-01
8,uni,-7.820000000000000e-01,1.904900228820124e-01
8,uni,-7.800000000000000e-01,1.771619326494933e-01
8,uni,-7.780000000000000e-01,1.640079298831154e-01
8,uni,-7.760000000000000e-01,1.510319538487893e-01
8,uni,-7.740000000000000e-01,1.382377501858774e-01
8,uni,-7.720000000000000e-01,1.256288744854026e-01
8,uni,-7.700000000000000e-01,1.132086958313243e-01
8,uni,-7.680000000000000e-01,1.009804003050949e-01
8,uni,-7.660000000000000e-01,8.894699445371351e-02
8,uni,-7.640000000000000e-01,7.711130872149069e-02
8,uni,-7.620000000000000e-01,6.547600084573703e-02
8,uni,-7.600000000000000e-01,5.404355921659065e-02
8,uni,-7.580000000000000e-01,4.281630620119465e-02
8,uni,-7.560000000000000e-01,3.179640143243776e-02
8,uni,-7.540000000000000e-01,2.098584506246947e-02
8,uni,-7.520000000000000e-01,1.038648098120056e-02
8,uni,-7.500000000000000e-01,0.000000000000000e+00
8,uni,-7.480000000000000e-01,1.017205699920221e-02
8,uni,-7.460000000000000e-01,2.012829594919627e-02
8,uni,-7.440000000000000e-01,2.986746651694949e-02
8,uni,-7.420000000000000e-01,3.938845905703009e-02
8,uni,-7.400000000000000e-01,4.869030159879011e-02
8,uni,-7.380000000000000e-01,5.777215686710027e-02
8,uni,-7.360000000000000e-01,6.663331933642970e-02
8,uni,-7.340000000000000e-01,7.527321231806491e-02
8,uni,-7.320000000000000e-01,8.369138508026118e-02
8,uni,-7.300000000000000e-01,9.188751000112251e-02
8,uni,-7.280000000000000e-01,9.986137975400461e-02
8,uni,-7.260000000000000e-01,1.076129045252370e-01
8,uni,-7.240000000000000e-01,1.151421092639614e-01
8,uni,-7.220000000000000e-01,1.224491309638814e-01
8,uni,-7.200000000000000e-01,1.295342159767242e-01
8,uni,-7.180000000000000e-01,1.363977173572091e-01
8,uni,-7.160000000000000e-01,1.430400922393233e-01
8,uni,-7.140000000000000e-01,1.494618992437037e-01
8,uni,-7.120000000000000e-01,1.556637959159245e-01
8,uni,-7.100000000000000e-01,1.616465361954902e-01
8,uni,-7.080000000000000e-01,1.674109679153356e-01
8,uni,-7.060000000000000e-01,1.729580303316331e-01
8,uni,-7.040000000000000e-01,1.782887516837105e-01
8,uni,-7.020000000000000e-01,1.834042467838797e-01
8,uni,-7.000000000000000e-01,1.883057146369813e-01
8,uni,-6.980000000000000e-01,1.929944360894468e-01
8,uni,-6.960000000000000e-01,1.974717715076830e-01
8,uni,-6.940000000000000e-01,2.017391584855839e-01
8,uni,-6.919999999999999e-01,2.057981095809728e-01
8,uni,-6.899999999999999e-01,2.096502100807838e-01
8,uni,-6.879999999999999e-01,2.132971157947838e-01
8,uni,-6.859999999999999e-01,2.167405508776470e-01
8,uni,-6.839999999999999e-01,2.199823056791856e-01
8,uni,-6.819999999999999e-01,2.230242346225440e-01
8,uni,-6.799999999999999e-01,2.258682541101681e-01
8,uni,-6.779999999999999e-01,2.285163404573539e-01
8,uni,-6.759999999999999e-01,2.309705278531894e-01
8,uni,-6.739999999999999e-01,2.332329063486953e-01
8,uni,-6.719999999999999e-01,2.353056198719771e-01
8,uni,-6.699999999999999e-01,2.371908642702005e-01
8,uni,-6.679999999999999e-01,2.388908853781979e-01
8,uni,-6.659999999999999e-01,2.404079771135211e-01
8,uni,-6.639999999999999e-01,2.417444795977521e-01
8,uni,-6.619999999999999e-01,2.429027773038836e-01
8,uni,-6.599999999999999e-01,2.438852972295837e-01
8,uni,-6.579999999999999e-01,2.446945070961589e-01
8,uni,-6.560000000000000e-01,2.453329135730291e-01
8,uni,-6.540000000000000e-01,2.458030605275316e-01
8,uni,-6.520000000000000e-01,2.461075272998668e-01
8,uni,-6.500000000000000e-01,2.462489270030038e-01
8,uni,-6.480000000000000e-01,2.462299048473631e-01
8,uni,-6.460000000000000e-01,2.460531364900901e-01
8,uni,-6.440000000000000e-01,2.457213264087429e-01
8,uni,-6.420000000000000e-01,2.452372062992053e-01
8,uni,-6.400000000000000e-01,2.446035334976518e-01
8,uni,-6.380000000000000e-01,2.438230894263759e-01
8,uni,-6.360000000000000e-01,2.428986780633083e-01
8,uni,-6.340000000000000e-01,2.418331244350403e-01
8,uni,-6.320000000000000e-01,2.406292731331776e-01
8,uni,-6.300000000000000e-01,2.392899868538407e-01
8,uni,-6.280000000000000e-01,2.378181449601395e-01
8,uni,-6.260000000000000e-01,2.362166420674395e-01
8,uni,-6.240000000000000e-01,2.344883866512463e-01
8,uni,-6.220000000000000e-01,2.326362996775299e-01
8,uni,-6.200000000000000e-01,2.306633132553122e-01
8,uni,-6.180000000000000e-01,2.285723693113447e-01
8,uni,-6.160000000000000e-01,2.263664182866990e-01
8,uni,-6.140000000000000e-01,2.240484178550973e-01
8,uni,-6.120000000000000e-01,2.216213316628065e-01
8,uni,-6.100000000000000e-01,2.190881280899271e-01
8,uni,-6.080000000000000e-01,2.164517790328988e-01
8,uni,-6.060000000000000e-01,2.137152587080537e-01
8,uni,-6.040000000000000e-01,2.108815424760447e-01
8,uni,-6.020000000000000e-01,2.079536056869762e-01
8,uni,-6.000000000000000e-01,2.049344225460701e-01
8,uni,-5.980000000000000e-01,2.018269649996904e-01
8,uni,-5.960000000000000e-01,1.986342016415654e-01
8,uni,-5.940000000000000e-01,1.953590966390283e-01
8,uni,-5.920000000000001e-01,1.920046086791176e-01
8,uni,-5.900000000000001e-01,1.885736899343593e-01
8,uni,-5.880000000000001e-01,1.850692850480727e-01
8,uni,-5.860000000000001e-01,1.814943301390250e-01
8,uni,-5.840000000000001e-01,1.778517518252717e-01
8,uni,-5.820000000000001e-01,1.741444662670175e-01
8,uni,-5.800000000000001e-01,1.703753782283290e-01
8,uni,-5.780000000000001e-01,1.665473801575374e-01
8,uni,-5.760000000000001e-01,1.626633512861649e-01
8,uni,-5.740000000000001e-01,1.587261567462108e-01
8,uni,-5.720000000000001e-01,1.547386467056351e-01
8,uni,-5.700000000000001e-01,1.507036555218748e-01
8,uni,-5.680000000000001e-01,1.466240009132328e-01
8,uni,-5.660000000000001e-01,1.425024831479756e-01
8,uni,-5.640000000000001e-01,1.383418842509789e-01
8,uni,-5.620000000000001e-01,1.341449672277619e-01
8,uni,-5.600000000000001e-01,1.299144753057475e-01
8,uni,-5.580000000000001e-01,1.256531311925902e-01
8,uni,-5.560000000000000e-01,1.213636363514132e-01
8,uni,-5.540000000000000e-01,1.170486702927943e-01
8,uni,-5.520000000000000e-01,1.127108898833430e-01
8,uni,-5.500000000000000e-01,1.083529286707134e-01
8,uni,-5.480000000000000e-01,1.039773962248917e-01
8,uni,-5.460000000000000e-01,9.958687749560637e-02
8,uni,-5.440000000000000e-01,9.518393218570169e-02
8,uni,-5.420000000000000e-01,9.077109414032118e-02
8,uni,-5.400000000000000e-01,8.635087075174561e-02
8,uni,-5.380000000000000e-01,8.192574237973066e-02
8,uni,-5.360000000000000e-01,7.749816178719222e-02
8,uni,-5.340000000000000e-01,7.307055359108419e-02
8,uni,-5.320000000000000e-01,6.864531372831797e-02
8,uni,-5.300000000000000e-01,6.422480893657072e-02
8,uni,-5.280000000000000e-01,5.981137624983129e-02
8,uni,-5.260000000000000e-01,5.540732250853275e-02
8,uni,-5.240000000000000e-01,5.101492388412210e-02
8,uni,-5.220000000000000e-01,4.663642541791621e-02
8,uni,-5.200000000000000e-01,4.227404057409662e-02
8,uni,-5.180000000000000e-01,3.792995080669284e-02
8,uni,-5.160000000000000e-01,3.360630514040835e-02
8,uni,-5.140000000000000e-01,2.930521976514028e-02
8,uni,-5.120000000000000e-01,2.502877764404751e-02
8,uni,-5.100000000000000e-01,2.077902813502050e-02
8,uni,-5.080000000000000e-01,1.655798662540769e-02
8,uni,-5.060000000000000e-01,1.236763417985395e-02
8,uni,-5.040000000000000e-01,8.209917201106642e-03
8,uni,-5.020000000000000e-01,4.086747103646537e-03
8,uni,-5.000000000000000e-01,0.000000000000000e+00
8,uni,-4.980000000000000e-01,4.048483600408659e-03
8,uni,-4.960000000000000e-01,8.056899080006785e-03
8,uni,-4.940000000000000e-01,1.202347798956530e-02
8,uni,-4.920000000000000e-01,1.594648831257275e-02
8,uni,-4.900000000000000e-01,1.982423471763105e-02
8,uni,-4.880000000000000e-01,2.365505879901120e-02
8,uni,-4.860000000000000e-01,2.743733930550699e-02
8,uni,-4.840000000000000e-01,3.116949235772316e-02
8,uni,-4.820000000000000e-01,3.484997165393530e-02
8,uni,-4.800000000000000e-01,3.847726866465564e-02
8,uni,-4.780000000000000e-01,4.204991281604055e-02
8,uni,-4.760000000000000e-01,4.556647166227298e-02
8,uni,-4.740000000000000e-01,4.902555104705285e-02
8,uni,-4.720000000000000e-01,5.242579525432803e-02
8,uni,-4.700000000000000e-01,5.576588714839653e-02
8,uni,-4.680000000000000e-01,5.904454830351097e-02
8,uni,-4.660000000000000e-01,6.226053912311420e-02
8,uni,-4.640000000000000e-01,6.541265894883511e-02
8,uni,-4.620000000000000e-01,6.849974615937215e-02
8,uni,-4.600000000000000e-01,7.152067825939100e-02
8,uni,-4.580000000000000e-01,7.447437195856180e-02
8,uni,-4.560000000000000e-01,7.735978324086148e-02
8,uni,-4.540000000000000e-01,8.017590742426316e-02
8,uni,-4.520000000000000e-01,8.292177921093685e-02
8,uni,-4.500000000000000e-01,8.559647272808120e-02
8,uni,-4.480000000000000e-01,8.819910155950719e-02
8,uni,-4.460000000000000e-01,9.072881876809294e-02
8,uni,-4.440000000000000e-01,9.318481690922656e-02
8,uni,-4.419999999999999e-01,9.556632803535459e-02
8,uni,-4.399999999999999e-01,9.787262369174995e-02
8,uni,-4.379999999999999e-01,1.001030149036147e-01
8,uni,-4.360000000000001e-01,1.022568521546283e-01
8,uni,-4.340000000000001e-01,1.043335253570550e-01
8,uni,-4.320000000000001e-01,1.063324638135157e-01
8,uni,-4.300000000000000e-01,1.082531361705375e-01
8,uni,-4.280000000000000e-01,1.100950503639833e-01
8,uni,-4.260000000000000e-01,1.118577535564678e-01
8,uni,-4.240000000000000e-01,1.135408320668636e-01
8,uni,-4.220000000000000e-01,1.151439112919972e-01
8,uni,-4.200000000000000e-01,1.166666556206360e-01
8,uni,-4.180000000000000e-01,1.181087683398631e-01
8,uni,-4.160000000000000e-01,1.194699915339357e-01
8,uni,-4.140000000000000e-01,1.207501059757221e-01
8,uni,-4.120000000000000e-01,1.219489310108059e-01
8,uni,-4.100000000000000e-01,1.230663244343507e-01
8,uni,-4.080000000000000e-01,1.241021823608097e-01
8,uni,-4.060000000000000e-01,1.250564390865669e-01
8,uni,-4.040000000000000e-01,1.259290669455900e-01
8,uni,-4.020000000000000e-01,1.267200761581790e-01
8,uni,-4.000000000000000e-01,1.274295146728831e-01
8,uni,-3.980000000000000e-01,1.280574680016646e-01
8,uni,-3.960000000000000e-01,1.286040590483788e-01
8,uni,-3.940000000000000e-01,1.290694479306416e-01
8,uni,-3.920000000000000e-01,1.294538317951471e-01
8,uni,-3.900000000000000e-01,1.297574446265020e-01
8,uni,-3.880000000000000e-01,1.299805570496333e-01
8,uni,-3.860000000000000e-01,1.301234761258264e-01
8,uni,-3.840000000000000e-01,1.301865451424470e-01
8,uni,-3.820000000000000e-01,1.301701433963940e-01
8,uni,-3.800000000000000e-01,1.300746859713299e-01
8,uni,-3.780000000000000e-01,1.299006235087288e-01
8,uni,-3.760000000000000e-01,1.296484419727805e-01
8,uni,-3.740000000000000e-01,1.293186624091806e-01
8,uni,-3.720000000000000e-01,1.289118406978382e-01
8,uni,-3.700000000000000e-01,1.284285672995224e-01
8,uni,-3.680000000000000e-01,1.278694669964666e-01
8,uni,-3.660000000000000e-01,1.272351986269465e-01
8,uni,-3.640000000000000e-01,1.265264548138364e-01
8,uni,-3.620000000000000e-01,1.257439616871515e-01
8,uni,-3.600000000000000e-01,1.248884786005699e-01
8,uni,-3.580000000000000e-01,1.239607978419288e-01
8,uni,-3.560000000000000e-01,1.229617443376783e-01
8,uni,-3.540000000000000e-01,1.218921753512735e-01
8,uni,-3.520000000000000e-01,1.207529801754775e-01
8,uni,-3.500000000000000e-01,1.195450798185409e-01
8,uni,-3.480000000000000e-01,1.182694266842164e-01
8,uni,-3.460000000000000e-01,1.169270042455611e-01
8,uni,-3.440000000000000e-01,1.155188267124695e-01
8,uni,-3.420000000000000e-01,1.140459386928740e-01
8,uni,-3.400000000000000e-01,1.125094148475393e-01
8,uni,-3.380000000000000e-01,1.109103595383728e-01
8,uni,-3.360000000000000e-01,1.092499064701586e-01
8,uni,-3.340000000000000e-01,1.075292183256186e-01
8,uni,-3.320000000000000e-01,1.057494863936913e-01
8,uni,-3.300000000000000e-01,1.039119301909120e-01
8,uni,-3.280000000000000e-01,1.020177970757644e-01
8,uni,-3.260000000000000e-01,1.000683618558678e-01
8,uni,-3.240000000000000e-01,9.806492638784700e-02
8,uni,-3.220000000000000e-01,9.600881916972853e-02
8,uni,-3.200000000000000e-01,9.390139492568700e-02
8,uni,-3.179999999999999e-01,9.174403418296020e-02
8,uni,-3.159999999999999e-01,8.953814284073491e-02
8,uni,-3.139999999999999e-01,8.728515173079460e-02
8,uni,-3.120000000000001e-01,8.498651616970587e-02
8,uni,-3.100000000000001e-01,8.264371550230742e-02
8,uni,-3.080000000000001e-01,8.025825263625294e-02
8,uni,-3.060000000000000e-01,7.783165356734037e-02
8,uni,-3.040000000000000e-01,7.536546689534970e-02
8,uni,-3.020000000000000e-01,7.286126333009460e-02
8,uni,-3.000000000000000e-01,7.032063518737708e-02
8,uni,-2.980000000000000e-01,6.774519587451736e-02
8,uni,-2.960000000000000e-01,6.513657936511771e-02
8,uni,-2.940000000000000e-01,6.249643966269897e-02
8,uni,-2.920000000000000e-01,5.982645025283190e-02
8,uni,-2.900000000000000e-01,5.712830354337006e-02
8,uni,-2.880000000000000e-01,5.440371029236862e-02
8,uni,-2.860000000000000e-01,5.165439902325952e-02
8,uni,-2.840000000000000e-01,4.888211542683091e-02
8,uni,-2.820000000000000e-01,4.608862174954248e-02
8,uni,-2.800000000000000e-01,4.327569616768723e-02
8,uni,-2.780000000000000e-01,4.044513214689122e-02
8,uni,-2.760000000000000e-01,3.759873778642270e-02
8,uni,-2.740000000000000e-01,3.473833514776159e-02
8,uni,-2.720000000000000e-01,3.186575956686255e-02
8,uni,-2.700000000000000e-01,2.898285894951930e-02
8,uni,-2.680000000000000e-01,2.609149304922403e-02
8,uni,-2.660000000000000e-01,2.319353272688923e-02
8,uni,-2.640000000000000e-01,2.029085919178364e-02
8,uni,-2.620000000000000e-01,1.738536322301160e-02
8,uni,-2.600000000000000e-01,1.447894437084524e-02
8,uni,-2.580000000000000e-01,1.157351013719993e-02
8,uni,-2.560000000000000e-01,8.670975134523806e-03
8,uni,-2.540000000000000e-01,5.773260222354692e-03
8,uni,-2.520000000000000e-01,2.882291620777355e-03
8,uni,-2.500000000000000e-01,0.000000000000000e+00
8,uni,-2.480000000000000e-01,2.871680454751724e-03
8,uni,-2.460000000000000e-01,5.730813003834434e-03
8,uni,-2.440000000000000e-01,8.575459340111835e-03
8,uni,-2.420000000000000e-01,1.140368060304514e-02
8,uni,-2.400000000000000e-01,1.421353842079942e-02
8,uni,-2.380000000000000e-01,1.700309598123190e-02
8,uni,-2.360000000000000e-01,1.977041913262684e-02
8,uni,-2.340000000000000e-01,2.251357751505478e-02
8,uni,-2.320000000000000e-01,2.523064572323014e-02
8,uni,-2.300000000000000e-01,2.791970450174730e-02
8,uni,-2.280000000000000e-01,3.057884197356647e-02
8,uni,-2.260000000000000e-01,3.320615490261725e-02
8,uni,-2.240000000000000e-01,3.579974999138008e-02
8,uni,-2.220000000000000e-01,3.835774521428481e-02
8,uni,-2.200000000000000e-01,4.087827118775594e-02
8,uni,-2.180000000000000e-01,4.335947257770512e-02
8,uni,-2.160000000000000e-01,4.579950954524542e-02
8,uni,-2.140000000000000e-01,4.819655923136873e-02
8,uni,-2.120000000000000e-01,5.054881728128902e-02
8,uni,-2.100000000000000e-01,5.285449940910653e-02
8,uni,-2.080000000000000e-01,5.511184300339622e-02
8,uni,-2.060000000000000e-01,5.731910877426560e-02
8,uni,-2.040000000000000e-01,5.947458244235770e-02
8,uni,-2.020000000000000e-01,6.157657647019676e-02
8,uni,-2.000000000000000e-01,6.362343183619823e-02
8,uni,-1.980000000000000e-01,6.561351985155661e-02
8,uni,-1.960000000000000e-01,6.754524402013573e-02
8,uni,-1.940000000000000e-01,6.941704194135812e-02
8,uni,-1.919999999999999e-01,7.122738725597633e-02
8,uni,-1.899999999999999e-01,7.297479163445908e-02
8,uni,-1.879999999999999e-01,7.465780680758949e-02
8,uni,-1.860000000000001e-01,7.627502663869878e-02
8,uni,-1.840000000000001e-01,7.782508923679055e-02
8,uni,-1.820000000000001e-01,7.930667910961764e-02
8,uni,-1.800000000000000e-01,8.071852935557211e-02
8,uni,-1.780000000000000e-01,8.205942389303011e-02
8,uni,-1.760000000000000e-01,8.332819972555738e-02
8,uni,-1.740000000000000e-01,8.452374924113693e-02
8,uni,-1.720000000000000e-01,8.564502254330864e-02
8,uni,-1.700000000000000e-01,8.669102981183463e-02
8,uni,-1.680000000000000e-01,8.766084369020410e-02
8,uni,-1.660000000000000e-01,8.855360169697324e-02
8,uni,-1.640000000000000e-01,8.936850865761392e-02
8,uni,-1.620000000000000e-01,9.010483915318424e-02
8,uni,-1.600000000000000e-01,9.076193998178317e-02
8,uni,-1.580000000000000e-01,9.133923262835864e-02
8,uni,-1.560000000000000e-01,9.183621573805445e-02
8,uni,-1.540000000000000e-01,9.225246758786254e-02
8,uni,-1.520000000000000e-01,9.258764855092350e-02
8,uni,-1.500000000000000e-01,9.284150354738618e-02
8,uni,-1.480000000000000e-01,9.301386447528048e-02
8,uni,-1.460000000000000e-01,9.310465261439960e-02
8,uni,-1.440000000000000e-01,9.311388099572226e-02
8,uni,-1.420000000000000e-01,9.304165672842357e-02
8,uni,-1.400000000000000e-01,9.288818327604986e-02
8,uni,-1.380000000000000e-01,9.265376267294478e-02
8,uni,-1.360000000000000e-01,9.233879767153075e-02
8,uni,-1.340000000000000e-01,9.194379381058015e-02
8,uni,-1.320000000000000e-01,9.146936139412887e-02
8,uni,-1.300000000000000e-01,9.091621737022759e-02
8,uni,-1.280000000000000e-01,9.028518709828548e-02
8,uni,-1.260000000000000e-01,8.957720599332442e-02
8,uni,-1.240000000000000e-01,8.879332103506177e-02
8,uni,-1.220000000000000e-01,8.793469212937277e-02
8,uni,-1.200000000000000e-01,8.700259330932203e-02
8,uni,-1.180000000000000e-01,8.599841376267670e-02
8,uni,-1.160000000000000e-01,8.492365867253204e-02
8,uni,-1.140000000000000e-01,8.377994985749404e-02
8,uni,-1.120000000000000e-01,8.256902619769435e-02
8,uni,-1.100000000000000e-01,8.129274383284735e-02
8,uni,-1.080000000000000e-01,7.995307611852054e-02
8,uni,-1.060000000000000e-01,7.855211332686884e-02
8,uni,-1.040000000000000e-01,7.709206207820851e-02
8,uni,-1.020000000000000e-01,7.557524449005004e-02
8,uni,-9.999999999999998e-02,7.400409703052524e-02
8,uni,-9.799999999999998e-02,7.238116906357528e-02
8,uni,-9.599999999999997e-02,7.070912107379845e-02
8,uni,-9.399999999999997e-02,6.899072255950256e-02
8,uni,-9.199999999999997e-02,6.722884958326136e-02
8,uni,-8.999999999999997e-02,6.542648197016454e-02
8,uni,-8.799999999999997e-02,6.358670014494816e-02
8,uni,-8.599999999999997e-02,6.171268160032517e-02
8,uni,-8.399999999999996e-02,5.980769699009481e-02
8,uni,-8.199999999999996e-02,5.787510584198996e-02
8,uni,-7.999999999999996e-02,5.591835188674132e-02
8,uni,-7.799999999999996e-02,5.394095800146059e-02
8,uni,-7.599999999999996e-02,5.194652076722028e-02
8,uni,-7.399999999999995e-02,4.993870464256334e-02
8,uni,-7.199999999999995e-02,4.792123575667095e-02
8,uni,-6.999999999999995e-02,4.589789532799626e-02
8,uni,-6.799999999999995e-02,4.387251271635240e-02
8,uni,-6.599999999999995e-02,4.184895811869271e-02
8,uni,-6.399999999999995e-02,3.983113492115564e-02
8,uni,-6.200000000000006e-02,3.782297172231697e-02
8,uni,-6.000000000000005e-02,3.582841404500703e-02
8,uni,-5.800000000000005e-02,3.385141575648498e-02
8,uni,-5.600000000000005e-02,3.189593021919745e-02
8,uni,-5.400000000000005e-02,2.996590119674691e-02
8,uni,-5.200000000000005e-02,2.806525354209011e-02
8,uni,-5.000000000000004e-02,2.619788369725806e-02
8,uni,-4.800000000000004e-02,2.436765003614028e-02
8,uni,-4.600000000000004e-02,2.257836308395211e-02
8,uni,-4.400000000000004e-02,2.083377564899569e-02
8,uni,-4.200000000000004e-02,1.913757290412088e-02
8,uni,-4.000000000000004e-02,1.749336245692978e-02
8,uni,-3.800000000000003e-02,1.590466444919014e-02
8,uni,-3.600000000000003e-02,1.437490172711908e-02
8,uni,-3.400000000000003e-02,1.290739012514786e-02
8,uni,-3.200000000000003e-02,1.150532890646916e-02
8,uni,-3.000000000000003e-02,1.017179140406654e-02
8,uni,-2.800000000000002e-02,8.909715906039950e-03
8,uni,-2.600000000000002e-02,7.721896828834396e-03
8,uni,-2.400000000000002e-02,6.610976221477882e-03
8,uni,-2.200000000000002e-02,5.579435643087383e-03
8,uni,-2.000000000000002e-02,4.629588454753586e-03
8,uni,-1.800000000000002e-02,3.763572565426365e-03
8,uni,-1.600000000000001e-02,2.983343669642258e-03
8,uni,-1.400000000000001e-02,2.290669012811941e-03
8,uni,-1.200000000000001e-02,1.687121717405482e-03
8,uni,-1.000000000000001e-02,1.174075700674959e-03
8,uni,-8.000000000000007e-03,7.527012116304022e-04
8,uni,-6.000000000000005e-03,4.239610117865444e-04
8,uni,-4.000000000000004e-03,1.886072208200362e-04
8,uni,-2.000000000000002e-03,4.717884468419253e-05
8,uni,0.000000000000000e+00,1.110223024625157e-16
8,uni,2.000000000000002e-03,4.717884468430356e-05
8,uni,4.000000000000004e-03,1.886072208202583e-04
8,uni,6.000000000000005e-03,4.239610117865444e-04
8,uni,8.000000000000007e-03,7.527012116304022e-04
8,uni,1.000000000000001e-02,1.174075700674959e-03
8,uni,1.200000000000001e-02,1.687121717405371e-03
8,uni,1.400000000000001e-02,2.290669012811941e-03
8,uni,1.600000000000001e-02,2.983343669642369e-03
8,uni,1.800000000000002e-02,3.763572565426254e-03
8,uni,2.000000000000002e-02,4.629588454753475e-03
8,uni,2.200000000000002e-02,5.579435643087494e-03
8,uni,2.400000000000002e-02,6.610976221477549e-03
8,uni,2.600000000000002e-02,7.721896828834396e-03
8,uni,2.800000000000002e-02,8.909715906039950e-03
8,uni,3.000000000000003e-02,1.017179140406654e-02
8,uni,3.200000000000003e-02,1.150532890646916e-02
8,uni,3.400000000000003e-02,1.290739012514786e-02
8,uni,3.600000000000003e-02,1.437490172711919e-02
8,uni,3.800000000000003e-02,1.590466444919025e-02
8,uni,4.000000000000004e-02,1.749336245692956e-02
8,uni,4.200000000000004e-02,1.913757290412088e-02
8,uni,4.400000000000004e-02,2.083377564899580e-02
8,uni,4.600000000000004e-02,2.257836308395211e-02
8,uni,4.800000000000004e-02,2.436765003614005e-02
8,uni,5.000000000000004e-02,2.619788369725806e-02
8,uni,5.200000000000005e-02,2.806525354208989e-02
8,uni,5.400000000000005e-02,2.996590119674714e-02
8,uni,5.600000000000005e-02,3.189593021919745e-02
8,uni,5.800000000000005e-02,3.385141575648509e-02
8,uni,6.000000000000005e-02,3.582841404500692e-02
8,uni,6.200000000000006e-02,3.782297172231708e-02
8,uni,6.400000000000006e-02,3.983113492115586e-02
8,uni,6.600000000000006e-02,4.184895811869283e-02
8,uni,6.800000000000006e-02,4.387251271635251e-02
8,uni,7.000000000000006e-02,4.589789532799649e-02
8,uni,7.200000000000006e-02,4.792123575667084e-02
8,uni,7.400000000000007e-02,4.993870464256356e-02
8,uni,7.600000000000007e-02,5.194652076722039e-02
8,uni,7.800000000000007e-02,5.394095800146059e-02
8,uni,8.000000000000007e-02,5.591835188674132e-02
8,uni,8.200000000000007e-02,5.787510584199018e-02
8,uni,8.400000000000007e-02,5.980769699009469e-02
8,uni,8.600000000000008e-02,6.171268160032506e-02
8,uni,8.800000000000008e-02,6.358670014494816e-02
8,uni,9.000000000000008e-02,6.542648197016465e-02
8,uni,9.200000000000008e-02,6.722884958326136e-02
8,uni,9.400000000000008e-02,6.899072255950256e-02
8,uni,9.600000000000009e-02,7.070912107379834e-02
8,uni,9.800000000000009e-02,7.238116906357539e-02
8,uni,1.000000000000001e-01,7.400409703052535e-02
8,uni,1.020000000000001e-01,7.557524449005004e-02
8,uni,1.040000000000001e-01,7.709206207820851e-02
8,uni,1.060000000000001e-01,7.855211332686873e-02
8,uni,1.080000000000001e-01,7.995307611852076e-02
8,uni,1.100000000000001e-01,8.129274383284757e-02
8,uni,1.120000000000001e-01,8.256902619769457e-02
8,uni,1.140000000000001e-01,8.377994985749393e-02
8,uni,1.160000000000001e-01,8.492365867253204e-02
8,uni,1.180000000000001e-01,8.599841376267658e-02
8,uni,1.200000000000001e-01,8.700259330932214e-02
8,uni,1.220000000000001e-01,8.793469212937277e-02
8,uni,1.240000000000001e-01,8.879332103506177e-02
8,uni,1.259999999999999e-01,8.957720599332419e-02
8,uni,1.279999999999999e-01,9.028518709828548e-02
8,uni,1.299999999999999e-01,9.091621737022737e-02
8,uni,1.319999999999999e-01,9.146936139412887e-02
8,uni,1.339999999999999e-01,9.194379381058049e-02
8,uni,1.359999999999999e-01,9.233879767153075e-02
8,uni,1.379999999999999e-01,9.265376267294489e-02
8,uni,1.399999999999999e-01,9.288818327604997e-02
8,uni,1.419999999999999e-01,9.304165672842335e-02
8,uni,1.439999999999999e-01,9.311388099572238e-02
8,uni,1.459999999999999e-01,9.310465261439982e-02
8,uni,1.479999999999999e-01,9.301386447528048e-02
8,uni,1.499999999999999e-01,9.284150354738629e-02
8,uni,1.519999999999999e-01,9.258764855092350e-02
8,uni,1.539999999999999e-01,9.225246758786254e-02
8,uni,1.559999999999999e-01,9.183621573805456e-02
8,uni,1.579999999999999e-01,9.133923262835852e-02
8,uni,1.599999999999999e-01,9.076193998178306e-02
8,uni,1.619999999999999e-01,9.010483915318435e-02
8,uni,1.639999999999999e-01,8.936850865761370e-02
8,uni,1.659999999999999e-01,8.855360169697335e-02
8,uni,1.679999999999999e-01,8.766084369020410e-02
8,uni,1.699999999999999e-01,8.669102981183474e-02
8,uni,1.719999999999999e-01,8.564502254330875e-02
8,uni,1.739999999999999e-01,8.452374924113693e-02
8,uni,1.759999999999999e-01,8.332819972555749e-02
8,uni,1.779999999999999e-01,8.205942389303023e-02
8,uni,1.799999999999999e-01,8.071852935557233e-02
8,uni,1.819999999999999e-01,7.930667910961764e-02
8,uni,1.839999999999999e-01,7.782508923679055e-02
8,uni,1.859999999999999e-01,7.627502663869867e-02
8,uni,1.879999999999999e-01,7.465780680758949e-02
8,uni,1.899999999999999e-01,7.297479163445919e-02
8,uni,1.919999999999999e-01,7.122738725597633e-02
8,uni,1.940000000000000e-01,6.941704194135812e-02
8,uni,1.960000000000000e-01,6.754524402013540e-02
8,uni,1.980000000000000e-01,6.561351985155639e-02
8,uni,2.000000000000000e-01,6.362343183619790e-02
8,uni,2.020000000000000e-01,6.157657647019676e-02
8,uni,2.040000000000000e-01,5.947458244235748e-02
8,uni,2.060000000000000e-01,5.731910877426560e-02
8,uni,2.080000000000000e-01,5.511184300339589e-02
8,uni,2.100000000000000e-01,5.285449940910641e-02
8,uni,2.120000000000000e-01,5.054881728128913e-02
8,uni,2.140000000000000e-01,4.819655923136873e-02
8,uni,2.160000000000000e-01,4.579950954524531e-02
8,uni,2.180000000000000e-01,4.335947257770478e-02
8,uni,2.200000000000000e-01,4.087827118775594e-02
8,uni,2.220000000000000e-01,3.835774521428470e-02
8,uni,2.240000000000000e-01,3.579974999137986e-02
8,uni,2.260000000000000e-01,3.320615490261725e-02
8,uni,2.280000000000000e-01,3.057884197356636e-02
8,uni,2.300000000000000e-01,2.791970450174730e-02
8,uni,2.320000000000000e-01,2.523064572323014e-02
8,uni,2.340000000000000e-01,2.251357751505478e-02
8,uni,2.360000000000000e-01,1.977041913262673e-02
8,uni,2.380000000000000e-01,1.700309598123201e-02
8,uni,2.400000000000000e-01,1.421353842079942e-02
8,uni,2.420000000000000e-01,1.140368060304514e-02
8,uni,2.440000000000000e-01,8.575459340111946e-03
8,uni,2.460000000000000e-01,5.730813003834545e-03
8,uni,2.480000000000000e-01,2.871680454751391e-03
8,uni,2.500000000000000e-01,2.220446049250313e-16
8,uni,2.520000000000000e-01,2.882291620777466e-03
8,uni,2.540000000000000e-01,5.773260222355026e-03
8,uni,2.560000000000000e-01,8.670975134523695e-03
8,uni,2.580000000000000e-01,1.157351013719993e-02
8,uni,2.600000000000000e-01,1.447894437084535e-02
8,uni,2.620000000000000e-01,1.738536322301160e-02
8,uni,2.640000000000000e-01,2.029085919178375e-02
8,uni,2.660000000000000e-01,2.319353272688934e-02
8,uni,2.680000000000000e-01,2.609149304922392e-02
8,uni,2.700000000000000e-01,2.898285894951963e-02
8,uni,2.720000000000000e-01,3.186575956686266e-02
8,uni,2.740000000000000e-01,3.473833514776159e-02
8,uni,2.760000000000000e-01,3.759873778642259e-02
8,uni,2.780000000000000e-01,4.044513214689144e-02
8,uni,2.800000000000000e-01,4.327569616768723e-02
8,uni,2.820000000000000e-01,4.608862174954270e-02
8,uni,2.840000000000000e-01,4.888211542683096e-02
8,uni,2.860000000000000e-01,5.165439902325980e-02
8,uni,2.880000000000000e-01,5.440371029236851e-02
8,uni,2.900000000000000e-01,5.712830354337017e-02
8,uni,2.920000000000000e-01,5.982645025283190e-02
8,uni,2.940000000000000e-01,6.249643966269930e-02
8,uni,2.960000000000000e-01,6.513657936511821e-02
8,uni,2.980000000000000e-01,6.774519587451722e-02
8,uni,3.000000000000000e-01,7.032063518737708e-02
8,uni,3.020000000000000e-01,7.286126333009482e-02
8,uni,3.040000000000000e-01,7.536546689534959e-02
8,uni,3.060000000000000e-01,7.783165356734040e-02
8,uni,3.080000000000001e-01,8.025825263625291e-02
8,uni,3.100000000000001e-01,8.264371550230765e-02
8,uni,3.120000000000001e-01,8.498651616970601e-02
8,uni,3.140000000000001e-01,8.728515173079451e-02
8,uni,3.160000000000001e-01,8.953814284073533e-02
8,uni,3.180000000000001e-01,9.174403418296051e-02
8,uni,3.200000000000001e-01,9.390139492568761e-02
8,uni,3.220000000000001e-01,9.600881916972900e-02
8,uni,3.240000000000001e-01,9.806492638784753e-02
8,uni,3.260000000000001e-01,1.000683618558680e-01
8,uni,3.280000000000001e-01,1.020177970757647e-01
8,uni,3.300000000000001e-01,1.039119301909118e-01
8,uni,3.320000000000001e-01,1.057494863936915e-01
8,uni,3.340000000000001e-01,1.075292183256187e-01
8,uni,3.360000000000001e-01,1.092499064701584e-01
8,uni,3.380000000000001e-01,1.109103595383729e-01
8,uni,3.400000000000001e-01,1.125094148475396e-01
8,uni,3.420000000000001e-01,1.140459386928747e-01
8,uni,3.440000000000001e-01,1.155188267124701e-01
8,uni,3.460000000000001e-01,1.169270042455612e-01
8,uni,3.480000000000001e-01,1.182694266842166e-01
8,uni,3.500000000000001e-01,1.195450798185408e-01
8,uni,3.520000000000001e-01,1.207529801754779e-01
8,uni,3.540000000000001e-01,1.218921753512738e-01
8,uni,3.560000000000001e-01,1.229617443376788e-01
8,uni,3.580000000000001e-01,1.239607978419294e-01
8,uni,3.600000000000001e-01,1.248884786005701e-01
8,uni,3.620000000000001e-01,1.257439616871518e-01
8,uni,3.640000000000001e-01,1.265264548138364e-01
8,uni,3.660000000000001e-01,1.272351986269464e-01
8,uni,3.680000000000001e-01,1.278694669964672e-01
8,uni,3.700000000000001e-01,1.284285672995223e-01
8,uni,3.720000000000001e-01,1.289118406978380e-01
8,uni,3.740000000000001e-01,1.293186624091811e-01
8,uni,3.759999999999999e-01,1.296484419727805e-01
8,uni,3.779999999999999e-01,1.299006235087291e-01
8,uni,3.799999999999999e-01,1.300746859713299e-01
8,uni,3.819999999999999e-01,1.301701433963942e-01
8,uni,3.839999999999999e-01,1.301865451424464e-01
8,uni,3.859999999999999e-01,1.301234761258268e-01
8,uni,3.879999999999999e-01,1.299805570496332e-01
8,uni,3.899999999999999e-01,1.297574446265021e-01
8,uni,3.919999999999999e-01,1.294538317951467e-01
8,uni,3.939999999999999e-01,1.290694479306422e-01
8,uni,3.959999999999999e-01,1.286040590483793e-01
8,uni,3.979999999999999e-01,1.280574680016644e-01
8,uni,3.999999999999999e-01,1.274295146728835e-01
8,uni,4.019999999999999e-01,1.267200761581795e-01
8,uni,4.039999999999999e-01,1.259290669455902e-01
8,uni,4.059999999999999e-01,1.250564390865680e-01
8,uni,4.079999999999999e-01,1.241021823608097e-01
8,uni,4.099999999999999e-01,1.230663244343510e-01
8,uni,4.119999999999999e-01,1.219489310108060e-01
8,uni,4.139999999999999e-01,1.207501059757230e-01
8,uni,4.159999999999999e-01,1.194699915339360e-01
8,uni,4.179999999999999e-01,1.181087683398634e-01
8,uni,4.199999999999999e-01,1.166666556206355e-01
8,uni,4.219999999999999e-01,1.151439112919978e-01
8,uni,4.239999999999999e-01,1.135408320668642e-01
8,uni,4.259999999999999e-01,1.118577535564678e-01
8,uni,4.279999999999999e-01,1.100950503639838e-01
8,uni,4.299999999999999e-01,1.082531361705382e-01
8,uni,4.319999999999999e-01,1.063324638135164e-01
8,uni,4.339999999999999e-01,1.043335253570551e-01
8,uni,4.359999999999999e-01,1.022568521546283e-01
8,uni,4.379999999999999e-01,1.001030149036148e-01
8,uni,4.399999999999999e-01,9.787262369175082e-02
8,uni,4.419999999999999e-01,9.556632803535460e-02
8,uni,4.440000000000000e-01,9.318481690922682e-02
8,uni,4.460000000000000e-01,9.072881876809297e-02
8,uni,4.480000000000000e-01,8.819910155950778e-02
8,uni,4.500000000000000e-01,8.559647272808098e-02
8,uni,4.520000000000000e-01,8.292177921093769e-02
8,uni,4.540000000000000e-01,8.017590742426348e-02
8,uni,4.560000000000000e-01,7.735978324086232e-02
8,uni,4.580000000000000e-01,7.447437195856159e-02
8,uni,4.600000000000000e-01,7.152067825939200e-02
8,uni,4.620000000000000e-01,6.849974615937261e-02
8,uni,4.640000000000000e-01,6.541265894883533e-02
8,uni,4.660000000000000e-01,6.226053912311440e-02
8,uni,4.680000000000000e-01,5.904454830351116e-02
8,uni,4.700000000000000e-01,5.576588714839720e-02
8,uni,4.720000000000000e-01,5.242579525432928e-02
8,uni,4.740000000000000e-01,4.902555104705288e-02
8,uni,4.760000000000000e-01,4.556647166227365e-02
8,uni,4.780000000000000e-01,4.204991281604077e-02
8,uni,4.800000000000000e-01,3.847726866465630e-02
8,uni,4.820000000000000e-01,3.484997165393551e-02
8,uni,4.840000000000000e-01,3.116949235772354e-02
8,uni,4.860000000000000e-01,2.743733930550790e-02
8,uni,4.880000000000000e-01,2.365505879901096e-02
8,uni,4.900000000000000e-01,1.982423471763088e-02
8,uni,4.920000000000000e-01,1.594648831257303e-02
8,uni,4.940000000000000e-01,1.202347798956580e-02
8,uni,4.960000000000000e-01,8.056899080006980e-03
8,uni,4.980000000000000e-01,4.048483600409852e-03
8,uni,5.000000000000000e-01,1.110223024625157e-16
8,uni,5.020000000000000e-01,4.086747103645566e-03
8,uni,5.040000000000000e-01,8.209917201106448e-03
8,uni,5.060000000000000e-01,1.236763417985504e-02
8,uni,5.080000000000000e-01,1.655798662540783e-02
8,uni,5.100000000000000e-01,2.077902813501936e-02
8,uni,5.120000000000000e-01,2.502877764404654e-02
8,uni,5.140000000000000e-01,2.930521976513939e-02
8,uni,5.160000000000000e-01,3.360630514040758e-02
8,uni,5.180000000000000e-01,3.792995080669165e-02
8,uni,5.200000000000000e-01,4.227404057409587e-02
8,uni,5.220000000000000e-01,4.663642541791688e-02
8,uni,5.240000000000000e-01,5.101492388412165e-02
8,uni,5.260000000000000e-01,5.540732250853200e-02
8,uni,5.280000000000000e-01,5.981137624983021e-02
8,uni,5.300000000000000e-01,6.422480893657061e-02
8,uni,5.320000000000000e-01,6.864531372831714e-02
8,uni,5.340000000000000e-01,7.307055359108386e-02
8,uni,5.360000000000000e-01,7.749816178719153e-02
8,uni,5.380000000000000e-01,8.192574237973060e-02
8,uni,5.400000000000000e-01,8.635087075174472e-02
8,uni,5.420000000000000e-01,9.077109414032196e-02
8,uni,5.440000000000000e-01,9.518393218570091e-02
8,uni,5.460000000000000e-01,9.958687749560537e-02
8,uni,5.480000000000000e-01,1.039773962248922e-01
8,uni,5.500000000000000e-01,1.083529286707141e-01
8,uni,5.520000000000000e-01,1.127108898833423e-01
8,uni,5.540000000000000e-01,1.170486702927939e-01
8,uni,5.560000000000000e-01,1.213636363514117e-01
8,uni,5.580000000000001e-01,1.256531311925894e-01
8,uni,5.600000000000001e-01,1.299144753057463e-01
8,uni,5.620000000000001e-01,1.341449672277614e-01
8,uni,5.640000000000001e-01,1.383418842509788e-01
8,uni,5.660000000000001e-01,1.425024831479764e-01
8,uni,5.680000000000001e-01,1.466240009132322e-01
8,uni,5.700000000000001e-01,1.507036555218746e-01
8,uni,5.720000000000001e-01,1.547386467056329e-01
8,uni,5.740000000000001e-01,1.587261567462107e-01
8,uni,5.760000000000001e-01,1.626633512861643e-01
8,uni,5.780000000000001e-01,1.665473801575367e-01
8,uni,5.800000000000001e-01,1.703753782283288e-01
8,uni,5.820000000000001e-01,1.741444662670157e-01
8,uni,5.840000000000001e-01,1.778517518252700e-01
8,uni,5.860000000000001e-01,1.814943301390264e-01
8,uni,5.880000000000001e-01,1.850692850480711e-01
8,uni,5.900000000000001e-01,1.885736899343579e-01
8,uni,5.920000000000001e-01,1.920046086791168e-01
8,uni,5.940000000000001e-01,1.953590966390296e-01
8,uni,5.960000000000001e-01,1.986342016415654e-01
8,uni,5.980000000000001e-01,2.018269649996894e-01
8,uni,6.000000000000001e-01,2.049344225460686e-01
8,uni,6.020000000000001e-01,2.079536056869771e-01
8,uni,6.040000000000001e-01,2.108815424760444e-01
8,uni,6.060000000000001e-01,2.137152587080520e-01
8,uni,6.080000000000001e-01,2.164517790328979e-01
8,uni,6.100000000000001e-01,2.190881280899258e-01
8,uni,6.120000000000001e-01,2.216213316628053e-01
8,uni,6.140000000000001e-01,2.240484178550959e-01
8,uni,6.160000000000001e-01,2.263664182866981e-01
8,uni,6.180000000000001e-01,2.285723693113439e-01
8,uni,6.200000000000001e-01,2.306633132553116e-01
8,uni,6.220000000000001e-01,2.326362996775308e-01
8,uni,6.240000000000001e-01,2.344883866512457e-01
8,uni,6.259999999999999e-01,2.362166420674378e-01
8,uni,6.279999999999999e-01,2.378181449601394e-01
8,uni,6.299999999999999e-01,2.392899868538416e-01
8,uni,6.319999999999999e-01,2.406292731331775e-01
8,uni,6.339999999999999e-01,2.418331244350415e-01
8,uni,6.359999999999999e-01,2.428986780633073e-01
8,uni,6.379999999999999e-01,2.438230894263739e-01
8,uni,6.399999999999999e-01,2.446035334976511e-01
8,uni,6.419999999999999e-01,2.452372062992038e-01
8,uni,6.439999999999999e-01,2.457213264087412e-01
8,uni,6.459999999999999e-01,2.460531364900895e-01
8,uni,6.479999999999999e-01,2.462299048473597e-01
8,uni,6.499999999999999e-01,2.462489270030054e-01
8,uni,6.519999999999999e-01,2.461075272998665e-01
8,uni,6.539999999999999e-01,2.458030605275327e-01
8,uni,6.559999999999999e-01,2.453329135730293e-01
8,uni,6.579999999999999e-01,2.446945070961595e-01
8,uni,6.599999999999999e-01,2.438852972295808e-01
8,uni,6.619999999999999e-01,2.429027773038857e-01
8,uni,6.639999999999999e-01,2.417444795977503e-01
8,uni,6.659999999999999e-01,2.404079771135211e-01
8,uni,6.679999999999999e-01,2.388908853781941e-01
8,uni,6.699999999999999e-01,2.371908642701999e-01
8,uni,6.719999999999999e-01,2.353056198719755e-01
8,uni,6.739999999999999e-01,2.332329063486948e-01
8,uni,6.759999999999999e-01,2.309705278531891e-01
8,uni,6.779999999999999e-01,2.285163404573537e-01
8,uni,6.799999999999999e-01,2.258682541101658e-01
8,uni,6.819999999999999e-01,2.230242346225428e-01
8,uni,6.839999999999999e-01,2.199823056791829e-01
8,uni,6.859999999999999e-01,2.167405508776463e-01
8,uni,6.879999999999999e-01,2.132971157947821e-01
8,uni,6.899999999999999e-01,2.096502100807842e-01
8,uni,6.919999999999999e-01,2.057981095809738e-01
8,uni,6.940000000000000e-01,2.017391584855818e-01
8,uni,6.960000000000000e-01,1.974717715076815e-01
8,uni,6.980000000000000e-01,1.929944360894458e-01
8,uni,7.000000000000000e-01,1.883057146369796e-01
8,uni,7.020000000000000e-01,1.834042467838782e-01
8,uni,7.040000000000000e-01,1.782887516837094e-01
8,uni,7.060000000000000e-01,1.729580303316323e-01
8,uni,7.080000000000000e-01,1.674109679153334e-01
8,uni,7.100000000000000e-01,1.616465361954891e-01
8,uni,7.120000000000000e-01,1.556637959159224e-01
8,uni,7.140000000000000e-01,1.494618992437024e-01
8,uni,7.160000000000000e-01,1.430400922393223e-01
8,uni,7.180000000000000e-01,1.363977173572072e-01
8,uni,7.200000000000000e-01,1.295342159767232e-01
8,uni,7.220000000000000e-01,1.224491309638821e-01
8,uni,7.240000000000000e-01,1.151421092639646e-01
8,uni,7.260000000000000e-01,1.076129045252378e-01
8,uni,7.280000000000000e-01,9.986137975400158e-02
8,uni,7.300000000000000e-01,9.188751000112010e-02
8,uni,7.320000000000000e-01,8.369138508026415e-02
8,uni,7.340000000000000e-01,7.527321231806613e-02
8,uni,7.360000000000000e-01,6.663331933643167e-02
8,uni,7.380000000000000e-01,5.777215686710094e-02
8,uni,7.400000000000000e-01,4.869030159878872e-02
8,uni,7.420000000000000e-01,3.938845905703153e-02
8,uni,7.440000000000000e-01,2.986746651694491e-02
8,uni,7.460000000000000e-01,2.012829594919742e-02
8,uni,7.480000000000000e-01,1.017205699920029e-02
8,uni,7.500000000000000e-01,5.828670879282072e-16
8,uni,7.520000000000000e-01,1.038648098120482e-02
8,uni,7.540000000000000e-01,2.098584506246910e-02
8,uni,7.560000000000000e-01,3.179640143243586e-02
8,uni,7.580000000000000e-01,4.281630620119478e-02
8,uni,7.600000000000000e-01,5.404355921658989e-02
8,uni,7.620000000000000e-01,6.547600084573658e-02
8,uni,7.640000000000000e-01,7.711130872149011e-02
8,uni,7.660000000000000e-01,8.894699445370954e-02
8,uni,7.680000000000000e-01,1.009804003051008e-01
8,uni,7.700000000000000e-01,1.132086958313274e-01
8,uni,7.720000000000000e-01,1.256288744854053e-01
8,uni,7.740000000000000e-01,1.382377501858818e-01
8,uni,7.760000000000000e-01,1.510319538487909e-01
8,uni,7.780000000000000e-01,1.640079298831174e-01
8,uni,7.800000000000000e-01,1.771619326494894e-01
8,uni,7.820000000000000e-01,1.904900228820115e-01
8,uni,7.840000000000000e-01,2.039880640728592e-01
8,uni,7.860000000000000e-01,2.176517188195699e-01
8,uni,7.880000000000000e-01,2.314764451347650e-01
8,uni,7.900000000000000e-01,2.454574927179952e-01
8,uni,7.920000000000000e-01,2.595898991896344e-01
8,uni,7.940000000000000e-01,2.738684862865214e-01
8,uni,7.960000000000000e-01,2.882878560191278e-01
8,uni,7.980000000000000e-01,3.028423867900262e-01
8,uni,8.000000000000000e-01,3.175262294735366e-01
8,uni,8.020000000000000e-01,3.323333034562095e-01
8,uni,8.040000000000000e-01,3.472572926379475e-01
8,uni,8.060000000000000e-01,3.622916413936081e-01
8,uni,8.080000000000001e-01,3.774295504947708e-01
8,uni,8.100000000000001e-01,3.926639729915607e-01
8,uni,8.120000000000001e-01,4.079876100542321e-01
8,uni,8.140000000000001e-01,4.233929067742133e-01
8,uni,8.160000000000001e-01,4.388720479245818e-01
8,uni,8.180000000000001e-01,4.544169536795708e-01
8,uni,8.200000000000001e-01,4.700192752929817e-01
8,uni,8.220000000000001e-01,4.856703907351925e-01
8,uni,8.240000000000001e-01,5.013614002886367e-01
8,uni,8.260000000000001e-01,5.170831221014129e-01
8,uni,8.280000000000001e-01,5.328260876989366e-01
8,uni,8.300000000000001e-01,5.485805374532278e-01
8,uni,8.320000000000001e-01,5.643364160097812e-01
8,uni,8.340000000000001e-01,5.800833676716733e-01
8,uni,8.360000000000001e-01,5.958107317407270e-01
8,uni,8.380000000000001e-01,6.115075378154413e-01
8,uni,8.400000000000001e-01,6.271625010455949e-01
8,uni,8.420000000000001e-01,6.427640173431317e-01
8,uni,8.440000000000001e-01,6.583001585491742e-01
8,uni,8.460000000000001e-01,6.737586675569210e-01
8,uni,8.480000000000001e-01,6.891269533902364e-01
8,uni,8.500000000000001e-01,7.043920862375850e-01
8,uni,8.520000000000001e-01,7.195407924412196e-01
8,uni,8.540000000000001e-01,7.345594494412545e-01
8,uni,8.560000000000001e-01,7.494340806745149e-01
8,uni,8.580000000000001e-01,7.641503504278290e-01
8,uni,8.600000000000001e-01,7.786935586455191e-01
8,uni,8.620000000000001e-01,7.930486356910051e-01
8,uni,8.640000000000001e-01,8.072001370620270e-01
8,uni,8.660000000000001e-01,8.211322380595207e-01
8,uni,8.680000000000001e-01,8.348287284097210e-01
8,uni,8.700000000000001e-01,8.482730068393307e-01
8,uni,8.720000000000001e-01,8.614480756034536e-01
8,uni,8.740000000000001e-01,8.743365349661683e-01
8,uni,8.759999999999999e-01,8.869205776333462e-01
8,uni,8.779999999999999e-01,8.991819831376537e-01
8,uni,8.799999999999999e-01,9.111021121752800e-01
8,uni,8.819999999999999e-01,9.226619008943800e-01
8,uni,8.839999999999999e-01,9.338418551347358e-01
8,uni,8.859999999999999e-01,9.446220446187156e-01
8,uni,8.879999999999999e-01,9.549820970929130e-01
8,uni,8.899999999999999e-01,9.649011924205169e-01
8,uni,8.919999999999999e-01,9.743580566240553e-01
8,uni,8.939999999999999e-01,9.833309558782414e-01
8,uni,8.959999999999999e-01,9.917976904526695e-01
8,uni,8.979999999999999e-01,9.997355886042246e-01
8,uni,8.999999999999999e-01,1.007121500418882e+00
8,uni,9.019999999999999e-01,1.013931791602535e+00
8,uni,9.039999999999999e-01,1.020142337220885e+00
8,uni,9.059999999999999e-01,1.025728515387805e+00
8,uni,9.079999999999999e-01,1.030665200902222e+00
8,uni,9.099999999999999e-01,1.034926758833082e+00
8,uni,9.119999999999999e-01,1.038487038052259e+00
8,uni,9.139999999999999e-01,1.041319364714964e+00
8,uni,9.159999999999999e-01,1.043396535687791e+00
8,uni,9.179999999999999e-01,1.044690811923637e+00
8,uni,9.199999999999999e-01,1.045173911783703e+00
8,uni,9.219999999999999e-01,1.044817004305957e+00
8,uni,9.239999999999999e-01,1.043590702420147e+00
8,uni,9.259999999999999e-01,1.041465056108785e+00
8,uni,9.279999999999999e-01,1.038409545514078e+00
8,uni,9.299999999999999e-01,1.034393073990416e+00
8,uni,9.319999999999999e-01,1.029383961102300e+00
8,uni,9.339999999999999e-01,1.023349935567259e+00
8,uni,9.359999999999999e-01,1.016258128143582e+00
8,uni,9.379999999999999e-01,1.008075064462876e+00
8,uni,9.399999999999999e-01,9.987666578065933e-01
8,uni,9.419999999999999e-01,9.882982018268847e-01
8,uni,9.440000000000000e-01,9.766343632110961e-01
8,uni,9.460000000000000e-01,9.637391742899519e-01
8,uni,9.480000000000000e-01,9.495760255888633e-01
8,uni,9.500000000000000e-01,9.341076583223648e-01
8,uni,9.520000000000000e-01,9.172961568312602e-01
8,uni,9.540000000000000e-01,8.991029409622597e-01
8,uni,9.560000000000000e-01,8.794887583899134e-01
8,uni,9.580000000000000e-01,8.584136768804069e-01
8,uni,9.600000000000000e-01,8.358370764971087e-01
8,uni,9.620000000000000e-01,8.117176417476201e-01
8,uni,9.640000000000000e-01,7.860133536718549e-01
8,uni,9.660000000000000e-01,7.586814818711825e-01
8,uni,9.680000000000000e-01,7.296785764781171e-01
8,uni,9.700000000000000e-01,6.989604600663266e-01
8,uni,9.720000000000000e-01,6.664822195009954e-01
8,uni,9.740000000000000e-01,6.321981977286097e-01
8,uni,9.760000000000000e-01,5.960619855068063e-01
8,uni,9.780000000000000e-01,5.580264130730616e-01
8,uni,9.800000000000000e-01,5.180435417527486e-01
8,uni,9.820000000000000e-01,4.760646555057909e-01
8,uni,9.840000000000000e-01,4.320402524117721e-01
8,uni,9.860000000000000e-01,3.859200360934625e-01
8,uni,9.880000000000000e-01,3.376529070779903e-01
8,uni,9.900000000000000e-01,2.871869540960355e-01
8,uni,9.920000000000000e-01,2.344694453180847e-01
8,uni,9.940000000000000e-01,1.794468195280686e-01
8,uni,9.960000000000000e-01,1.220646772336914e-01
8,uni,9.980000000000000e-01,6.226777171349568e-02
8,uni,1.000000000000000e+00,7.382983113757291e-15
8,cheba,-1.000000000000000e+00,6.618191443533969e-02
8,cheba,-9.980000000000000e-01,5.584652258267819e-02
8,cheba,-9.960000000000000e-01,4.602928120967267e-02
8,cheba,-9.940000000000000e-01,3.671591450052041e-02
8,cheba,-9.920000000000000e-01,2.789239415849971e-02
8,cheba,-9.900000000000000e-01,1.954493659787156e-02
8,cheba,-9.880000000000000e-01,1.166000015631663e-02
8,cheba,-9.860000000000000e-01,4.224282327878824e-03
8,cheba,-9.840000000000000e-01,2.775282983730747e-03
8,cheba,-9.820000000000000e-01,9.351528191372388e-03
8,cheba,-9.800000000000000e-01,1.551705473061854e-02
8,cheba,-9.780000000000000e-01,2.128423574567905e-02
8,cheba,-9.760000000000000e-01,2.666521875528817e-02
8,cheba,-9.740000000000000e-01,3.167192829862109e-02
8,cheba,-9.720000000000000e-01,3.631606856133236e-02
8,cheba,-9.700000000000000e-01,4.060912598181340e-02
8,cheba,-9.680000000000000e-01,4.456237183779674e-02
8,cheba,-9.660000000000000e-01,4.818686481320424e-02
8,cheba,-9.640000000000000e-01,5.149345354565261e-02
8,cheba,-9.620000000000000e-01,5.449277915444169e-02
8,cheba,-9.600000000000000e-01,5.719527774914690e-02
8,cheba,-9.580000000000000e-01,5.961118291904630e-02
8,cheba,-9.560000000000000e-01,6.175052820338202e-02
8,cheba,-9.540000000000000e-01,6.362314954236940e-02
8,cheba,-9.520000000000000e-01,6.523868770949023e-02
8,cheba,-9.500000000000000e-01,6.660659072461024e-02
8,cheba,-9.480000000000000e-01,6.773611624847517e-02
8,cheba,-9.460000000000000e-01,6.863633395832153e-02
8,cheba,-9.440000000000000e-01,6.931612790495328e-02
8,cheba,-9.419999999999999e-01,6.978419885120513e-02
8,cheba,-9.399999999999999e-01,7.004906659194385e-02
8,cheba,-9.379999999999999e-01,7.011907225565571e-02
8,cheba,-9.359999999999999e-01,7.000238058775796e-02
8,cheba,-9.339999999999999e-01,6.970698221573297e-02
8,cheba,-9.319999999999999e-01,6.924069589601872e-02
8,cheba,-9.299999999999999e-01,6.861117074295875e-02
8,cheba,-9.280000000000000e-01,6.782588843977877e-02
8,cheba,-9.260000000000000e-01,6.689216543159884e-02
8,cheba,-9.240000000000000e-01,6.581715510077130e-02
8,cheba,-9.220000000000000e-01,6.460784992444762e-02
8,cheba,-9.200000000000000e-01,6.327108361454065e-02
8,cheba,-9.180000000000000e-01,6.181353324011835e-02
8,cheba,-9.160000000000000e-01,6.024172133241791e-02
8,cheba,-9.140000000000000e-01,5.856201797242944e-02
8,cheba,-9.120000000000000e-01,5.678064286117135e-02
8,cheba,-9.100000000000000e-01,5.490366737286043e-02
8,cheba,-9.080000000000000e-01,5.293701659087609e-02
8,cheba,-9.060000000000000e-01,5.088647132672707e-02
8,cheba,-9.040000000000000e-01,4.875767012204490e-02
8,cheba,-9.020000000000000e-01,4.655611123374315e-02
8,cheba,-9.000000000000000e-01,4.428715460235394e-02
8,cheba,-8.980000000000000e-01,4.195602380370332e-02
8,cheba,-8.960000000000000e-01,3.956780798388122e-02
8,cheba,-8.940000000000000e-01,3.712746377778964e-02
8,cheba,-8.920000000000000e-01,3.463981721115379e-02
8,cheba,-8.900000000000000e-01,3.210956558615246e-02
8,cheba,-8.880000000000000e-01,2.954127935080537e-02
8,cheba,-8.860000000000000e-01,2.693940395212779e-02
8,cheba,-8.840000000000000e-01,2.430826167309906e-02
8,cheba,-8.820000000000000e-01,2.165205345370791e-02
8,cheba,-8.800000000000000e-01,1.897486069588030e-02
8,cheba,-8.780000000000000e-01,1.628064705263314e-02
8,cheba,-8.760000000000000e-01,1.357326020134905e-02
8,cheba,-8.740000000000000e-01,1.085643360136804e-02
8,cheba,-8.720000000000000e-01,8.133788235923069e-03
8,cheba,-8.700000000000000e-01,5.408834338477289e-03
8,cheba,-8.680000000000000e-01,2.684973103613805e-03
8,cheba,-8.660000000000000e-01,3.450161750535169e-05
8,cheba,-8.640000000000000e-01,2.746401636978167e-03
8,cheba,-8.620000000000000e-01,5.447642765313926e-03
8,cheba,-8.600000000000000e-01,8.135243161666000e-03
8,cheba,-8.580000000000000e-01,1.080632169924017e-02
8,cheba,-8.560000000000000e-01,1.345809634566678e-02
8,cheba,-8.540000000000000e-01,1.608788255828879e-02
8,cheba,-8.520000000000000e-01,1.869309169436992e-02
8,cheba,-8.500000000000000e-01,2.127122943601984e-02
8,cheba,-8.480000000000000e-01,2.381989422982578e-02
8,cheba,-8.460000000000000e-01,2.633677574114313e-02
8,cheba,-8.440000000000000e-01,2.881965332290095e-02
8,cheba,-8.420000000000000e-01,3.126639449883079e-02
8,cheba,-8.400000000000000e-01,3.367495346118023e-02
8,cheba,-8.380000000000000e-01,3.604336958264921e-02
8,cheba,-8.360000000000000e-01,3.836976594260996e-02
8,cheba,-8.340000000000000e-01,4.065234786745219e-02
8,cheba,-8.320000000000000e-01,4.288940148502238e-02
8,cheba,-8.300000000000000e-01,4.507929229307047e-02
8,cheba,-8.280000000000001e-01,4.722046374163071e-02
8,cheba,-8.260000000000001e-01,4.931143582921473e-02
8,cheba,-8.240000000000001e-01,5.135080371282071e-02
8,cheba,-8.220000000000001e-01,5.333723633163329e-02
8,cheba,-8.200000000000001e-01,5.526947504431622e-02
8,cheba,-8.180000000000001e-01,5.714633227989421e-02
8,cheba,-8.160000000000001e-01,5.896669020209033e-02
8,cheba,-8.140000000000001e-01,6.072949938703533e-02
8,cheba,-8.120000000000001e-01,6.243377751436761e-02
8,cheba,-8.100000000000001e-01,6.407860807147936e-02
8,cheba,-8.080000000000001e-01,6.566313907104424e-02
8,cheba,-8.060000000000000e-01,6.718658178154863e-02
8,cheba,-8.040000000000000e-01,6.864820947093281e-02
8,cheba,-8.020000000000000e-01,7.004735616309499e-02
8,cheba,-8.000000000000000e-01,7.138341540736071e-02
8,cheba,-7.980000000000000e-01,7.265583906066567e-02
8,cheba,-7.960000000000000e-01,7.386413608255252e-02
8,cheba,-7.940000000000000e-01,7.500787134275423e-02
8,cheba,-7.920000000000000e-01,7.608666444139756e-02
8,cheba,-7.900000000000000e-01,7.710018854171498e-02
8,cheba,-7.880000000000000e-01,7.804816921517271e-02
8,cheba,-7.860000000000000e-01,7.893038329897202e-02
8,cheba,-7.840000000000000e-01,7.974665776585932e-02
8,cheba,-7.820000000000000e-01,8.049686860612229e-02
8,cheba,-7.800000000000000e-01,8.118093972175877e-02
8,cheba,-7.780000000000000e-01,8.179884183271349e-02
8,cheba,-7.760000000000000e-01,8.235059139511033e-02
8,cheba,-7.740000000000000e-01,8.283624953141712e-02
8,cheba,-7.720000000000000e-01,8.325592097248041e-02
8,cheba,-7.700000000000000e-01,8.360975301134009e-02
8,cheba,-7.680000000000000e-01,8.389793446875743e-02
8,cheba,-7.660000000000000e-01,8.412069467040363e-02
8,cheba,-7.640000000000000e-01,8.427830243560300e-02
8,cheba,-7.620000000000000e-01,8.437106507759089e-02
8,cheba,-7.600000000000000e-01,8.439932741522269e-02
8,cheba,-7.580000000000000e-01,8.436347079602162e-02
8,cheba,-7.560000000000000e-01,8.426391213050848e-02
8,cheba,-7.540000000000000e-01,8.410110293781176e-02
8,cheba,-7.520000000000000e-01,8.387552840237071e-02
8,cheba,-7.500000000000000e-01,8.358770644174850e-02
8,cheba,-7.480000000000000e-01,8.323818678547001e-02
8,cheba,-7.460000000000000e-01,8.282755006478505e-02
8,cheba,-7.440000000000000e-01,8.235640691331711e-02
8,cheba,-7.420000000000000e-01,8.182539707851921e-02
8,cheba,-7.400000000000000e-01,8.123518854386626e-02
8,cheba,-7.380000000000000e-01,8.058647666171898e-02
8,cheba,-7.360000000000000e-01,7.987998329679520e-02
8,cheba,-7.340000000000000e-01,7.911645598015668e-02
8,cheba,-7.320000000000000e-01,7.829666707367584e-02
8,cheba,-7.300000000000000e-01,7.742141294490477e-02
8,cheba,-7.280000000000000e-01,7.649151315224823e-02
8,cheba,-7.260000000000000e-01,7.550780964042154e-02
8,cheba,-7.240000000000000e-01,7.447116594609447e-02
8,cheba,-7.220000000000000e-01,7.338246641367474e-02
8,cheba,-7.200000000000000e-01,7.224261542110828e-02
8,cheba,-7.180000000000000e-01,7.105253661572788e-02
8,cheba,-7.160000000000000e-01,6.981317215999953e-02
8,cheba,-7.140000000000000e-01,6.852548198711741e-02
8,cheba,-7.120000000000000e-01,6.719044306641542e-02
8,cheba,-7.100000000000000e-01,6.580904867849180e-02
8,cheba,-7.080000000000000e-01,6.438230769999304e-02
8,cheba,-7.060000000000000e-01,6.291124389799496e-02
8,cheba,-7.040000000000000e-01,6.139689523391248e-02
8,cheba,-7.020000000000000e-01,5.984031317688307e-02
8,cheba,-7.000000000000000e-01,5.824256202651598e-02
8,cheba,-6.980000000000000e-01,5.660471824499490e-02
8,cheba,-6.960000000000000e-01,5.492786979846953e-02
8,cheba,-6.940000000000000e-01,5.321311550759331e-02
8,cheba,-6.919999999999999e-01,5.146156440724643e-02
8,cheba,-6.899999999999999e-01,4.967433511531257e-02
8,cheba,-6.879999999999999e-01,4.785255521045484e-02
8,cheba,-6.859999999999999e-01,4.599736061884385e-02
8,cheba,-6.839999999999999e-01,4.410989500977806e-02
8,cheba,-6.819999999999999e-01,4.219130920008816e-02
8,cheba,-6.799999999999999e-01,4.024276056731380e-02
8,cheba,-6.779999999999999e-01,3.826541247156505e-02
8,cheba,-6.759999999999999e-01,3.626043368600608e-02
8,cheba,-6.739999999999999e-01,3.422899783588690e-02
8,cheba,-6.719999999999999e-01,3.217228284609340e-02
8,cheba,-6.699999999999999e-01,3.009147039711124e-02
8,cheba,-6.679999999999999e-01,2.798774538937110e-02
8,cheba,-6.659999999999999e-01,2.586229541590465e-02
8,cheba,-6.639999999999999e-01,2.371631024322982e-02
8,cheba,-6.619999999999999e-01,2.155098130043251e-02
8,cheba,-6.599999999999999e-01,1.936750117637129e-02
8,cheba,-6.579999999999999e-01,1.716706312492473e-02
8,cheba,-6.560000000000000e-01,1.495086057825140e-02
8,cheba,-6.540000000000000e-01,1.272008666796233e-02
8,cheba,-6.520000000000000e-01,1.047593375419892e-02
8,cheba,-6.500000000000000e-01,8.219592962490446e-03
8,cheba,-6.480000000000000e-01,5.952253728373880e-03
8,cheba,-6.460000000000000e-01,3.675103349704931e-03
8,cheba,-6.440000000000000e-01,1.389326546588243e-03
8,cheba,-6.420000000000000e-01,9.038949711204364e-04
8,cheba,-6.400000000000000e-01,3.203382928808243e-03
8,cheba,-6.380000000000000e-01,5.507962904658228e-03
8,cheba,-6.360000000000000e-01,7.816464739814594e-03
8,cheba,-6.340000000000000e-01,1.012772294121764e-02
8,cheba,-6.320000000000000e-01,1.244057707720070e-02
8,cheba,-6.300000000000000e-01,1.475387216583716e-02
8,cheba,-6.280000000000000e-01,1.706645905620505e-02
8,cheba,-6.260000000000000e-01,1.937719480250973e-02
8,cheba,-6.240000000000000e-01,2.168494303121636e-02
8,cheba,-6.220000000000000e-01,2.398857430121255e-02
8,cheba,-6.200000000000000e-01,2.628696645705730e-02
8,cheba,-6.180000000000000e-01,2.857900497538782e-02
8,cheba,-6.160000000000000e-01,3.086358330454435e-02
8,cheba,-6.140000000000000e-01,3.313960319745589e-02
8,cheba,-6.120000000000000e-01,3.540597503786032e-02
8,cheba,-6.100000000000000e-01,3.766161815992885e-02
8,cheba,-6.080000000000000e-01,3.990546116130411e-02
8,cheba,-6.060000000000000e-01,4.213644220967646e-02
8,cheba,-6.040000000000000e-01,4.435350934290632e-02
8,cheba,-6.020000000000000e-01,4.655562076277266e-02
8,cheba,-6.000000000000000e-01,4.874174512239787e-02
8,cheba,-5.980000000000000e-01,5.091086180741940e-02
8,cheba,-5.960000000000000e-01,5.306196121093985e-02
8,cheba,-5.940000000000000e-01,5.519404500234093e-02
8,cheba,-5.920000000000001e-01,5.730612639000165e-02
8,cheba,-5.900000000000001e-01,5.939723037798893e-02
8,cheba,-5.880000000000001e-01,6.146639401675648e-02
8,cheba,-5.860000000000001e-01,6.351266664794515e-02
8,cheba,-5.840000000000001e-01,6.553511014329116e-02
8,cheba,-5.820000000000001e-01,6.753279913775809e-02
8,cheba,-5.800000000000001e-01,6.950482125689383e-02
8,cheba,-5.780000000000001e-01,7.145027733850537e-02
8,cheba,-5.760000000000001e-01,7.336828164868771e-02
8,cheba,-5.740000000000001e-01,7.525796209227509e-02
8,cheba,-5.720000000000001e-01,7.711846041776033e-02
8,cheba,-5.700000000000001e-01,7.894893241674568e-02
8,cheba,-5.680000000000001e-01,8.074854811797486e-02
8,cheba,-5.660000000000001e-01,8.251649197600719e-02
8,cheba,-5.640000000000001e-01,8.425196305457638e-02
8,cheba,-5.620000000000001e-01,8.595417520471076e-02
8,cheba,-5.600000000000001e-01,8.762235723764300e-02
8,cheba,-5.580000000000001e-01,8.925575309258915e-02
8,cheba,-5.560000000000000e-01,9.085362199943933e-02
8,cheba,-5.540000000000000e-01,9.241523863639550e-02
8,cheba,-5.520000000000000e-01,9.393989328266265e-02
8,cheba,-5.500000000000000e-01,9.542689196618326e-02
8,cheba,-5.480000000000000e-01,9.687555660651286e-02
8,cheba,-5.460000000000000e-01,9.828522515288816e-02
8,cheba,-5.440000000000000e-01,9.965525171750102e-02
8,cheba,-5.420000000000000e-01,1.009850067040928e-01
8,cheba,-5.400000000000000e-01,1.022738769318668e-01
8,cheba,-5.380000000000000e-01,1.035212657547978e-01
8,cheba,-5.360000000000000e-01,1.047265931764000e-01
8,cheba,-5.340000000000000e-01,1.058892959599826e-01
8,cheba,-5.320000000000000e-01,1.070088277344546e-01
8,cheba,-5.300000000000000e-01,1.080846590957441e-01
8,cheba,-5.280000000000000e-01,1.091162777038551e-01
8,cheba,-5.260000000000000e-01,1.101031883756496e-01
8,cheba,-5.240000000000000e-01,1.110449131733713e-01
8,cheba,-5.220000000000000e-01,1.119409914889895e-01
8,cheba,-5.200000000000000e-01,1.127909801243894e-01
8,cheba,-5.180000000000000e-01,1.135944533674945e-01
8,cheba,-5.160000000000000e-01,1.143510030643203e-01
8,cheba,-5.140000000000000e-01,1.150602386870669e-01
8,cheba,-5.120000000000000e-01,1.157217873982536e-01
8,cheba,-5.100000000000000e-01,1.163352941109753e-01
8,cheba,-5.080000000000000e-01,1.169004215453145e-01
8,cheba,-5.060000000000000e-01,1.174168502809638e-01
8,cheba,-5.040000000000000e-01,1.178842788061017e-01
8,cheba,-5.020000000000000e-01,1.183024235625856e-01
8,cheba,-5.000000000000000e-01,1.186710189874898e-01
8,cheba,-4.980000000000000e-01,1.189898175510569e-01
8,cheba,-4.960000000000000e-01,1.192585897910884e-01
8,cheba,-4.940000000000000e-01,1.194771243438445e-01
8,cheba,-4.920000000000000e-01,1.196452279714834e-01
8,cheba,-4.900000000000000e-01,1.197627255860960e-01
8,cheba,-4.880000000000000e-01,1.198294602703766e-01
8,cheba,-4.860000000000000e-01,1.198452932949778e-01
8,cheba,-4.840000000000000e-01,1.198101041326033e-01
8,cheba,-4.820000000000000e-01,1.197237904688624e-01
8,cheba,-4.800000000000000e-01,1.195862682099597e-01
8,cheba,-4.780000000000000e-01,1.193974714872392e-01
8,cheba,-4.760000000000000e-01,1.191573526586378e-01
8,cheba,-4.740000000000000e-01,1.188658823071020e-01
8,cheba,-4.720000000000000e-01,1.185230492359795e-01
8,cheba,-4.700000000000000e-01,1.181288604614708e-01
8,cheba,-4.680000000000000e-01,1.176833412021424e-01
8,cheba,-4.660000000000000e-01,1.171865348655733e-01
8,cheba,-4.640000000000000e-01,1.166385030321528e-01
8,cheba,-4.620000000000000e-01,1.160393254360924e-01
8,cheba,-4.600000000000000e-01,1.153890999436708e-01
8,cheba,-4.580000000000000e-01,1.146879425287595e-01
8,cheba,-4.560000000000000e-01,1.139359872456742e-01
8,cheba,-4.540000000000000e-01,1.131333861993797e-01
8,cheba,-4.520000000000000e-01,1.122803095130868e-01
8,cheba,-4.500000000000000e-01,1.113769452932832e-01
8,cheba,-4.480000000000000e-01,1.104234995922293e-01
8,cheba,-4.460000000000000e-01,1.094201963679496e-01
8,cheba,-4.440000000000000e-01,1.083672774417643e-01
8,cheba,-4.419999999999999e-01,1.072650024533897e-01
8,cheba,-4.399999999999999e-01,1.061136488136282e-01
8,cheba,-4.379999999999999e-01,1.049135116546952e-01
8,cheba,-4.360000000000001e-01,1.036649037782062e-01
8,cheba,-4.340000000000001e-01,1.023681556008498e-01
8,cheba,-4.320000000000001e-01,1.010236150977807e-01
8,cheba,-4.300000000000000e-01,9.963164774375141e-02
8,cheba,-4.280000000000000e-01,9.819263645201762e-02
8,cheba,-4.260000000000000e-01,9.670698151103600e-02
8,cheba,-4.240000000000000e-01,9.517510051897272e-02
8,cheba,-4.220000000000000e-01,9.359742831605850e-02
8,cheba,-4.200000000000000e-01,9.197441691479108e-02
8,cheba,-4.180000000000000e-01,9.030653542802417e-02
8,cheba,-4.160000000000000e-01,8.859426999493877e-02
8,cheba,-4.140000000000000e-01,8.683812370493479e-02
8,cheba,-4.120000000000000e-01,8.503861651943082e-02
8,cheba,-4.100000000000000e-01,8.319628519161332e-02
8,cheba,-4.080000000000000e-01,8.131168318411730e-02
8,cheba,-4.060000000000000e-01,7.938538058466546e-02
8,cheba,-4.040000000000000e-01,7.741796401966317e-02
8,cheba,-4.020000000000000e-01,7.541003656575690e-02
8,cheba,-4.000000000000000e-01,7.336221765935386e-02
8,cheba,-3.980000000000000e-01,7.127514300410634e-02
8,cheba,-3.960000000000000e-01,6.914946447635414e-02
8,cheba,-3.940000000000000e-01,6.698585002852389e-02
8,cheba,-3.920000000000000e-01,6.478498359046911e-02
8,cheba,-3.900000000000000e-01,6.254756496874883e-02
8,cheba,-3.880000000000000e-01,6.027430974382506e-02
8,cheba,-3.860000000000000e-01,5.796594916516337e-02
8,cheba,-3.840000000000000e-01,5.562323004421710e-02
8,cheba,-3.820000000000000e-01,5.324691464527179e-02
8,cheba,-3.800000000000000e-01,5.083778057411883e-02
8,cheba,-3.780000000000000e-01,4.839662066453632e-02
8,cheba,-3.760000000000000e-01,4.592424286253641e-02
8,cheba,-3.740000000000000e-01,4.342147010833530e-02
8,cheba,-3.720000000000000e-01,4.088914021602205e-02
8,cheba,-3.700000000000000e-01,3.832810575085649e-02
8,cheba,-3.680000000000000e-01,3.573923390416731e-02
8,cheba,-3.660000000000000e-01,3.312340636577427e-02
8,cheba,-3.640000000000000e-01,3.048151919389100e-02
8,cheba,-3.620000000000000e-01,2.781448268243153e-02
8,cheba,-3.600000000000000e-01,2.512322122565516e-02
8,cheba,-3.580000000000000e-01,2.240867318007292e-02
8,cheba,-3.560000000000000e-01,1.967179072353165e-02
8,cheba,-3.540000000000000e-01,1.691353971138965e-02
8,cheba,-3.520000000000000e-01,1.413489952968680e-02
8,cheba,-3.500000000000000e-01,1.133686294521657e-02
8,cheba,-3.480000000000000e-01,8.520435952382693e-03
8,cheba,-3.460000000000000e-01,5.686637616728912e-03
8,cheba,-3.440000000000000e-01,2.836499915030322e-03
8,cheba,-3.420000000000000e-01,2.893242819951292e-05
8,cheba,-3.400000000000000e-01,2.908602107907055e-03
8,cheba,-3.380000000000000e-01,5.801439409557407e-03
8,cheba,-3.360000000000000e-01,8.706362384201971e-03
8,cheba,-3.340000000000000e-01,1.162227702771795e-02
8,cheba,-3.320000000000000e-01,1.454807746439152e-02
8,cheba,-3.300000000000000e-01,1.748264613502665e-02
8,cheba,-3.280000000000000e-01,2.042485398976424e-02
8,cheba,-3.260000000000000e-01,2.337356068581720e-02
8,cheba,-3.240000000000000e-01,2.632761479033502e-02
8,cheba,-3.220000000000000e-01,2.928585398860978e-02
8,cheba,-3.200000000000000e-01,3.224710529786723e-02
8,cheba,-3.179999999999999e-01,3.521018528688208e-02
8,cheba,-3.159999999999999e-01,3.817390030166939e-02
8,cheba,-3.139999999999999e-01,4.113704669754092e-02
8,cheba,-3.120000000000001e-01,4.409841107777701e-02
8,cheba,-3.100000000000001e-01,4.705677053924462e-02
8,cheba,-3.080000000000001e-01,5.001089292523581e-02
8,cheba,-3.060000000000000e-01,5.295953708588025e-02
8,cheba,-3.040000000000000e-01,5.590145314644501e-02
8,cheba,-3.020000000000000e-01,5.883538278389683e-02
8,cheba,-3.000000000000000e-01,6.176005951206520e-02
8,cheba,-2.980000000000000e-01,6.467420897582332e-02
8,cheba,-2.960000000000000e-01,6.757654925465878e-02
8,cheba,-2.940000000000000e-01,7.046579117606933e-02
8,cheba,-2.920000000000000e-01,7.334063863919743e-02
8,cheba,-2.900000000000000e-01,7.619978894918117e-02
8,cheba,-2.880000000000000e-01,7.904193316265795e-02
8,cheba,-2.860000000000000e-01,8.186575644493399e-02
8,cheba,-2.840000000000000e-01,8.466993843930687e-02
8,cheba,-2.820000000000000e-01,8.745315364907785e-02
8,cheba,-2.800000000000000e-01,9.021407183277741e-02
8,cheba,-2.780000000000000e-01,9.295135841319385e-02
8,cheba,-2.760000000000000e-01,9.566367490075350e-02
8,cheba,-2.740000000000000e-01,9.834967933188288e-02
8,cheba,-2.720000000000000e-01,1.010080267229511e-01
8,cheba,-2.700000000000000e-01,1.036373695404491e-01
8,cheba,-2.680000000000000e-01,1.062363581880534e-01
8,cheba,-2.660000000000000e-01,1.088036415112692e-01
8,cheba,-2.640000000000000e-01,1.113378673203372e-01
8,cheba,-2.620000000000000e-01,1.138376829321410e-01
8,cheba,-2.600000000000000e-01,1.163017357318382e-01
8,cheba,-2.580000000000000e-01,1.187286737549928e-01
8,cheba,-2.560000000000000e-01,1.211171462909679e-01
8,cheba,-2.540000000000000e-01,1.234658045083915e-01
8,cheba,-2.520000000000000e-01,1.257733021034937e-01
8,cheba,-2.500000000000000e-01,1.280382959721644e-01
8,cheba,-2.480000000000000e-01,1.302594469065572e-01
8,cheba,-2.460000000000000e-01,1.324354203171192e-01
8,cheba,-2.440000000000000e-01,1.345648869809105e-01
8,cheba,-2.420000000000000e-01,1.366465238171073e-01
8,cheba,-2.400000000000000e-01,1.386790146905830e-01
8,cheba,-2.380000000000000e-01,1.406610512444776e-01
8,cheba,-2.360000000000000e-01,1.425913337626685e-01
8,cheba,-2.340000000000000e-01,1.444685720630595e-01
8,cheba,-2.320000000000000e-01,1.462914864226172e-01
8,cheba,-2.300000000000000e-01,1.480588085350647e-01
8,cheba,-2.280000000000000e-01,1.497692825021590e-01
8,cheba,-2.260000000000000e-01,1.514216658594606e-01
8,cheba,-2.240000000000000e-01,1.530147306374933e-01
8,cheba,-2.220000000000000e-01,1.545472644591857e-01
8,cheba,-2.200000000000000e-01,1.560180716744549e-01
8,cheba,-2.180000000000000e-01,1.574259745327852e-01
8,cheba,-2.160000000000000e-01,1.587698143946100e-01
8,cheba,-2.140000000000000e-01,1.600484529822867e-01
8,cheba,-2.120000000000000e-01,1.612607736713983e-01
8,cheba,-2.100000000000000e-01,1.624056828230894e-01
8,cheba,-2.080000000000000e-01,1.634821111580671e-01
8,cheba,-2.060000000000000e-01,1.644890151728644e-01
8,cheba,-2.040000000000000e-01,1.654253785988689e-01
8,cheba,-2.020000000000000e-01,1.662902139045639e-01
8,cheba,-2.000000000000000e-01,1.670825638413320e-01
8,cheba,-1.980000000000000e-01,1.678015030330851e-01
8,cheba,-1.960000000000000e-01,1.684461396098672e-01
8,cheba,-1.940000000000000e-01,1.690156168854836e-01
8,cheba,-1.919999999999999e-01,1.695091150790549e-01
8,cheba,-1.899999999999999e-01,1.699258530802862e-01
8,cheba,-1.879999999999999e-01,1.702650902580669e-01
8,cheba,-1.860000000000001e-01,1.705261283118762e-01
8,cheba,-1.840000000000001e-01,1.707083131652701e-01
8,cheba,-1.820000000000001e-01,1.708110369005597e-01
8,cheba,-1.800000000000000e-01,1.708337397335704e-01
8,cheba,-1.780000000000000e-01,1.707759120271544e-01
8,cheba,-1.760000000000000e-01,1.706370963419069e-01
8,cheba,-1.740000000000000e-01,1.704168895222693e-01
8,cheba,-1.720000000000000e-01,1.701149448159519e-01
8,cheba,-1.700000000000000e-01,1.697309740243167e-01
8,cheba,-1.680000000000000e-01,1.692647496810704e-01
8,cheba,-1.660000000000000e-01,1.687161072562948e-01
8,cheba,-1.640000000000000e-01,1.680849473825153e-01
8,cheba,-1.620000000000000e-01,1.673712380991610e-01
8,cheba,-1.600000000000000e-01,1.665750171114012e-01
8,cheba,-1.580000000000000e-01,1.656963940589646e-01
8,cheba,-1.560000000000000e-01,1.647355527901524e-01
8,cheba,-1.540000000000000e-01,1.636927536358439e-01
8,cheba,-1.520000000000000e-01,1.625683356778672e-01
8,cheba,-1.500000000000000e-01,1.613627190056757e-01
8,cheba,-1.480000000000000e-01,1.600764069548102e-01
8,cheba,-1.460000000000000e-01,1.587099883201750e-01
8,cheba,-1.440000000000000e-01,1.572641395366854e-01
8,cheba,-1.420000000000000e-01,1.557396268193623e-01
8,cheba,-1.400000000000000e-01,1.541373082544755e-01
8,cheba,-1.380000000000000e-01,1.524581358328549e-01
8,cheba,-1.360000000000000e-01,1.507031574159946e-01
8,cheba,-1.340000000000000e-01,1.488735186251117e-01
8,cheba,-1.320000000000000e-01,1.469704646428426e-01
8,cheba,-1.300000000000000e-01,1.449953419167936e-01
8,cheba,-1.280000000000000e-01,1.429495997537247e-01
8,cheba,-1.260000000000000e-01,1.408347917927125e-01
8,cheba,-1.240000000000000e-01,1.386525773452357e-01
8,cheba,-1.220000000000000e-01,1.364047225897507e-01
8,cheba,-1.200000000000000e-01,1.340931016079807e-01
8,cheba,-1.180000000000000e-01,1.317196972498484e-01
8,cheba,-1.160000000000000e-01,1.292866018137034e-01
8,cheba,-1.140000000000000e-01,1.267960175283195e-01
8,cheba,-1.120000000000000e-01,1.242502568229497e-01
8,cheba,-1.100000000000000e-01,1.216517423716799e-01
8,cheba,-1.080000000000000e-01,1.190030068982663e-01
8,cheba,-1.060000000000000e-01,1.163066927277330e-01
8,cheba,-1.040000000000000e-01,1.135655510711238e-01
8,cheba,-1.020000000000000e-01,1.107824410300471e-01
8,cheba,-9.999999999999998e-02,1.079603283079729e-01
8,cheba,-9.799999999999998e-02,1.051022836156634e-01
8,cheba,-9.599999999999997e-02,1.022114807586596e-01
8,cheba,-9.399999999999997e-02,9.929119439538325e-02
8,cheba,-9.199999999999997e-02,9.634479745517499e-02
8,cheba,-8.999999999999997e-02,9.337575820647670e-02
8,cheba,-8.799999999999997e-02,9.038763696635888e-02
8,cheba,-8.599999999999997e-02,8.738408244373497e-02
8,cheba,-8.399999999999996e-02,8.436882770985421e-02
8,cheba,-8.199999999999996e-02,8.134568579105139e-02
8,cheba,-7.999999999999996e-02,7.831854488024570e-02
8,cheba,-7.799999999999996e-02,7.529136316531115e-02
8,cheba,-7.599999999999996e-02,7.226816327420771e-02
8,cheba,-7.399999999999995e-02,6.925302633862107e-02
8,cheba,-7.199999999999995e-02,6.625008567985924e-02
8,cheba,-6.999999999999995e-02,6.326352012282099e-02
8,cheba,-6.799999999999995e-02,6.029754694604439e-02
8,cheba,-6.599999999999995e-02,5.735641447808382e-02
8,cheba,-6.399999999999995e-02,5.444439435280113e-02
8,cheba,-6.200000000000006e-02,5.156577343852842e-02
8,cheba,-6.000000000000005e-02,4.872484545847156e-02
8,cheba,-5.800000000000005e-02,4.592590232215621e-02
8,cheba,-5.600000000000005e-02,4.317322519016098e-02
8,cheba,-5.400000000000005e-02,4.047107529676719e-02
8,cheba,-5.200000000000005e-02,3.782368455756380e-02
8,cheba,-5.000000000000004e-02,3.523524599130501e-02
8,cheba,-4.800000000000004e-02,3.270990398757379e-02
8,cheba,-4.600000000000004e-02,3.025174445388135e-02
8,cheba,-4.400000000000004e-02,2.786478487782429e-02
8,cheba,-4.200000000000004e-02,2.555296434170828e-02
8,cheba,-4.000000000000004e-02,2.332013352870110e-02
8,cheba,-3.800000000000003e-02,2.117004476097561e-02
8,cheba,-3.600000000000003e-02,1.910634211152729e-02
8,cheba,-3.400000000000003e-02,1.713255163226868e-02
8,cheba,-3.200000000000003e-02,1.525207174172383e-02
8,cheba,-3.000000000000003e-02,1.346816381601890e-02
8,cheba,-2.800000000000002e-02,1.178394302699526e-02
8,cheba,-2.600000000000002e-02,1.020236947105424e-02
8,cheba,-2.400000000000002e-02,8.726239631851707e-03
8,cheba,-2.200000000000002e-02,7.358178219097455e-03
8,cheba,-2.000000000000002e-02,6.100630424583309e-03
8,cheba,-1.800000000000002e-02,4.955854635062540e-03
8,cheba,-1.600000000000001e-02,3.925915639828137e-03
8,cheba,-1.400000000000001e-02,3.012678368707111e-03
8,cheba,-1.200000000000001e-02,2.217802193821616e-03
8,cheba,-1.000000000000001e-02,1.542735825748265e-03
8,cheba,-8.000000000000007e-03,9.887128318031291e-04
8,cheba,-6.000000000000005e-03,5.567478009680382e-04
8,cheba,-4.000000000000004e-03,2.476331766012585e-04
8,cheba,-2.000000000000002e-03,6.193677448051993e-05
8,cheba,0.000000000000000e+00,2.220446049250313e-16
8,cheba,2.000000000000002e-03,6.193677448051993e-05
8,cheba,4.000000000000004e-03,2.476331766012585e-04
8,cheba,6.000000000000005e-03,5.567478009680382e-04
8,cheba,8.000000000000007e-03,9.887128318032401e-04
8,cheba,1.000000000000001e-02,1.542735825748265e-03
8,cheba,1.200000000000001e-02,2.217802193821505e-03
8,cheba,1.400000000000001e-02,3.012678368707222e-03
8,cheba,1.600000000000001e-02,3.925915639828026e-03
8,cheba,1.800000000000002e-02,4.955854635062762e-03
8,cheba,2.000000000000002e-02,6.100630424583309e-03
8,cheba,2.200000000000002e-02,7.358178219097788e-03
8,cheba,2.400000000000002e-02,8.726239631851596e-03
8,cheba,2.600000000000002e-02,1.020236947105413e-02
8,cheba,2.800000000000002e-02,1.178394302699515e-02
8,cheba,3.000000000000003e-02,1.346816381601901e-02
8,cheba,3.200000000000003e-02,1.525207174172383e-02
8,cheba,3.400000000000003e-02,1.713255163226879e-02
8,cheba,3.600000000000003e-02,1.910634211152706e-02
8,cheba,3.800000000000003e-02,2.117004476097573e-02
8,cheba,4.000000000000004e-02,2.332013352870088e-02
8,cheba,4.200000000000004e-02,2.555296434170851e-02
8,cheba,4.400000000000004e-02,2.786478487782429e-02
8,cheba,4.600000000000004e-02,3.025174445388157e-02
8,cheba,4.800000000000004e-02,3.270990398757367e-02
8,cheba,5.000000000000004e-02,3.523524599130512e-02
8,cheba,5.200000000000005e-02,3.782368455756357e-02
8,cheba,5.400000000000005e-02,4.047107529676719e-02
8,cheba,5.600000000000005e-02,4.317322519016076e-02
8,cheba,5.800000000000005e-02,4.592590232215632e-02
8,cheba,6.000000000000005e-02,4.872484545847133e-02
8,cheba,6.200000000000006e-02,5.156577343852853e-02
8,cheba,6.400000000000006e-02,5.444439435280124e-02
8,cheba,6.600000000000006e-02,5.735641447808382e-02
8,cheba,6.800000000000006e-02,6.029754694604461e-02
8,cheba,7.000000000000006e-02,6.326352012282110e-02
8,cheba,7.200000000000006e-02,6.625008567985913e-02
8,cheba,7.400000000000007e-02,6.925302633862129e-02
8,cheba,7.600000000000007e-02,7.226816327420782e-02
8,cheba,7.800000000000007e-02,7.529136316531138e-02
8,cheba,8.000000000000007e-02,7.831854488024592e-02
8,cheba,8.200000000000007e-02,8.134568579105184e-02
8,cheba,8.400000000000007e-02,8.436882770985454e-02
8,cheba,8.600000000000008e-02,8.738408244373530e-02
8,cheba,8.800000000000008e-02,9.038763696635910e-02
8,cheba,9.000000000000008e-02,9.337575820647703e-02
8,cheba,9.200000000000008e-02,9.634479745517543e-02
8,cheba,9.400000000000008e-02,9.929119439538359e-02
8,cheba,9.600000000000009e-02,1.022114807586600e-01
8,cheba,9.800000000000009e-02,1.051022836156638e-01
8,cheba,1.000000000000001e-01,1.079603283079730e-01
8,cheba,1.020000000000001e-01,1.107824410300473e-01
8,cheba,1.040000000000001e-01,1.135655510711239e-01
8,cheba,1.060000000000001e-01,1.163066927277332e-01
8,cheba,1.080000000000001e-01,1.190030068982665e-01
8,cheba,1.100000000000001e-01,1.216517423716800e-01
8,cheba,1.120000000000001e-01,1.242502568229499e-01
8,cheba,1.140000000000001e-01,1.267960175283197e-01
8,cheba,1.160000000000001e-01,1.292866018137040e-01
8,cheba,1.180000000000001e-01,1.317196972498483e-01
8,cheba,1.200000000000001e-01,1.340931016079812e-01
8,cheba,1.220000000000001e-01,1.364047225897508e-01
8,cheba,1.240000000000001e-01,1.386525773452361e-01
8,cheba,1.259999999999999e-01,1.408347917927126e-01
8,cheba,1.279999999999999e-01,1.429495997537247e-01
8,cheba,1.299999999999999e-01,1.449953419167934e-01
8,cheba,1.319999999999999e-01,1.469704646428424e-01
8,cheba,1.339999999999999e-01,1.488735186251116e-01
8,cheba,1.359999999999999e-01,1.507031574159944e-01
8,cheba,1.379999999999999e-01,1.524581358328552e-01
8,cheba,1.399999999999999e-01,1.541373082544756e-01
8,cheba,1.419999999999999e-01,1.557396268193619e-01
8,cheba,1.439999999999999e-01,1.572641395366855e-01
8,cheba,1.459999999999999e-01,1.587099883201750e-01
8,cheba,1.479999999999999e-01,1.600764069548101e-01
8,cheba,1.499999999999999e-01,1.613627190056758e-01
8,cheba,1.519999999999999e-01,1.625683356778673e-01
8,cheba,1.539999999999999e-01,1.636927536358438e-01
8,cheba,1.559999999999999e-01,1.647355527901526e-01
8,cheba,1.579999999999999e-01,1.656963940589646e-01
8,cheba,1.599999999999999e-01,1.665750171114009e-01
8,cheba,1.619999999999999e-01,1.673712380991610e-01
8,cheba,1.639999999999999e-01,1.680849473825152e-01
8,cheba,1.659999999999999e-01,1.687161072562950e-01
8,cheba,1.679999999999999e-01,1.692647496810707e-01
8,cheba,1.699999999999999e-01,1.697309740243166e-01
8,cheba,1.719999999999999e-01,1.701149448159517e-01
8,cheba,1.739999999999999e-01,1.704168895222692e-01
8,cheba,1.759999999999999e-01,1.706370963419070e-01
8,cheba,1.779999999999999e-01,1.707759120271544e-01
8,cheba,1.799999999999999e-01,1.708337397335705e-01
8,cheba,1.819999999999999e-01,1.708110369005600e-01
8,cheba,1.839999999999999e-01,1.707083131652700e-01
8,cheba,1.859999999999999e-01,1.705261283118762e-01
8,cheba,1.879999999999999e-01,1.702650902580672e-01
8,cheba,1.899999999999999e-01,1.699258530802862e-01
8,cheba,1.919999999999999e-01,1.695091150790552e-01
8,cheba,1.940000000000000e-01,1.690156168854838e-01
8,cheba,1.960000000000000e-01,1.684461396098674e-01
8,cheba,1.980000000000000e-01,1.678015030330852e-01
8,cheba,2.000000000000000e-01,1.670825638413325e-01
8,cheba,2.020000000000000e-01,1.662902139045640e-01
8,cheba,2.040000000000000e-01,1.654253785988691e-01
8,cheba,2.060000000000000e-01,1.644890151728644e-01
8,cheba,2.080000000000000e-01,1.634821111580671e-01
8,cheba,2.100000000000000e-01,1.624056828230891e-01
8,cheba,2.120000000000000e-01,1.612607736713986e-01
8,cheba,2.140000000000000e-01,1.600484529822868e-01
8,cheba,2.160000000000000e-01,1.587698143946102e-01
8,cheba,2.180000000000000e-01,1.574259745327853e-01
8,cheba,2.200000000000000e-01,1.560180716744551e-01
8,cheba,2.220000000000000e-01,1.545472644591859e-01
8,cheba,2.240000000000000e-01,1.530147306374935e-01
8,cheba,2.260000000000000e-01,1.514216658594607e-01
8,cheba,2.280000000000000e-01,1.497692825021593e-01
8,cheba,2.300000000000000e-01,1.480588085350650e-01
8,cheba,2.320000000000000e-01,1.462914864226175e-01
8,cheba,2.340000000000000e-01,1.444685720630599e-01
8,cheba,2.360000000000000e-01,1.425913337626685e-01
8,cheba,2.380000000000000e-01,1.406610512444779e-01
8,cheba,2.400000000000000e-01,1.386790146905831e-01
8,cheba,2.420000000000000e-01,1.366465238171073e-01
8,cheba,2.440000000000000e-01,1.345648869809106e-01
8,cheba,2.460000000000000e-01,1.324354203171192e-01
8,cheba,2.480000000000000e-01,1.302594469065574e-01
8,cheba,2.500000000000000e-01,1.280382959721645e-01
8,cheba,2.520000000000000e-01,1.257733021034940e-01
8,cheba,2.540000000000000e-01,1.234658045083915e-01
8,cheba,2.560000000000000e-01,1.211171462909684e-01
8,cheba,2.580000000000000e-01,1.187286737549930e-01
8,cheba,2.600000000000000e-01,1.163017357318386e-01
8,cheba,2.620000000000000e-01,1.138376829321410e-01
8,cheba,2.640000000000000e-01,1.113378673203376e-01
8,cheba,2.660000000000000e-01,1.088036415112694e-01
8,cheba,2.680000000000000e-01,1.062363581880536e-01
8,cheba,2.700000000000000e-01,1.036373695404491e-01
8,cheba,2.720000000000000e-01,1.010080267229514e-01
8,cheba,2.740000000000000e-01,9.834967933188304e-02
8,cheba,2.760000000000000e-01,9.566367490075361e-02
8,cheba,2.780000000000000e-01,9.295135841319380e-02
8,cheba,2.800000000000000e-01,9.021407183277763e-02
8,cheba,2.820000000000000e-01,8.745315364907769e-02
8,cheba,2.840000000000000e-01,8.466993843930742e-02
8,cheba,2.860000000000000e-01,8.186575644493399e-02
8,cheba,2.880000000000000e-01,7.904193316265812e-02
8,cheba,2.900000000000000e-01,7.619978894918128e-02
8,cheba,2.920000000000000e-01,7.334063863919760e-02
8,cheba,2.940000000000000e-01,7.046579117606888e-02
8,cheba,2.960000000000000e-01,6.757654925465906e-02
8,cheba,2.980000000000000e-01,6.467420897582304e-02
8,cheba,3.000000000000000e-01,6.176005951206509e-02
8,cheba,3.020000000000000e-01,5.883538278389677e-02
8,cheba,3.040000000000000e-01,5.590145314644546e-02
8,cheba,3.060000000000000e-01,5.295953708587986e-02
8,cheba,3.080000000000001e-01,5.001089292523597e-02
8,cheba,3.100000000000001e-01,4.705677053924467e-02
8,cheba,3.120000000000001e-01,4.409841107777723e-02
8,cheba,3.140000000000001e-01,4.113704669754015e-02
8,cheba,3.160000000000001e-01,3.817390030166895e-02
8,cheba,3.180000000000001e-01,3.521018528688108e-02
8,cheba,3.200000000000001e-01,3.224710529786712e-02
8,cheba,3.220000000000001e-01,2.928585398860928e-02
8,cheba,3.240000000000001e-01,2.632761479033424e-02
8,cheba,3.260000000000001e-01,2.337356068581653e-02
8,cheba,3.280000000000001e-01,2.042485398976346e-02
8,cheba,3.300000000000001e-01,1.748264613502631e-02
8,cheba,3.320000000000001e-01,1.454807746439096e-02
8,cheba,3.340000000000001e-01,1.162227702771690e-02
8,cheba,3.360000000000001e-01,8.706362384201083e-03
8,cheba,3.380000000000001e-01,5.801439409556686e-03
8,cheba,3.400000000000001e-01,2.908602107906388e-03
8,cheba,3.420000000000001e-01,2.893242819895780e-05
8,cheba,3.440000000000001e-01,2.836499915030821e-03
8,cheba,3.460000000000001e-01,5.686637616729578e-03
8,cheba,3.480000000000001e-01,8.520435952383110e-03
8,cheba,3.500000000000001e-01,1.133686294521741e-02
8,cheba,3.520000000000001e-01,1.413489952968730e-02
8,cheba,3.540000000000001e-01,1.691353971139006e-02
8,cheba,3.560000000000001e-01,1.967179072353256e-02
8,cheba,3.580000000000001e-01,2.240867318007375e-02
8,cheba,3.600000000000001e-01,2.512322122565580e-02
8,cheba,3.620000000000001e-01,2.781448268243217e-02
8,cheba,3.640000000000001e-01,3.048151919389175e-02
8,cheba,3.660000000000001e-01,3.312340636577504e-02
8,cheba,3.680000000000001e-01,3.573923390416800e-02
8,cheba,3.700000000000001e-01,3.832810575085727e-02
8,cheba,3.720000000000001e-01,4.088914021602263e-02
8,cheba,3.740000000000001e-01,4.342147010833639e-02
8,cheba,3.759999999999999e-01,4.592424286253705e-02
8,cheba,3.779999999999999e-01,4.839662066453726e-02
8,cheba,3.799999999999999e-01,5.083778057411895e-02
8,cheba,3.819999999999999e-01,5.324691464527184e-02
8,cheba,3.839999999999999e-01,5.562323004421757e-02
8,cheba,3.859999999999999e-01,5.796594916516370e-02
8,cheba,3.879999999999999e-01,6.027430974382539e-02
8,cheba,3.899999999999999e-01,6.254756496874928e-02
8,cheba,3.919999999999999e-01,6.478498359046964e-02
8,cheba,3.939999999999999e-01,6.698585002852453e-02
8,cheba,3.959999999999999e-01,6.914946447635487e-02
8,cheba,3.979999999999999e-01,7.127514300410678e-02
8,cheba,3.999999999999999e-01,7.336221765935455e-02
8,cheba,4.019999999999999e-01,7.541003656575770e-02
8,cheba,4.039999999999999e-01,7.741796401966403e-02
8,cheba,4.059999999999999e-01,7.938538058466618e-02
8,cheba,4.079999999999999e-01,8.131168318411808e-02
8,cheba,4.099999999999999e-01,8.319628519161407e-02
8,cheba,4.119999999999999e-01,8.503861651943154e-02
8,cheba,4.139999999999999e-01,8.683812370493524e-02
8,cheba,4.159999999999999e-01,8.859426999493991e-02
8,cheba,4.179999999999999e-01,9.030653542802482e-02
8,cheba,4.199999999999999e-01,9.197441691479198e-02
8,cheba,4.219999999999999e-01,9.359742831605899e-02
8,cheba,4.239999999999999e-01,9.517510051897354e-02
8,cheba,4.259999999999999e-01,9.670698151103661e-02
8,cheba,4.279999999999999e-01,9.819263645201859e-02
8,cheba,4.299999999999999e-01,9.963164774375213e-02
8,cheba,4.319999999999999e-01,1.010236150977816e-01
8,cheba,4.339999999999999e-01,1.023681556008510e-01
8,cheba,4.359999999999999e-01,1.036649037782070e-01
8,cheba,4.379999999999999e-01,1.049135116546961e-01
8,cheba,4.399999999999999e-01,1.061136488136291e-01
8,cheba,4.419999999999999e-01,1.072650024533909e-01
8,cheba,4.440000000000000e-01,1.083672774417652e-01
8,cheba,4.460000000000000e-01,1.094201963679498e-01
8,cheba,4.480000000000000e-01,1.104234995922302e-01
8,cheba,4.500000000000000e-01,1.113769452932847e-01
8,cheba,4.520000000000000e-01,1.122803095130877e-01
8,cheba,4.540000000000000e-01,1.131333861993804e-01
8,cheba,4.560000000000000e-01,1.139359872456750e-01
8,cheba,4.580000000000000e-01,1.146879425287602e-01
8,cheba,4.600000000000000e-01,1.153890999436719e-01
8,cheba,4.620000000000000e-01,1.160393254360940e-01
8,cheba,4.640000000000000e-01,1.166385030321538e-01
8,cheba,4.660000000000000e-01,1.171865348655739e-01
8,cheba,4.680000000000000e-01,1.176833412021435e-01
8,cheba,4.700000000000000e-01,1.181288604614716e-01
8,cheba,4.720000000000000e-01,1.185230492359804e-01
8,cheba,4.740000000000000e-01,1.188658823071025e-01
8,cheba,4.760000000000000e-01,1.191573526586392e-01
8,cheba,4.780000000000000e-01,1.193974714872398e-01
8,cheba,4.800000000000000e-01,1.195862682099610e-01
8,cheba,4.820000000000000e-01,1.197237904688637e-01
8,cheba,4.840000000000000e-01,1.198101041326043e-01
8,cheba,4.860000000000000e-01,1.198452932949793e-01
8,cheba,4.880000000000000e-01,1.198294602703775e-01
8,cheba,4.900000000000000e-01,1.197627255860974e-01
8,cheba,4.920000000000000e-01,1.196452279714846e-01
8,cheba,4.940000000000000e-01,1.194771243438452e-01
8,cheba,4.960000000000000e-01,1.192585897910890e-01
8,cheba,4.980000000000000e-01,1.189898175510575e-01
8,cheba,5.000000000000000e-01,1.186710189874907e-01
8,cheba,5.020000000000000e-01,1.183024235625858e-01
8,cheba,5.040000000000000e-01,1.178842788061024e-01
8,cheba,5.060000000000000e-01,1.174168502809646e-01
8,cheba,5.080000000000000e-01,1.169004215453158e-01
8,cheba,5.100000000000000e-01,1.163352941109757e-01
8,cheba,5.120000000000000e-01,1.157217873982536e-01
8,cheba,5.140000000000000e-01,1.150602386870673e-01
8,cheba,5.160000000000000e-01,1.143510030643216e-01
8,cheba,5.180000000000000e-01,1.135944533674960e-01
8,cheba,5.200000000000000e-01,1.127909801243915e-01
8,cheba,5.220000000000000e-01,1.119409914889899e-01
8,cheba,5.240000000000000e-01,1.110449131733722e-01
8,cheba,5.260000000000000e-01,1.101031883756499e-01
8,cheba,5.280000000000000e-01,1.091162777038555e-01
8,cheba,5.300000000000000e-01,1.080846590957444e-01
8,cheba,5.320000000000000e-01,1.070088277344559e-01
8,cheba,5.340000000000000e-01,1.058892959599834e-01
8,cheba,5.360000000000000e-01,1.047265931764011e-01
8,cheba,5.380000000000000e-01,1.035212657547985e-01
8,cheba,5.400000000000000e-01,1.022738769318676e-01
8,cheba,5.420000000000000e-01,1.009850067040950e-01
8,cheba,5.440000000000000e-01,9.965525171750263e-02
8,cheba,5.460000000000000e-01,9.828522515288879e-02
8,cheba,5.480000000000000e-01,9.687555660651447e-02
8,cheba,5.500000000000000e-01,9.542689196618379e-02
8,cheba,5.520000000000000e-01,9.393989328266454e-02
8,cheba,5.540000000000000e-01,9.241523863639760e-02
8,cheba,5.560000000000000e-01,9.085362199944030e-02
8,cheba,5.580000000000001e-01,8.925575309259137e-02
8,cheba,5.600000000000001e-01,8.762235723764375e-02
8,cheba,5.620000000000001e-01,8.595417520471180e-02
8,cheba,5.640000000000001e-01,8.425196305457852e-02
8,cheba,5.660000000000001e-01,8.251649197600919e-02
8,cheba,5.680000000000001e-01,8.074854811797715e-02
8,cheba,5.700000000000001e-01,7.894893241674705e-02
8,cheba,5.720000000000001e-01,7.711846041776160e-02
8,cheba,5.740000000000001e-01,7.525796209227668e-02
8,cheba,5.760000000000001e-01,7.336828164868978e-02
8,cheba,5.780000000000001e-01,7.145027733850745e-02
8,cheba,5.800000000000001e-01,6.950482125689583e-02
8,cheba,5.820000000000001e-01,6.753279913775946e-02
8,cheba,5.840000000000001e-01,6.553511014329221e-02
8,cheba,5.860000000000001e-01,6.351266664794582e-02
8,cheba,5.880000000000001e-01,6.146639401675853e-02
8,cheba,5.900000000000001e-01,5.939723037798979e-02
8,cheba,5.920000000000001e-01,5.730612639000295e-02
8,cheba,5.940000000000001e-01,5.519404500234165e-02
8,cheba,5.960000000000001e-01,5.306196121094139e-02
8,cheba,5.980000000000001e-01,5.091086180742158e-02
8,cheba,6.000000000000001e-01,4.874174512240006e-02
8,cheba,6.020000000000001e-01,4.655562076277366e-02
8,cheba,6.040000000000001e-01,4.435350934290790e-02
8,cheba,6.060000000000001e-01,4.213644220967830e-02
8,cheba,6.080000000000001e-01,3.990546116130612e-02
8,cheba,6.100000000000001e-01,3.766161815993110e-02
8,cheba,6.120000000000001e-01,3.540597503786339e-02
8,cheba,6.140000000000001e-01,3.313960319745694e-02
8,cheba,6.160000000000001e-01,3.086358330454660e-02
8,cheba,6.180000000000001e-01,2.857900497539040e-02
8,cheba,6.200000000000001e-01,2.628696645705904e-02
8,cheba,6.220000000000001e-01,2.398857430121441e-02
8,cheba,6.240000000000001e-01,2.168494303121798e-02
8,cheba,6.259999999999999e-01,1.937719480251134e-02
8,cheba,6.279999999999999e-01,1.706645905620770e-02
8,cheba,6.299999999999999e-01,1.475387216584023e-02
8,cheba,6.319999999999999e-01,1.244057707720175e-02
8,cheba,6.339999999999999e-01,1.012772294122143e-02
8,cheba,6.359999999999999e-01,7.816464739816648e-03
8,cheba,6.379999999999999e-01,5.507962904661393e-03
8,cheba,6.399999999999999e-01,3.203382928810852e-03
8,cheba,6.419999999999999e-01,9.038949711226013e-04
8,cheba,6.439999999999999e-01,1.389326546585662e-03
8,cheba,6.459999999999999e-01,3.675103349702086e-03
8,cheba,6.479999999999999e-01,5.952253728370896e-03
8,cheba,6.499999999999999e-01,8.219592962486894e-03
8,cheba,6.519999999999999e-01,1.047593375419550e-02
8,cheba,6.539999999999999e-01,1.272008666795849e-02
8,cheba,6.559999999999999e-01,1.495086057824710e-02
8,cheba,6.579999999999999e-01,1.716706312492307e-02
8,cheba,6.599999999999999e-01,1.936750117636904e-02
8,cheba,6.619999999999999e-01,2.155098130042973e-02
8,cheba,6.639999999999999e-01,2.371631024322587e-02
8,cheba,6.659999999999999e-01,2.586229541590165e-02
8,cheba,6.679999999999999e-01,2.798774538936868e-02
8,cheba,6.699999999999999e-01,3.009147039710766e-02
8,cheba,6.719999999999999e-01,3.217228284609054e-02
8,cheba,6.739999999999999e-01,3.422899783588493e-02
8,cheba,6.759999999999999e-01,3.626043368600408e-02
8,cheba,6.779999999999999e-01,3.826541247156394e-02
8,cheba,6.799999999999999e-01,4.024276056731144e-02
8,cheba,6.819999999999999e-01,4.219130920008578e-02
8,cheba,6.839999999999999e-01,4.410989500977676e-02
8,cheba,6.859999999999999e-01,4.599736061884266e-02
8,cheba,6.879999999999999e-01,4.785255521045190e-02
8,cheba,6.899999999999999e-01,4.967433511531126e-02
8,cheba,6.919999999999999e-01,5.146156440724535e-02
8,cheba,6.940000000000000e-01,5.321311550759017e-02
8,cheba,6.960000000000000e-01,5.492786979846584e-02
8,cheba,6.980000000000000e-01,5.660471824499193e-02
8,cheba,7.000000000000000e-01,5.824256202651060e-02
8,cheba,7.020000000000000e-01,5.984031317688110e-02
8,cheba,7.040000000000000e-01,6.139689523391131e-02
8,cheba,7.060000000000000e-01,6.291124389799055e-02
8,cheba,7.080000000000000e-01,6.438230769998918e-02
8,cheba,7.100000000000000e-01,6.580904867848925e-02
8,cheba,7.120000000000000e-01,6.719044306641328e-02
8,cheba,7.140000000000000e-01,6.852548198711456e-02
8,cheba,7.160000000000000e-01,6.981317215999640e-02
8,cheba,7.180000000000000e-01,7.105253661572522e-02
8,cheba,7.200000000000000e-01,7.224261542110393e-02
8,cheba,7.220000000000000e-01,7.338246641367113e-02
8,cheba,7.240000000000000e-01,7.447116594609361e-02
8,cheba,7.260000000000000e-01,7.550780964041733e-02
8,cheba,7.280000000000000e-01,7.649151315224437e-02
8,cheba,7.300000000000000e-01,7.742141294490255e-02
8,cheba,7.320000000000000e-01,7.829666707367451e-02
8,cheba,7.340000000000000e-01,7.911645598015329e-02
8,cheba,7.360000000000000e-01,7.987998329679229e-02
8,cheba,7.380000000000000e-01,8.058647666171639e-02
8,cheba,7.400000000000000e-01,8.123518854386240e-02
8,cheba,7.420000000000000e-01,8.182539707851622e-02
8,cheba,7.440000000000000e-01,8.235640691331522e-02
8,cheba,7.460000000000000e-01,8.282755006478333e-02
8,cheba,7.480000000000000e-01,8.323818678546765e-02
8,cheba,7.500000000000000e-01,8.358770644174481e-02
8,cheba,7.520000000000000e-01,8.387552840236596e-02
8,cheba,7.540000000000000e-01,8.410110293780867e-02
8,cheba,7.560000000000000e-01,8.426391213050553e-02
8,cheba,7.580000000000000e-01,8.436347079601751e-02
8,cheba,7.600000000000000e-01,8.439932741522266e-02
8,cheba,7.620000000000000e-01,8.437106507758847e-02
8,cheba,7.640000000000000e-01,8.427830243559825e-02
8,cheba,7.660000000000000e-01,8.412069467040119e-02
8,cheba,7.680000000000000e-01,8.389793446875560e-02
8,cheba,7.700000000000000e-01,8.360975301133648e-02
8,cheba,7.720000000000000e-01,8.325592097247672e-02
8,cheba,7.740000000000000e-01,8.283624953141287e-02
8,cheba,7.760000000000000e-01,8.235059139510639e-02
8,cheba,7.780000000000000e-01,8.179884183271063e-02
8,cheba,7.800000000000000e-01,8.118093972175491e-02
8,cheba,7.820000000000000e-01,8.049686860611696e-02
8,cheba,7.840000000000000e-01,7.974665776585460e-02
8,cheba,7.860000000000000e-01,7.893038329896869e-02
8,cheba,7.880000000000000e-01,7.804816921516880e-02
8,cheba,7.900000000000000e-01,7.710018854171309e-02
8,cheba,7.920000000000000e-01,7.608666444139520e-02
8,cheba,7.940000000000000e-01,7.500787134274971e-02
8,cheba,7.960000000000000e-01,7.386413608254880e-02
8,cheba,7.980000000000000e-01,7.265583906066247e-02
8,cheba,8.000000000000000e-01,7.138341540735529e-02
8,cheba,8.020000000000000e-01,7.004735616309210e-02
8,cheba,8.040000000000000e-01,6.864820947092659e-02
8,cheba,8.060000000000000e-01,6.718658178154460e-02
8,cheba,8.080000000000001e-01,6.566313907103730e-02
8,cheba,8.100000000000001e-01,6.407860807147570e-02
8,cheba,8.120000000000001e-01,6.243377751436264e-02
8,cheba,8.140000000000001e-01,6.072949938703397e-02
8,cheba,8.160000000000001e-01,5.896669020208422e-02
8,cheba,8.180000000000001e-01,5.714633227989102e-02
8,cheba,8.200000000000001e-01,5.526947504431222e-02
8,cheba,8.220000000000001e-01,5.333723633163037e-02
8,cheba,8.240000000000001e-01,5.135080371281982e-02
8,cheba,8.260000000000001e-01,4.931143582921087e-02
8,cheba,8.280000000000001e-01,4.722046374162655e-02
8,cheba,8.300000000000001e-01,4.507929229306656e-02
8,cheba,8.320000000000001e-01,4.288940148501506e-02
8,cheba,8.340000000000001e-01,4.065234786744670e-02
8,cheba,8.360000000000001e-01,3.836976594260765e-02
8,cheba,8.380000000000001e-01,3.604336958264706e-02
8,cheba,8.400000000000001e-01,3.367495346117540e-02
8,cheba,8.420000000000001e-01,3.126639449882592e-02
8,cheba,8.440000000000001e-01,2.881965332289597e-02
8,cheba,8.460000000000001e-01,2.633677574114440e-02
8,cheba,8.480000000000001e-01,2.381989422982250e-02
8,cheba,8.500000000000001e-01,2.127122943601494e-02
8,cheba,8.520000000000001e-01,1.869309169436864e-02
8,cheba,8.540000000000001e-01,1.608788255828619e-02
8,cheba,8.560000000000001e-01,1.345809634566199e-02
8,cheba,8.580000000000001e-01,1.080632169923856e-02
8,cheba,8.600000000000001e-01,8.135243161661095e-03
8,cheba,8.620000000000001e-01,5.447642765308298e-03
8,cheba,8.640000000000001e-01,2.746401636977688e-03
8,cheba,8.660000000000001e-01,3.450161750406799e-05
8,cheba,8.680000000000001e-01,2.684973103610405e-03
8,cheba,8.700000000000001e-01,5.408834338475735e-03
8,cheba,8.720000000000001e-01,8.133788235924068e-03
8,cheba,8.740000000000001e-01,1.085643360137108e-02
8,cheba,8.759999999999999e-01,1.357326020134922e-02
8,cheba,8.779999999999999e-01,1.628064705263481e-02
8,cheba,8.799999999999999e-01,1.897486069588507e-02
8,cheba,8.819999999999999e-01,2.165205345371123e-02
8,cheba,8.839999999999999e-01,2.430826167310281e-02
8,cheba,8.859999999999999e-01,2.693940395212524e-02
8,cheba,8.879999999999999e-01,2.954127935080942e-02
8,cheba,8.899999999999999e-01,3.210956558615331e-02
8,cheba,8.919999999999999e-01,3.463981721115429e-02
8,cheba,8.939999999999999e-01,3.712746377779176e-02
8,cheba,8.959999999999999e-01,3.956780798387841e-02
8,cheba,8.979999999999999e-01,4.195602380369943e-02
8,cheba,8.999999999999999e-01,4.428715460235756e-02
8,cheba,9.019999999999999e-01,4.655611123374305e-02
8,cheba,9.039999999999999e-01,4.875767012204606e-02
8,cheba,9.059999999999999e-01,5.088647132672987e-02
8,cheba,9.079999999999999e-01,5.293701659088262e-02
8,cheba,9.099999999999999e-01,5.490366737286535e-02
8,cheba,9.119999999999999e-01,5.678064286117347e-02
8,cheba,9.139999999999999e-01,5.856201797242930e-02
8,cheba,9.159999999999999e-01,6.024172133242284e-02
8,cheba,9.179999999999999e-01,6.181353324011719e-02
8,cheba,9.199999999999999e-01,6.327108361453593e-02
8,cheba,9.219999999999999e-01,6.460784992444887e-02
8,cheba,9.239999999999999e-01,6.581715510077230e-02
8,cheba,9.259999999999999e-01,6.689216543160040e-02
8,cheba,9.279999999999999e-01,6.782588843978357e-02
8,cheba,9.299999999999999e-01,6.861117074296946e-02
8,cheba,9.319999999999999e-01,6.924069589602286e-02
8,cheba,9.339999999999999e-01,6.970698221573918e-02
8,cheba,9.359999999999999e-01,7.000238058776773e-02
8,cheba,9.379999999999999e-01,7.011907225565918e-02
8,cheba,9.399999999999999e-01,7.004906659195259e-02
8,cheba,9.419999999999999e-01,6.978419885121703e-02
8,cheba,9.440000000000000e-01,6.931612790496139e-02
8,cheba,9.460000000000000e-01,6.863633395832822e-02
8,cheba,9.480000000000000e-01,6.773611624848458e-02
8,cheba,9.500000000000000e-01,6.660659072462495e-02
8,cheba,9.520000000000000e-01,6.523868770949939e-02
8,cheba,9.540000000000000e-01,6.362314954238114e-02
8,cheba,9.560000000000000e-01,6.175052820338665e-02
8,cheba,9.580000000000000e-01,5.961118291906239e-02
8,cheba,9.600000000000000e-01,5.719527774915019e-02
8,cheba,9.620000000000000e-01,5.449277915444568e-02
8,cheba,9.640000000000000e-01,5.149345354566112e-02
8,cheba,9.660000000000000e-01,4.818686481320673e-02
8,cheba,9.680000000000000e-01,4.456237183780155e-02
8,cheba,9.700000000000000e-01,4.060912598182741e-02
8,cheba,9.720000000000000e-01,3.631606856133705e-02
8,cheba,9.740000000000000e-01,3.167192829862921e-02
8,cheba,9.760000000000000e-01,2.666521875530157e-02
8,cheba,9.780000000000000e-01,2.128423574569383e-02
8,cheba,9.800000000000000e-01,1.551705473063184e-02
8,cheba,9.820000000000000e-01,9.351528191384319e-03
8,cheba,9.840000000000000e-01,2.775282983742793e-03
8,cheba,9.860000000000000e-01,4.224282327863968e-03
8,cheba,9.880000000000000e-01,1.166000015631068e-02
8,cheba,9.900000000000000e-01,1.954493659786084e-02
8,cheba,9.920000000000000e-01,2.789239415848620e-02
8,cheba,9.940000000000000e-01,3.671591450051052e-02
8,cheba,9.960000000000000e-01,4.602928120966743e-02
8,cheba,9.980000000000000e-01,5.584652258266271e-02
8,cheba,1.000000000000000e+00,6.618191443533145e-02
9,uni,-1.000000000000000e+00,0.000000000000000e+00
9,uni,-9.980000000000000e-01,1.951577970837429e-02
9,uni,-9.960000000000000e-01,3.819014547038676e-02
9,uni,-9.940000000000000e-01,5.604351506767093e-02
9,uni,-9.920000000000000e-01,7.309597915547078e-02
9,uni,-9.900000000000000e-01,8.936730481442542e-02
9,uni,-9.880000000000000e-01,1.048769390768642e-01
9,uni,-9.860000000000000e-01,1.196440124277232e-01
9,uni,-9.840000000000000e-01,1.336873422801946e-01
9,uni,-9.820000000000000e-01,1.470254364262175e-01
9,uni,-9.800000000000000e-01,1.596764964619227e-01
9,uni,-9.780000000000000e-01,1.716584211881406e-01
9,uni,-9.760000000000000e-01,1.829888099860809e-01
9,uni,-9.740000000000000e-01,1.936849661682958e-01
9,uni,-9.720000000000000e-01,2.037639003050350e-01
9,uni,-9.700000000000000e-01,2.132423335261008e-01
9,uni,-9.680000000000000e-01,2.221367007983140e-01
9,uni,-9.660000000000000e-01,2.304631541786990e-01
9,uni,-9.640000000000000e-01,2.382375660434941e-01
9,uni,-9.620000000000000e-01,2.454755322931000e-01
9,uni,-9.600000000000000e-01,2.521923755330695e-01
9,uni,-9.580000000000000e-01,2.584031482312499e-01
9,uni,-9.560000000000000e-01,2.641226358511843e-01
9,uni,-9.540000000000000e-01,2.693653599618790e-01
9,uni,-9.520000000000000e-01,2.741455813240442e-01
9,uni,-9.500000000000000e-01,2.784773029529165e-01
9,uni,-9.480000000000000e-01,2.823742731577675e-01
9,uni,-9.460000000000000e-01,2.858499885582062e-01
9,uni,-9.440000000000000e-01,2.889176970773829e-01
9,uni,-9.419999999999999e-01,2.915904009121975e-01
9,uni,-9.399999999999999e-01,2.938808594806210e-01
9,uni,-9.379999999999999e-01,2.958015923462350e-01
9,uni,-9.359999999999999e-01,2.973648821200922e-01
9,uni,-9.339999999999999e-01,2.985827773400086e-01
9,uni,-9.319999999999999e-01,2.994670953273852e-01
9,uni,-9.299999999999999e-01,3.000294250216714e-01
9,uni,-9.280000000000000e-01,3.002811297925677e-01
9,uni,-9.260000000000000e-01,3.002333502300774e-01
9,uni,-9.240000000000000e-01,2.998970069125088e-01
9,uni,-9.220000000000000e-01,2.992828031525311e-01
9,uni,-9.200000000000000e-01,2.984012277213918e-01
9,uni,-9.180000000000000e-01,2.972625575513911e-01
9,uni,-9.160000000000000e-01,2.958768604167271e-01
9,uni,-9.140000000000000e-01,2.942539975928040e-01
9,uni,-9.120000000000000e-01,2.924036264941156e-01
9,uni,-9.100000000000000e-01,2.903352032907988e-01
9,uni,-9.080000000000000e-01,2.880579855039649e-01
9,uni,-9.060000000000000e-01,2.855810345799082e-01
9,uni,-9.040000000000000e-01,2.829132184432945e-01
9,uni,-9.020000000000000e-01,2.800632140294307e-01
9,uni,-9.000000000000000e-01,2.770395097957180e-01
9,uni,-8.980000000000000e-01,2.738504082123887e-01
9,uni,-8.960000000000000e-01,2.705040282326283e-01
9,uni,-8.940000000000000e-01,2.670083077421841e-01
9,uni,-8.920000000000000e-01,2.633710059885597e-01
9,uni,-8.900000000000000e-01,2.595997059898963e-01
9,uni,-8.880000000000000e-01,2.557018169236424e-01
9,uni,-8.860000000000000e-01,2.516845764951079e-01
9,uni,-8.840000000000000e-01,2.475550532860087e-01
9,uni,-8.820000000000000e-01,2.433201490830929e-01
9,uni,-8.800000000000000e-01,2.389866011869564e-01
9,uni,-8.780000000000000e-01,2.345609847011408e-01
9,uni,-8.760000000000000e-01,2.300497148016150e-01
9,uni,-8.740000000000000e-01,2.254590489867389e-01
9,uni,-8.720000000000000e-01,2.207950893078078e-01
9,uni,-8.700000000000000e-01,2.160637845802739e-01
9,uni,-8.680000000000000e-01,2.112709325757462e-01
9,uni,-8.660000000000000e-01,2.064221821948625e-01
9,uni,-8.640000000000000e-01,2.015230356211349e-01
9,uni,-8.620000000000000e-01,1.965788504558623e-01
9,uni,-8.600000000000000e-01,1.915948418342116e-01
9,uni,-8.580000000000000e-01,1.865760845225587e-01
9,uni,-8.560000000000000e-01,1.815275149971918e-01
9,uni,-8.540000000000000e-01,1.764539335044687e-01
9,uni,-8.520000000000000e-01,1.713600061025276e-01
9,uni,-8.500000000000000e-01,1.662502666846453e-01
9,uni,-8.480000000000000e-01,1.611291189843397e-01
9,uni,-8.460000000000000e-01,1.560008385623119e-01
9,uni,-8.440000000000000e-01,1.508695747753224e-01
9,uni,-8.420000000000000e-01,1.457393527270988e-01
9,uni,-8.400000000000000e-01,1.406140752013666e-01
9,uni,-8.380000000000000e-01,1.354975245771006e-01
9,uni,-8.360000000000000e-01,1.303933647260907e-01
9,uni,-8.340000000000000e-01,1.253051428929143e-01
9,uni,-8.320000000000000e-01,1.202362915574135e-01
9,uni,-8.300000000000000e-01,1.151901302797660e-01
9,uni,-8.280000000000001e-01,1.101698675282479e-01
9,uni,-8.260000000000001e-01,1.051786024897771e-01
9,uni,-8.240000000000001e-01,1.002193268633364e-01
9,uni,-8.220000000000001e-01,9.529492663636296e-02
9,uni,-8.200000000000001e-01,9.040818384420088e-02
9,uni,-8.180000000000001e-01,8.556177831270864e-02
9,uni,-8.160000000000001e-01,8.075828938411278e-02
9,uni,-8.140000000000001e-01,7.600019762620119e-02
9,uni,-8.120000000000001e-01,7.128988652494642e-02
9,uni,-8.100000000000001e-01,6.662964416065223e-02
9,uni,-8.080000000000001e-01,6.202166486771372e-02
9,uni,-8.060000000000000e-01,5.746805087808269e-02
9,uni,-8.040000000000000e-01,5.297081394852936e-02
9,uni,-8.020000000000000e-01,4.853187697179082e-02
9,uni,-8.000000000000000e-01,4.415307557169729e-02
9,uni,-7.980000000000000e-01,3.983615968236640e-02
9,uni,-7.960000000000000e-01,3.558279511155536e-02
9,uni,-7.940000000000000e-01,3.139456508826152e-02
9,uni,-7.920000000000000e-01,2.727297179466057e-02
9,uni,-7.900000000000000e-01,2.321943788247207e-02
9,uni,-7.880000000000000e-01,1.923530797384180e-02
9,uni,-7.860000000000000e-01,1.532185014682971e-02
9,uni,-7.840000000000000e-01,1.148025740559254e-02
9,uni,-7.820000000000000e-01,7.711649135349788e-03
9,uni,-7.800000000000000e-01,4.017072542221362e-03
9,uni,-7.780000000000000e-01,3.975040780253153e-04
9,uni,-7.760000000000000e-01,3.146149149876466e-03
9,uni,-7.740000000000000e-01,6.613047983596645e-03
9,uni,-7.720000000000000e-01,1.000241983451752e-02
9,uni,-7.700000000000000e-01,1.331355731777494e-02
9,uni,-7.680000000000000e-01,1.654581690134455e-02
9,uni,-7.660000000000000e-01,1.969861756964282e-02
9,uni,-7.640000000000000e-01,2.277143950155627e-02
9,uni,-7.620000000000000e-01,2.576382276281261e-02
9,uni,-7.600000000000000e-01,2.867536601260685e-02
9,uni,-7.580000000000000e-01,3.150572522439703e-02
9,uni,-7.560000000000000e-01,3.425461242078294e-02
9,uni,-7.540000000000000e-01,3.692179442238253e-02
9,uni,-7.520000000000000e-01,3.950709161062049e-02
9,uni,-7.500000000000000e-01,4.201037670434354e-02
9,uni,-7.480000000000000e-01,4.443157355017738e-02
9,uni,-7.460000000000000e-01,4.677065592654064e-02
9,uni,-7.440000000000000e-01,4.902764636123096e-02
9,uni,-7.420000000000000e-01,5.120261496249875e-02
9,uni,-7.400000000000000e-01,5.329567826352459e-02
9,uni,-7.380000000000000e-01,5.530699808021583e-02
9,uni,-7.360000000000000e-01,5.723678038223919e-02
9,uni,-7.340000000000000e-01,5.908527417720508e-02
9,uni,-7.320000000000000e-01,6.085277040792066e-02
9,uni,-7.300000000000000e-01,6.253960086262812e-02
9,uni,-7.280000000000000e-01,6.414613709814587e-02
9,uni,-7.260000000000000e-01,6.567278937582850e-02
9,uni,-7.240000000000000e-01,6.712000561026464e-02
9,uni,-7.220000000000000e-01,6.848827033062893e-02
9,uni,-7.200000000000000e-01,6.977810365460659e-02
9,uni,-7.180000000000000e-01,7.099006027480856e-02
9,uni,-7.160000000000000e-01,7.212472845759539e-02
9,uni,-7.140000000000000e-01,7.318272905422832e-02
9,uni,-7.120000000000000e-01,7.416471452426610e-02
9,uni,-7.100000000000000e-01,7.507136797112671e-02
9,uni,-7.080000000000000e-01,7.590340218973268e-02
9,uni,-7.060000000000000e-01,7.666155872615940e-02
9,uni,-7.040000000000000e-01,7.734660694920609e-02
9,uni,-7.020000000000000e-01,7.795934313380884e-02
9,uni,-7.000000000000000e-01,7.850058955621553e-02
9,uni,-6.980000000000000e-01,7.897119360084322e-02
9,uni,-6.960000000000000e-01,7.937202687873751e-02
9,uni,-6.940000000000000e-01,7.970398435755485e-02
9,uni,-6.919999999999999e-01,7.996798350298880e-02
9,uni,-6.899999999999999e-01,8.016496343156017e-02
9,uni,-6.879999999999999e-01,8.029588407469279e-02
9,uni,-6.859999999999999e-01,8.036172535399641e-02
9,uni,-6.839999999999999e-01,8.036348636767744e-02
9,uni,-6.819999999999999e-01,8.030218458800019e-02
9,uni,-6.799999999999999e-01,8.017885506971908e-02
9,uni,-6.779999999999999e-01,7.999454966940574e-02
9,uni,-6.759999999999999e-01,7.975033627559193e-02
9,uni,-6.739999999999999e-01,7.944729804965089e-02
9,uni,-6.719999999999999e-01,7.908653267734055e-02
9,uni,-6.699999999999999e-01,7.866915163093072e-02
9,uni,-6.679999999999999e-01,7.819627944183771e-02
9,uni,-6.659999999999999e-01,7.766905298368959e-02
9,uni,-6.639999999999999e-01,7.708862076574546e-02
9,uni,-6.619999999999999e-01,7.645614223659267e-02
9,uni,-6.599999999999999e-01,7.577278709804533e-02
9,uni,-6.579999999999999e-01,7.503973462916889e-02
9,uni,-6.560000000000000e-01,7.425817302035465e-02
9,uni,-6.540000000000000e-01,7.342929871736821e-02
9,uni,-6.520000000000000e-01,7.255431577529764e-02
9,uni,-6.500000000000000e-01,7.163443522232511e-02
9,uni,-6.480000000000000e-01,7.067087443324759e-02
9,uni,-6.460000000000000e-01,6.966485651267196e-02
9,uni,-6.440000000000000e-01,6.861760968780925e-02
9,uni,-6.420000000000000e-01,6.753036671079467e-02
9,uni,-6.400000000000000e-01,6.640436427045825e-02
9,uni,-6.380000000000000e-01,6.524084241347299e-02
9,uni,-6.360000000000000e-01,6.404104397480569e-02
9,uni,-6.340000000000000e-01,6.280621401739817e-02
9,uni,-6.320000000000000e-01,6.153759928100423e-02
9,uni,-6.300000000000000e-01,6.023644764010989e-02
9,uni,-6.280000000000000e-01,5.890400757086350e-02
9,uni,-6.260000000000000e-01,5.754152762694324e-02
9,uni,-6.240000000000000e-01,5.615025592428909e-02
9,uni,-6.220000000000000e-01,5.473143963462666e-02
9,uni,-6.200000000000000e-01,5.328632448771158e-02
9,uni,-6.180000000000000e-01,5.181615428222058e-02
9,uni,-6.160000000000000e-01,5.032217040521969e-02
9,uni,-6.140000000000000e-01,4.880561136013560e-02
9,uni,-6.120000000000000e-01,4.726771230316040e-02
9,uni,-6.100000000000000e-01,4.570970458801776e-02
9,uni,-6.080000000000000e-01,4.413281531901894e-02
9,uni,-6.060000000000000e-01,4.253826691233872e-02
9,uni,-6.040000000000000e-01,4.092727666543987e-02
9,uni,-6.020000000000000e-01,3.930105633457555e-02
9,uni,-6.000000000000000e-01,3.766081172029986e-02
9,uni,-5.980000000000000e-01,3.600774226091576e-02
9,uni,-5.960000000000000e-01,3.434304063379084e-02
9,uni,-5.940000000000000e-01,3.266789236447099e-02
9,uni,-5.920000000000001e-01,3.098347544352244e-02
9,uni,-5.900000000000001e-01,2.929095995103242e-02
9,uni,-5.880000000000001e-01,2.759150768870053e-02
9,uni,-5.860000000000001e-01,2.588627181944962e-02
9,uni,-5.840000000000001e-01,2.417639651448966e-02
9,uni,-5.820000000000001e-01,2.246301660776452e-02
9,uni,-5.800000000000001e-01,2.074725725771367e-02
9,uni,-5.780000000000001e-01,1.903023361628094e-02
9,uni,-5.760000000000001e-01,1.731305050510147e-02
9,uni,-5.740000000000001e-01,1.559680209880010e-02
9,uni,-5.720000000000001e-01,1.388257161533263e-02
9,uni,-5.700000000000001e-01,1.217143101330299e-02
9,uni,-5.680000000000001e-01,1.046444069618910e-02
9,uni,-5.660000000000001e-01,8.762649223410232e-03
9,uni,-5.640000000000001e-01,7.067093028168950e-03
9,uni,-5.620000000000001e-01,5.378796142001471e-03
9,uni,-5.600000000000001e-01,3.698769925969431e-03
9,uni,-5.580000000000001e-01,2.028012808427279e-03
9,uni,-5.560000000000000e-01,3.675100292990230e-04
9,uni,-5.540000000000000e-01,1.281766609201235e-03
9,uni,-5.520000000000000e-01,2.918858985470785e-03
9,uni,-5.500000000000000e-01,4.542822895106866e-03
9,uni,-5.480000000000000e-01,6.152728281248104e-03
9,uni,-5.460000000000000e-01,7.747659458733056e-03
9,uni,-5.440000000000000e-01,9.326715332140662e-03
9,uni,-5.420000000000000e-01,1.088900960777776e-02
9,uni,-5.400000000000000e-01,1.243367099967720e-02
9,uni,-5.380000000000000e-01,1.395984342967091e-02
9,uni,-5.360000000000000e-01,1.546668622160172e-02
9,uni,-5.340000000000000e-01,1.695337428973763e-02
9,uni,-5.320000000000000e-01,1.841909832145143e-02
9,uni,-5.300000000000000e-01,1.986306495422949e-02
9,uni,-5.280000000000000e-01,2.128449694707162e-02
9,uni,-5.260000000000000e-01,2.268263334634578e-02
9,uni,-5.240000000000000e-01,2.405672964615871e-02
9,uni,-5.220000000000000e-01,2.540605794330567e-02
9,uni,-5.200000000000000e-01,2.672990708686027e-02
9,uni,-5.180000000000000e-01,2.802758282246688e-02
9,uni,-5.160000000000000e-01,2.929840793139535e-02
9,uni,-5.140000000000000e-01,3.054172236442115e-02
9,uni,-5.120000000000000e-01,3.175688337058968e-02
9,uni,-5.100000000000000e-01,3.294326562092624e-02
9,uni,-5.080000000000000e-01,3.410026132715167e-02
9,uni,-5.060000000000000e-01,3.522728035546298e-02
9,uni,-5.040000000000000e-01,3.632375033543908e-02
9,uni,-5.020000000000000e-01,3.738911676413020e-02
9,uni,-5.000000000000000e-01,3.842284310539032e-02
9,uni,-4.980000000000000e-01,3.942441088451054e-02
9,uni,-4.960000000000000e-01,4.039331977821214e-02
9,uni,-4.940000000000000e-01,4.132908770005675e-02
9,uni,-4.920000000000000e-01,4.223125088133073e-02
9,uni,-4.900000000000000e-01,4.309936394746131e-02
9,uni,-4.880000000000000e-01,4.393299999002105e-02
9,uni,-4.860000000000000e-01,4.473175063437616e-02
9,uni,-4.840000000000000e-01,4.549522610303522e-02
9,uni,-4.820000000000000e-01,4.622305527475334e-02
9,uni,-4.800000000000000e-01,4.691488573944633e-02
9,uni,-4.780000000000000e-01,4.757038384896986e-02
9,uni,-4.760000000000000e-01,4.818923476381716e-02
9,uni,-4.740000000000000e-01,4.877114249578852e-02
9,uni,-4.720000000000000e-01,4.931582994668621e-02
9,uni,-4.700000000000000e-01,4.982303894308610e-02
9,uni,-4.680000000000000e-01,5.029253026723891e-02
9,uni,-4.660000000000000e-01,5.072408368415146e-02
9,uni,-4.640000000000000e-01,5.111749796489881e-02
9,uni,-4.620000000000000e-01,5.147259090621753e-02
9,uni,-4.600000000000000e-01,5.178919934642928e-02
9,uni,-4.580000000000000e-01,5.206717917774274e-02
9,uni,-4.560000000000000e-01,5.230640535498331e-02
9,uni,-4.540000000000000e-01,5.250677190079601e-02
9,uni,-4.520000000000000e-01,5.266819190736975e-02
9,uni,-4.500000000000000e-01,5.279059753472731e-02
9,uni,-4.480000000000000e-01,5.287394000562667e-02
9,uni,-4.460000000000000e-01,5.291818959711754e-02
9,uni,-4.440000000000000e-01,5.292333562879577e-02
9,uni,-4.419999999999999e-01,5.288938644779866e-02
9,uni,-4.399999999999999e-01,5.281636941058136e-02
9,uni,-4.379999999999999e-01,5.270433086151552e-02
9,uni,-4.360000000000001e-01,5.255333610834852e-02
9,uni,-4.340000000000001e-01,5.236346939456185e-02
9,uni,-4.320000000000001e-01,5.213483386866540e-02
9,uni,-4.300000000000000e-01,5.186755155046327e-02
9,uni,-4.280000000000000e-01,5.156176329432541e-02
9,uni,-4.260000000000000e-01,5.121762874949912e-02
9,uni,-4.240000000000000e-01,5.083532631749052e-02
9,uni,-4.220000000000000e-01,5.041505310654831e-02
9,uni,-4.200000000000000e-01,4.995702488327719e-02
9,uni,-4.180000000000000e-01,4.946147602140916e-02
9,uni,-4.160000000000000e-01,4.892865944775815e-02
9,uni,-4.140000000000000e-01,4.835884658538214e-02
9,uni,-4.120000000000000e-01,4.775232729397477e-02
9,uni,-4.100000000000000e-01,4.710940980750741e-02
9,uni,-4.080000000000000e-01,4.643042066914010e-02
9,uni,-4.060000000000000e-01,4.571570466341746e-02
9,uni,-4.040000000000000e-01,4.496562474576460e-02
9,uni,-4.020000000000000e-01,4.418056196929543e-02
9,uni,-4.000000000000000e-01,4.336091540894271e-02
9,uni,-3.980000000000000e-01,4.250710208291819e-02
9,uni,-3.960000000000000e-01,4.161955687150748e-02
9,uni,-3.940000000000000e-01,4.069873243320288e-02
9,uni,-3.920000000000000e-01,3.974509911817331e-02
9,uni,-3.900000000000000e-01,3.875914487906904e-02
9,uni,-3.880000000000000e-01,3.774137517915488e-02
9,uni,-3.860000000000000e-01,3.669231289776337e-02
9,uni,-3.840000000000000e-01,3.561249823305535e-02
9,uni,-3.820000000000000e-01,3.450248860207278e-02
9,uni,-3.800000000000000e-01,3.336285853806453e-02
9,uni,-3.780000000000000e-01,3.219419958506281e-02
9,uni,-3.760000000000000e-01,3.099712018968409e-02
9,uni,-3.740000000000000e-01,2.977224559012273e-02
9,uni,-3.720000000000000e-01,2.852021770230526e-02
9,uni,-3.700000000000000e-01,2.724169500316392e-02
9,uni,-3.680000000000000e-01,2.593735241098805e-02
9,uni,-3.660000000000000e-01,2.460788116280457e-02
9,uni,-3.640000000000000e-01,2.325398868873482e-02
9,uni,-3.620000000000000e-01,2.187639848326967e-02
9,uni,-3.600000000000000e-01,2.047584997339999e-02
9,uni,-3.580000000000000e-01,1.905309838353425e-02
9,uni,-3.560000000000000e-01,1.760891459712696e-02
9,uni,-3.540000000000000e-01,1.614408501494005e-02
9,uni,-3.520000000000000e-01,1.465941140984819e-02
9,uni,-3.500000000000000e-01,1.315571077809699e-02
9,uni,-3.480000000000000e-01,1.163381518691237e-02
9,uni,-3.460000000000000e-01,1.009457161835559e-02
9,uni,-3.440000000000000e-01,8.538841809309222e-03
9,uni,-3.420000000000000e-01,6.967502087472516e-03
9,uni,-3.400000000000000e-01,5.381443203236691e-03
9,uni,-3.380000000000000e-01,3.781570157301795e-03
9,uni,-3.360000000000000e-01,2.168802023890470e-03
9,uni,-3.340000000000000e-01,5.440717694015218e-04
9,uni,-3.320000000000000e-01,1.091673933658777e-03
9,uni,-3.300000000000000e-01,2.737474897643033e-03
9,uni,-3.280000000000000e-01,4.392357615808473e-03
9,uni,-3.260000000000000e-01,6.055335463636957e-03
9,uni,-3.240000000000000e-01,7.725408905633002e-03
9,uni,-3.220000000000000e-01,9.401565707814197e-03
9,uni,-3.200000000000000e-01,1.108278115612155e-02
9,uni,-3.179999999999999e-01,1.276801828098678e-02
9,uni,-3.159999999999999e-01,1.445622808830654e-02
9,uni,-3.139999999999999e-01,1.614634979708773e-02
9,uni,-3.120000000000001e-01,1.783731108403613e-02
9,uni,-3.100000000000001e-01,1.952802833538164e-02
9,uni,-3.080000000000001e-01,2.121740690623747e-02
9,uni,-3.060000000000000e-01,2.290434138781289e-02
9,uni,-3.040000000000000e-01,2.458771588281133e-02
9,uni,-3.020000000000000e-01,2.626640428935645e-02
9,uni,-3.000000000000000e-01,2.793927059381068e-02
9,uni,-2.980000000000000e-01,2.960516917286127e-02
9,uni,-2.960000000000000e-01,3.126294510526934e-02
9,uni,-2.940000000000000e-01,3.291143449368888e-02
9,uni,-2.920000000000000e-01,3.454946479698623e-02
9,uni,-2.900000000000000e-01,3.617585517350042e-02
9,uni,-2.880000000000000e-01,3.778941683570997e-02
9,uni,-2.860000000000000e-01,3.938895341678395e-02
9,uni,-2.840000000000000e-01,4.097326134951645e-02
9,uni,-2.820000000000000e-01,4.254113025816336e-02
9,uni,-2.800000000000000e-01,4.409134336371445e-02
9,uni,-2.780000000000000e-01,4.562267790316094e-02
9,uni,-2.760000000000000e-01,4.713390556332947e-02
9,uni,-2.740000000000000e-01,4.862379292988184e-02
9,uni,-2.720000000000000e-01,5.009110195209043e-02
9,uni,-2.700000000000000e-01,5.153459042403025e-02
9,uni,-2.680000000000000e-01,5.295301248283651e-02
9,uni,-2.660000000000000e-01,5.434511912470780e-02
9,uni,-2.640000000000000e-01,5.570965873934675e-02
9,uni,-2.620000000000000e-01,5.704537766355361e-02
9,uni,-2.600000000000000e-01,5.835102075470872e-02
9,uni,-2.580000000000000e-01,5.962533198489456e-02
9,uni,-2.560000000000000e-01,6.086705505643325e-02
9,uni,-2.540000000000000e-01,6.207493403962749e-02
9,uni,-2.520000000000000e-01,6.324771403351459e-02
9,uni,-2.500000000000000e-01,6.438414185045904e-02
9,uni,-2.480000000000000e-01,6.548296672542553e-02
9,uni,-2.460000000000000e-01,6.654294105078690e-02
9,uni,-2.440000000000000e-01,6.756282113753931e-02
9,uni,-2.420000000000000e-01,6.854136800380567e-02
9,uni,-2.400000000000000e-01,6.947734819152163e-02
9,uni,-2.380000000000000e-01,7.036953461220480e-02
9,uni,-2.360000000000000e-01,7.121670742271974e-02
9,uni,-2.340000000000000e-01,7.201765493194801e-02
9,uni,-2.320000000000000e-01,7.277117453928555e-02
9,uni,-2.300000000000000e-01,7.347607370587839e-02
9,uni,-2.280000000000000e-01,7.413117095951233e-02
9,uni,-2.260000000000000e-01,7.473529693406300e-02
9,uni,-2.240000000000000e-01,7.528729544440010e-02
9,uni,-2.220000000000000e-01,7.578602459762873e-02
9,uni,-2.200000000000000e-01,7.623035794153105e-02
9,uni,-2.180000000000000e-01,7.661918565104664e-02
9,uni,-2.160000000000000e-01,7.695141575360603e-02
9,uni,-2.140000000000000e-01,7.722597539409021e-02
9,uni,-2.120000000000000e-01,7.744181214015944e-02
9,uni,-2.100000000000000e-01,7.759789532863987e-02
9,uni,-2.080000000000000e-01,7.769321745360913e-02
9,uni,-2.060000000000000e-01,7.772679559675721e-02
9,uni,-2.040000000000000e-01,7.769767290053931e-02
9,uni,-2.020000000000000e-01,7.760492008454678e-02
9,uni,-2.000000000000000e-01,7.744763700545565e-02
9,uni,-1.980000000000000e-01,7.722495426079923e-02
9,uni,-1.960000000000000e-01,7.693603483672384e-02
9,uni,-1.940000000000000e-01,7.658007579975512e-02
9,uni,-1.919999999999999e-01,7.615631003249235e-02
9,uni,-1.899999999999999e-01,7.566400801299833e-02
9,uni,-1.879999999999999e-01,7.510247963751049e-02
9,uni,-1.860000000000001e-01,7.447107608592973e-02
9,uni,-1.840000000000001e-01,7.376919172937624e-02
9,uni,-1.820000000000001e-01,7.299626607890219e-02
9,uni,-1.800000000000000e-01,7.215178577425441e-02
9,uni,-1.780000000000000e-01,7.123528661135914e-02
9,uni,-1.760000000000000e-01,7.024635560696668e-02
9,uni,-1.740000000000000e-01,6.918463309864231e-02
9,uni,-1.720000000000000e-01,6.804981487802952e-02
9,uni,-1.700000000000000e-01,6.684165435502365e-02
9,uni,-1.680000000000000e-01,6.555996475020087e-02
9,uni,-1.660000000000000e-01,6.420462131252680e-02
9,uni,-1.640000000000000e-01,6.277556355904479e-02
9,uni,-1.620000000000000e-01,6.127279753288817e-02
9,uni,-1.600000000000000e-01,5.969639807560223e-02
9,uni,-1.580000000000000e-01,5.804651110937764e-02
9,uni,-1.560000000000000e-01,5.632335592440263e-02
9,uni,-1.540000000000000e-01,5.452722746613015e-02
9,uni,-1.520000000000000e-01,5.265849861682803e-02
9,uni,-1.500000000000000e-01,5.071762246535150e-02
9,uni,-1.480000000000000e-01,4.870513455861170e-02
9,uni,-1.460000000000000e-01,4.662165512776917e-02
9,uni,-1.440000000000000e-01,4.446789128170237e-02
9,uni,-1.420000000000000e-01,4.224463915982912e-02
9,uni,-1.400000000000000e-01,3.995278603587471e-02
9,uni,-1.380000000000000e-01,3.759331236370289e-02
9,uni,-1.360000000000000e-01,3.516729375583760e-02
9,uni,-1.340000000000000e-01,3.267590288482791e-02
9,uni,-1.320000000000000e-01,3.012041129713883e-02
9,uni,-1.300000000000000e-01,2.750219112878127e-02
9,uni,-1.280000000000000e-01,2.482271671145808e-02
9,uni,-1.260000000000000e-01,2.208356605756945e-02
9,uni,-1.240000000000000e-01,1.928642221201693e-02
9,uni,-1.220000000000000e-01,1.643307445837239e-02
9,uni,-1.200000000000000e-01,1.352541936663176e-02
9,uni,-1.180000000000000e-01,1.056546166948147e-02
9,uni,-1.160000000000000e-01,7.555314953727743e-03
9,uni,-1.140000000000000e-01,4.497202153355584e-03
9,uni,-1.120000000000000e-01,1.393455830513868e-03
9,uni,-1.100000000000000e-01,1.753481769349197e-03
9,uni,-1.080000000000000e-01,4.941058902004247e-03
9,uni,-1.060000000000000e-01,8.166614762347923e-03
9,uni,-1.040000000000000e-01,1.142738018930090e-02
9,uni,-1.020000000000000e-01,1.472047865106552e-02
9,uni,-9.999999999999998e-02,1.804292752378245e-02
9,uni,-9.799999999999998e-02,2.139163967620639e-02
9,uni,-9.599999999999997e-02,2.476342537248621e-02
9,uni,-9.399999999999997e-02,2.815499450448522e-02
9,uni,-9.199999999999997e-02,3.156295916432728e-02
9,uni,-8.999999999999997e-02,3.498383656696114e-02
9,uni,-8.799999999999997e-02,3.841405233154482e-02
9,uni,-8.599999999999997e-02,4.184994412930876e-02
9,uni,-8.399999999999996e-02,4.528776570431059e-02
9,uni,-8.199999999999996e-02,4.872369127210097e-02
9,uni,-7.999999999999996e-02,5.215382029981530e-02
9,uni,-7.799999999999996e-02,5.557418266956471e-02
9,uni,-7.599999999999996e-02,5.898074422524402e-02
9,uni,-7.399999999999995e-02,6.236941270100838e-02
9,uni,-7.199999999999995e-02,6.573604402767119e-02
9,uni,-6.999999999999995e-02,6.907644901121002e-02
9,uni,-6.799999999999995e-02,7.238640037537625e-02
9,uni,-6.599999999999995e-02,7.566164015815890e-02
9,uni,-6.399999999999995e-02,7.889788744951864e-02
9,uni,-6.200000000000006e-02,8.209084645543807e-02
9,uni,-6.000000000000005e-02,8.523621487091859e-02
9,uni,-5.800000000000005e-02,8.832969254212164e-02
9,uni,-5.600000000000005e-02,9.136699039541973e-02
9,uni,-5.400000000000005e-02,9.434383960871218e-02
9,uni,-5.200000000000005e-02,9.725600099799125e-02
9,uni,-5.000000000000004e-02,1.000992745898377e-01
9,uni,-4.800000000000004e-02,1.028695093483153e-01
9,uni,-4.600000000000004e-02,1.055626130226186e-01
9,uni,-4.400000000000004e-02,1.081745620798666e-01
9,uni,-4.200000000000004e-02,1.107014116856223e-01
9,uni,-4.000000000000004e-02,1.131393056930876e-01
9,uni,-3.800000000000003e-02,1.154844866005041e-01
9,uni,-3.600000000000003e-02,1.177333054350865e-01
9,uni,-3.400000000000003e-02,1.198822315208719e-01
9,uni,-3.200000000000003e-02,1.219278620871836e-01
9,uni,-3.000000000000003e-02,1.238669316739911e-01
9,uni,-2.800000000000002e-02,1.256963212903613e-01
9,uni,-2.600000000000002e-02,1.274130672823756e-01
9,uni,-2.400000000000002e-02,1.290143698674092e-01
9,uni,-2.200000000000002e-02,1.304976012925066e-01
9,uni,-2.000000000000002e-02,1.318603135757396e-01
9,uni,-1.800000000000002e-02,1.331002457909171e-01
9,uni,-1.600000000000001e-02,1.342153308578093e-01
9,uni,-1.400000000000001e-02,1.352037018021574e-01
9,uni,-1.200000000000001e-02,1.360636974521311e-01
9,uni,-1.000000000000001e-02,1.367938675405940e-01
9,uni,-8.000000000000007e-03,1.373929771854536e-01
9,uni,-6.000000000000005e-03,1.378600107235780e-01
9,uni,-4.000000000000004e-03,1.381941748771408e-01
9,uni,-2.000000000000002e-03,1.383949012348412e-01
9,uni,0.000000000000000e+00,1.384618480341815e-01
9,uni,2.000000000000002e-03,1.383949012348412e-01
9,uni,4.000000000000004e-03,1.381941748771408e-01
9,uni,6.000000000000005e-03,1.378600107235781e-01
9,uni,8.000000000000007e-03,1.373929771854535e-01
9,uni,1.000000000000001e-02,1.367938675405942e-01
9,uni,1.200000000000001e-02,1.360636974521311e-01
9,uni,1.400000000000001e-02,1.352037018021574e-01
9,uni,1.600000000000001e-02,1.342153308578095e-01
9,uni,1.800000000000002e-02,1.331002457909171e-01
9,uni,2.000000000000002e-02,1.318603135757395e-01
9,uni,2.200000000000002e-02,1.304976012925066e-01
9,uni,2.400000000000002e-02,1.290143698674093e-01
9,uni,2.600000000000002e-02,1.274130672823756e-01
9,uni,2.800000000000002e-02,1.256963212903615e-01
9,uni,3.000000000000003e-02,1.238669316739911e-01
9,uni,3.200000000000003e-02,1.219278620871835e-01
9,uni,3.400000000000003e-02,1.198822315208720e-01
9,uni,3.600000000000003e-02,1.177333054350866e-01
9,uni,3.800000000000003e-02,1.154844866005044e-01
9,uni,4.000000000000004e-02,1.131393056930878e-01
9,uni,4.200000000000004e-02,1.107014116856223e-01
9,uni,4.400000000000004e-02,1.081745620798668e-01
9,uni,4.600000000000004e-02,1.055626130226186e-01
9,uni,4.800000000000004e-02,1.028695093483153e-01
9,uni,5.000000000000004e-02,1.000992745898376e-01
9,uni,5.200000000000005e-02,9.725600099799125e-02
9,uni,5.400000000000005e-02,9.434383960871218e-02
9,uni,5.600000000000005e-02,9.136699039541973e-02
9,uni,5.800000000000005e-02,8.832969254212175e-02
9,uni,6.000000000000005e-02,8.523621487091848e-02
9,uni,6.200000000000006e-02,8.209084645543807e-02
9,uni,6.400000000000006e-02,7.889788744951853e-02
9,uni,6.600000000000006e-02,7.566164015815890e-02
9,uni,6.800000000000006e-02,7.238640037537614e-02
9,uni,7.000000000000006e-02,6.907644901120991e-02
9,uni,7.200000000000006e-02,6.573604402767141e-02
9,uni,7.400000000000007e-02,6.236941270100838e-02
9,uni,7.600000000000007e-02,5.898074422524402e-02
9,uni,7.800000000000007e-02,5.557418266956449e-02
9,uni,8.000000000000007e-02,5.215382029981541e-02
9,uni,8.200000000000007e-02,4.872369127210074e-02
9,uni,8.400000000000007e-02,4.528776570431048e-02
9,uni,8.600000000000008e-02,4.184994412930876e-02
9,uni,8.800000000000008e-02,3.841405233154449e-02
9,uni,9.000000000000008e-02,3.498383656696091e-02
9,uni,9.200000000000008e-02,3.156295916432705e-02
9,uni,9.400000000000008e-02,2.815499450448522e-02
9,uni,9.600000000000009e-02,2.476342537248621e-02
9,uni,9.800000000000009e-02,2.139163967620639e-02
9,uni,1.000000000000001e-01,1.804292752378234e-02
9,uni,1.020000000000001e-01,1.472047865106552e-02
9,uni,1.040000000000001e-01,1.142738018930112e-02
9,uni,1.060000000000001e-01,8.166614762347812e-03
9,uni,1.080000000000001e-01,4.941058902004358e-03
9,uni,1.100000000000001e-01,1.753481769349086e-03
9,uni,1.120000000000001e-01,1.393455830513868e-03
9,uni,1.140000000000001e-01,4.497202153355695e-03
9,uni,1.160000000000001e-01,7.555314953727743e-03
9,uni,1.180000000000001e-01,1.056546166948125e-02
9,uni,1.200000000000001e-01,1.352541936663187e-02
9,uni,1.220000000000001e-01,1.643307445837205e-02
9,uni,1.240000000000001e-01,1.928642221201704e-02
9,uni,1.259999999999999e-01,2.208356605756945e-02
9,uni,1.279999999999999e-01,2.482271671145775e-02
9,uni,1.299999999999999e-01,2.750219112878083e-02
9,uni,1.319999999999999e-01,3.012041129713872e-02
9,uni,1.339999999999999e-01,3.267590288482780e-02
9,uni,1.359999999999999e-01,3.516729375583727e-02
9,uni,1.379999999999999e-01,3.759331236370245e-02
9,uni,1.399999999999999e-01,3.995278603587449e-02
9,uni,1.419999999999999e-01,4.224463915982879e-02
9,uni,1.439999999999999e-01,4.446789128170192e-02
9,uni,1.459999999999999e-01,4.662165512776872e-02
9,uni,1.479999999999999e-01,4.870513455861170e-02
9,uni,1.499999999999999e-01,5.071762246535139e-02
9,uni,1.519999999999999e-01,5.265849861682781e-02
9,uni,1.539999999999999e-01,5.452722746612970e-02
9,uni,1.559999999999999e-01,5.632335592440263e-02
9,uni,1.579999999999999e-01,5.804651110937764e-02
9,uni,1.599999999999999e-01,5.969639807560223e-02
9,uni,1.619999999999999e-01,6.127279753288806e-02
9,uni,1.639999999999999e-01,6.277556355904435e-02
9,uni,1.659999999999999e-01,6.420462131252658e-02
9,uni,1.679999999999999e-01,6.555996475020065e-02
9,uni,1.699999999999999e-01,6.684165435502343e-02
9,uni,1.719999999999999e-01,6.804981487802919e-02
9,uni,1.739999999999999e-01,6.918463309864220e-02
9,uni,1.759999999999999e-01,7.024635560696646e-02
9,uni,1.779999999999999e-01,7.123528661135858e-02
9,uni,1.799999999999999e-01,7.215178577425396e-02
9,uni,1.819999999999999e-01,7.299626607890231e-02
9,uni,1.839999999999999e-01,7.376919172937579e-02
9,uni,1.859999999999999e-01,7.447107608592929e-02
9,uni,1.879999999999999e-01,7.510247963751027e-02
9,uni,1.899999999999999e-01,7.566400801299855e-02
9,uni,1.919999999999999e-01,7.615631003249212e-02
9,uni,1.940000000000000e-01,7.658007579975490e-02
9,uni,1.960000000000000e-01,7.693603483672351e-02
9,uni,1.980000000000000e-01,7.722495426079912e-02
9,uni,2.000000000000000e-01,7.744763700545565e-02
9,uni,2.020000000000000e-01,7.760492008454689e-02
9,uni,2.040000000000000e-01,7.769767290053897e-02
9,uni,2.060000000000000e-01,7.772679559675699e-02
9,uni,2.080000000000000e-01,7.769321745360880e-02
9,uni,2.100000000000000e-01,7.759789532863998e-02
9,uni,2.120000000000000e-01,7.744181214015933e-02
9,uni,2.140000000000000e-01,7.722597539409010e-02
9,uni,2.160000000000000e-01,7.695141575360626e-02
9,uni,2.180000000000000e-01,7.661918565104653e-02
9,uni,2.200000000000000e-01,7.623035794153116e-02
9,uni,2.220000000000000e-01,7.578602459762862e-02
9,uni,2.240000000000000e-01,7.528729544440010e-02
9,uni,2.260000000000000e-01,7.473529693406333e-02
9,uni,2.280000000000000e-01,7.413117095951233e-02
9,uni,2.300000000000000e-01,7.347607370587805e-02
9,uni,2.320000000000000e-01,7.277117453928567e-02
9,uni,2.340000000000000e-01,7.201765493194756e-02
9,uni,2.360000000000000e-01,7.121670742271996e-02
9,uni,2.380000000000000e-01,7.036953461220480e-02
9,uni,2.400000000000000e-01,6.947734819152129e-02
9,uni,2.420000000000000e-01,6.854136800380534e-02
9,uni,2.440000000000000e-01,6.756282113753920e-02
9,uni,2.460000000000000e-01,6.654294105078701e-02
9,uni,2.480000000000000e-01,6.548296672542542e-02
9,uni,2.500000000000000e-01,6.438414185045926e-02
9,uni,2.520000000000000e-01,6.324771403351415e-02
9,uni,2.540000000000000e-01,6.207493403962727e-02
9,uni,2.560000000000000e-01,6.086705505643303e-02
9,uni,2.580000000000000e-01,5.962533198489467e-02
9,uni,2.600000000000000e-01,5.835102075470883e-02
9,uni,2.620000000000000e-01,5.704537766355394e-02
9,uni,2.640000000000000e-01,5.570965873934675e-02
9,uni,2.660000000000000e-01,5.434511912470757e-02
9,uni,2.680000000000000e-01,5.295301248283629e-02
9,uni,2.700000000000000e-01,5.153459042403025e-02
9,uni,2.720000000000000e-01,5.009110195209088e-02
9,uni,2.740000000000000e-01,4.862379292988162e-02
9,uni,2.760000000000000e-01,4.713390556332947e-02
9,uni,2.780000000000000e-01,4.562267790316105e-02
9,uni,2.800000000000000e-01,4.409134336371434e-02
9,uni,2.820000000000000e-01,4.254113025816325e-02
9,uni,2.840000000000000e-01,4.097326134951668e-02
9,uni,2.860000000000000e-01,3.938895341678372e-02
9,uni,2.880000000000000e-01,3.778941683570974e-02
9,uni,2.900000000000000e-01,3.617585517350042e-02
9,uni,2.920000000000000e-01,3.454946479698634e-02
9,uni,2.940000000000000e-01,3.291143449368966e-02
9,uni,2.960000000000000e-01,3.126294510526945e-02
9,uni,2.980000000000000e-01,2.960516917286105e-02
9,uni,3.000000000000000e-01,2.793927059381079e-02
9,uni,3.020000000000000e-01,2.626640428935678e-02
9,uni,3.040000000000000e-01,2.458771588281145e-02
9,uni,3.060000000000000e-01,2.290434138781333e-02
9,uni,3.080000000000001e-01,2.121740690623791e-02
9,uni,3.100000000000001e-01,1.952802833538186e-02
9,uni,3.120000000000001e-01,1.783731108403636e-02
9,uni,3.140000000000001e-01,1.614634979708818e-02
9,uni,3.160000000000001e-01,1.445622808830677e-02
9,uni,3.180000000000001e-01,1.276801828098589e-02
9,uni,3.200000000000001e-01,1.108278115612171e-02
9,uni,3.220000000000001e-01,9.401565707813919e-03
9,uni,3.240000000000001e-01,7.725408905632669e-03
9,uni,3.260000000000001e-01,6.055335463637401e-03
9,uni,3.280000000000001e-01,4.392357615808473e-03
9,uni,3.300000000000001e-01,2.737474897642644e-03
9,uni,3.320000000000001e-01,1.091673933658555e-03
9,uni,3.340000000000001e-01,5.440717694009667e-04
9,uni,3.360000000000001e-01,2.168802023890637e-03
9,uni,3.380000000000001e-01,3.781570157302350e-03
9,uni,3.400000000000001e-01,5.381443203236080e-03
9,uni,3.420000000000001e-01,6.967502087472988e-03
9,uni,3.440000000000001e-01,8.538841809309111e-03
9,uni,3.460000000000001e-01,1.009457161835553e-02
9,uni,3.480000000000001e-01,1.163381518691278e-02
9,uni,3.500000000000001e-01,1.315571077809630e-02
9,uni,3.520000000000001e-01,1.465941140984767e-02
9,uni,3.540000000000001e-01,1.614408501493975e-02
9,uni,3.560000000000001e-01,1.760891459712757e-02
9,uni,3.580000000000001e-01,1.905309838353461e-02
9,uni,3.600000000000001e-01,2.047584997339999e-02
9,uni,3.620000000000001e-01,2.187639848326969e-02
9,uni,3.640000000000001e-01,2.325398868873529e-02
9,uni,3.660000000000001e-01,2.460788116280435e-02
9,uni,3.680000000000001e-01,2.593735241098760e-02
9,uni,3.700000000000001e-01,2.724169500316423e-02
9,uni,3.720000000000001e-01,2.852021770230517e-02
9,uni,3.740000000000001e-01,2.977224559012265e-02
9,uni,3.759999999999999e-01,3.099712018968340e-02
9,uni,3.779999999999999e-01,3.219419958506303e-02
9,uni,3.799999999999999e-01,3.336285853806362e-02
9,uni,3.819999999999999e-01,3.450248860207239e-02
9,uni,3.839999999999999e-01,3.561249823305404e-02
9,uni,3.859999999999999e-01,3.669231289776323e-02
9,uni,3.879999999999999e-01,3.774137517915396e-02
9,uni,3.899999999999999e-01,3.875914487906748e-02
9,uni,3.919999999999999e-01,3.974509911817301e-02
9,uni,3.939999999999999e-01,4.069873243320254e-02
9,uni,3.959999999999999e-01,4.161955687150770e-02
9,uni,3.979999999999999e-01,4.250710208291814e-02
9,uni,3.999999999999999e-01,4.336091540894305e-02
9,uni,4.019999999999999e-01,4.418056196929498e-02
9,uni,4.039999999999999e-01,4.496562474576399e-02
9,uni,4.059999999999999e-01,4.571570466341673e-02
9,uni,4.079999999999999e-01,4.643042066913869e-02
9,uni,4.099999999999999e-01,4.710940980750630e-02
9,uni,4.119999999999999e-01,4.775232729397474e-02
9,uni,4.139999999999999e-01,4.835884658538236e-02
9,uni,4.159999999999999e-01,4.892865944775879e-02
9,uni,4.179999999999999e-01,4.946147602140838e-02
9,uni,4.199999999999999e-01,4.995702488327722e-02
9,uni,4.219999999999999e-01,5.041505310654695e-02
9,uni,4.239999999999999e-01,5.083532631749016e-02
9,uni,4.259999999999999e-01,5.121762874949903e-02
9,uni,4.279999999999999e-01,5.156176329432341e-02
9,uni,4.299999999999999e-01,5.186755155046266e-02
9,uni,4.319999999999999e-01,5.213483386866437e-02
9,uni,4.339999999999999e-01,5.236346939456142e-02
9,uni,4.359999999999999e-01,5.255333610834841e-02
9,uni,4.379999999999999e-01,5.270433086151617e-02
9,uni,4.399999999999999e-01,5.281636941058049e-02
9,uni,4.419999999999999e-01,5.288938644779939e-02
9,uni,4.440000000000000e-01,5.292333562879496e-02
9,uni,4.460000000000000e-01,5.291818959711678e-02
9,uni,4.480000000000000e-01,5.287394000562541e-02
9,uni,4.500000000000000e-01,5.279059753472687e-02
9,uni,4.520000000000000e-01,5.266819190736978e-02
9,uni,4.540000000000000e-01,5.250677190079529e-02
9,uni,4.560000000000000e-01,5.230640535498225e-02
9,uni,4.580000000000000e-01,5.206717917774113e-02
9,uni,4.600000000000000e-01,5.178919934642917e-02
9,uni,4.620000000000000e-01,5.147259090621664e-02
9,uni,4.640000000000000e-01,5.111749796489790e-02
9,uni,4.660000000000000e-01,5.072408368415149e-02
9,uni,4.680000000000000e-01,5.029253026723766e-02
9,uni,4.700000000000000e-01,4.982303894308532e-02
9,uni,4.720000000000000e-01,4.931582994668451e-02
9,uni,4.740000000000000e-01,4.877114249578714e-02
9,uni,4.760000000000000e-01,4.818923476381580e-02
9,uni,4.780000000000000e-01,4.757038384896875e-02
9,uni,4.800000000000000e-01,4.691488573944558e-02
9,uni,4.820000000000000e-01,4.622305527475150e-02
9,uni,4.840000000000000e-01,4.549522610303500e-02
9,uni,4.860000000000000e-01,4.473175063437516e-02
9,uni,4.880000000000000e-01,4.393299999002022e-02
9,uni,4.900000000000000e-01,4.309936394745942e-02
9,uni,4.920000000000000e-01,4.223125088132856e-02
9,uni,4.940000000000000e-01,4.132908770005489e-02
9,uni,4.960000000000000e-01,4.039331977821144e-02
9,uni,4.980000000000000e-01,3.942441088451051e-02
9,uni,5.000000000000000e-01,3.842284310538863e-02
9,uni,5.020000000000000e-01,3.738911676412697e-02
9,uni,5.040000000000000e-01,3.632375033543796e-02
9,uni,5.060000000000000e-01,3.522728035546202e-02
9,uni,5.080000000000000e-01,3.410026132715013e-02
9,uni,5.100000000000000e-01,3.294326562092426e-02
9,uni,5.120000000000000e-01,3.175688337058832e-02
9,uni,5.140000000000000e-01,3.054172236441895e-02
9,uni,5.160000000000000e-01,2.929840793139521e-02
9,uni,5.180000000000000e-01,2.802758282246375e-02
9,uni,5.200000000000000e-01,2.672990708685988e-02
9,uni,5.220000000000000e-01,2.540605794330340e-02
9,uni,5.240000000000000e-01,2.405672964615684e-02
9,uni,5.260000000000000e-01,2.268263334634325e-02
9,uni,5.280000000000000e-01,2.128449694706988e-02
9,uni,5.300000000000000e-01,1.986306495422911e-02
9,uni,5.320000000000000e-01,1.841909832145024e-02
9,uni,5.340000000000000e-01,1.695337428973630e-02
9,uni,5.360000000000000e-01,1.546668622160137e-02
9,uni,5.380000000000000e-01,1.395984342967009e-02
9,uni,5.400000000000000e-01,1.243367099967521e-02
9,uni,5.420000000000000e-01,1.088900960777611e-02
9,uni,5.440000000000000e-01,9.326715332139801e-03
9,uni,5.460000000000000e-01,7.747659458731349e-03
9,uni,5.480000000000000e-01,6.152728281245592e-03
9,uni,5.500000000000000e-01,4.542822895105339e-03
9,uni,5.520000000000000e-01,2.918858985466635e-03
9,uni,5.540000000000000e-01,1.281766609199597e-03
9,uni,5.560000000000000e-01,3.675100293000638e-04
9,uni,5.580000000000001e-01,2.028012808431637e-03
9,uni,5.600000000000001e-01,3.698769925970818e-03
9,uni,5.620000000000001e-01,5.378796142001208e-03
9,uni,5.640000000000001e-01,7.067093028170005e-03
9,uni,5.660000000000001e-01,8.762649223411398e-03
9,uni,5.680000000000001e-01,1.046444069619178e-02
9,uni,5.700000000000001e-01,1.217143101330480e-02
9,uni,5.720000000000001e-01,1.388257161533385e-02
9,uni,5.740000000000001e-01,1.559680209880245e-02
9,uni,5.760000000000001e-01,1.731305050510595e-02
9,uni,5.780000000000001e-01,1.903023361628502e-02
9,uni,5.800000000000001e-01,2.074725725771573e-02
9,uni,5.820000000000001e-01,2.246301660776835e-02
9,uni,5.840000000000001e-01,2.417639651449116e-02
9,uni,5.860000000000001e-01,2.588627181945267e-02
9,uni,5.880000000000001e-01,2.759150768870353e-02
9,uni,5.900000000000001e-01,2.929095995103603e-02
9,uni,5.920000000000001e-01,3.098347544352596e-02
9,uni,5.940000000000001e-01,3.266789236447593e-02
9,uni,5.960000000000001e-01,3.434304063379250e-02
9,uni,5.980000000000001e-01,3.600774226091841e-02
9,uni,6.000000000000001e-01,3.766081172030059e-02
9,uni,6.020000000000001e-01,3.930105633457764e-02
9,uni,6.040000000000001e-01,4.092727666544467e-02
9,uni,6.060000000000001e-01,4.253826691233888e-02
9,uni,6.080000000000001e-01,4.413281531902132e-02
9,uni,6.100000000000001e-01,4.570970458802022e-02
9,uni,6.120000000000001e-01,4.726771230316264e-02
9,uni,6.140000000000001e-01,4.880561136013901e-02
9,uni,6.160000000000001e-01,5.032217040522120e-02
9,uni,6.180000000000001e-01,5.181615428222679e-02
9,uni,6.200000000000001e-01,5.328632448771659e-02
9,uni,6.220000000000001e-01,5.473143963462812e-02
9,uni,6.240000000000001e-01,5.615025592429154e-02
9,uni,6.259999999999999e-01,5.754152762694396e-02
9,uni,6.279999999999999e-01,5.890400757086919e-02
9,uni,6.299999999999999e-01,6.023644764011180e-02
9,uni,6.319999999999999e-01,6.153759928100735e-02
9,uni,6.339999999999999e-01,6.280621401740455e-02
9,uni,6.359999999999999e-01,6.404104397480628e-02
9,uni,6.379999999999999e-01,6.524084241347734e-02
9,uni,6.399999999999999e-01,6.640436427045794e-02
9,uni,6.419999999999999e-01,6.753036671079791e-02
9,uni,6.439999999999999e-01,6.861760968781566e-02
9,uni,6.459999999999999e-01,6.966485651267873e-02
9,uni,6.479999999999999e-01,7.067087443324895e-02
9,uni,6.499999999999999e-01,7.163443522233012e-02
9,uni,6.519999999999999e-01,7.255431577530039e-02
9,uni,6.539999999999999e-01,7.342929871736797e-02
9,uni,6.559999999999999e-01,7.425817302035838e-02
9,uni,6.579999999999999e-01,7.503973462917145e-02
9,uni,6.599999999999999e-01,7.577278709804905e-02
9,uni,6.619999999999999e-01,7.645614223659900e-02
9,uni,6.639999999999999e-01,7.708862076575140e-02
9,uni,6.659999999999999e-01,7.766905298369259e-02
9,uni,6.679999999999999e-01,7.819627944183993e-02
9,uni,6.699999999999999e-01,7.866915163093088e-02
9,uni,6.719999999999999e-01,7.908653267734773e-02
9,uni,6.739999999999999e-01,7.944729804965689e-02
9,uni,6.759999999999999e-01,7.975033627559740e-02
9,uni,6.779999999999999e-01,7.999454966941137e-02
9,uni,6.799999999999999e-01,8.017885506972525e-02
9,uni,6.819999999999999e-01,8.030218458800382e-02
9,uni,6.839999999999999e-01,8.036348636768299e-02
9,uni,6.859999999999999e-01,8.036172535400091e-02
9,uni,6.879999999999999e-01,8.029588407469546e-02
9,uni,6.899999999999999e-01,8.016496343156397e-02
9,uni,6.919999999999999e-01,7.996798350299046e-02
9,uni,6.940000000000000e-01,7.970398435756124e-02
9,uni,6.960000000000000e-01,7.937202687874104e-02
9,uni,6.980000000000000e-01,7.897119360084641e-02
9,uni,7.000000000000000e-01,7.850058955621395e-02
9,uni,7.020000000000000e-01,7.795934313381167e-02
9,uni,7.040000000000000e-01,7.734660694921494e-02
9,uni,7.060000000000000e-01,7.666155872616387e-02
9,uni,7.080000000000000e-01,7.590340218973668e-02
9,uni,7.100000000000000e-01,7.507136797113326e-02
9,uni,7.120000000000000e-01,7.416471452427723e-02
9,uni,7.140000000000000e-01,7.318272905423309e-02
9,uni,7.160000000000000e-01,7.212472845759753e-02
9,uni,7.180000000000000e-01,7.099006027480959e-02
9,uni,7.200000000000000e-01,6.977810365461497e-02
9,uni,7.220000000000000e-01,6.848827033063692e-02
9,uni,7.240000000000000e-01,6.712000561026667e-02
9,uni,7.260000000000000e-01,6.567278937582856e-02
9,uni,7.280000000000000e-01,6.414613709815209e-02
9,uni,7.300000000000000e-01,6.253960086263317e-02
9,uni,7.320000000000000e-01,6.085277040792565e-02
9,uni,7.340000000000000e-01,5.908527417721413e-02
9,uni,7.360000000000000e-01,5.723678038224568e-02
9,uni,7.380000000000000e-01,5.530699808021737e-02
9,uni,7.400000000000000e-01,5.329567826353764e-02
9,uni,7.420000000000000e-01,5.120261496250547e-02
9,uni,7.440000000000000e-01,4.902764636123394e-02
9,uni,7.460000000000000e-01,4.677065592654343e-02
9,uni,7.480000000000000e-01,4.443157355018176e-02
9,uni,7.500000000000000e-01,4.201037670434474e-02
9,uni,7.520000000000000e-01,3.950709161062631e-02
9,uni,7.540000000000000e-01,3.692179442239020e-02
9,uni,7.560000000000000e-01,3.425461242078974e-02
9,uni,7.580000000000000e-01,3.150572522440043e-02
9,uni,7.600000000000000e-01,2.867536601261561e-02
9,uni,7.620000000000000e-01,2.576382276281473e-02
9,uni,7.640000000000000e-01,2.277143950156457e-02
9,uni,7.660000000000000e-01,1.969861756964783e-02
9,uni,7.680000000000000e-01,1.654581690135126e-02
9,uni,7.700000000000000e-01,1.331355731778291e-02
9,uni,7.720000000000000e-01,1.000241983452424e-02
9,uni,7.740000000000000e-01,6.613047983605250e-03
9,uni,7.760000000000000e-01,3.146149149887513e-03
9,uni,7.780000000000000e-01,3.975040780214711e-04
9,uni,7.800000000000000e-01,4.017072542212168e-03
9,uni,7.820000000000000e-01,7.711649135351210e-03
9,uni,7.840000000000000e-01,1.148025740559643e-02
9,uni,7.860000000000000e-01,1.532185014682786e-02
9,uni,7.880000000000000e-01,1.923530797383035e-02
9,uni,7.900000000000000e-01,2.321943788246622e-02
9,uni,7.920000000000000e-01,2.727297179464799e-02
9,uni,7.940000000000000e-01,3.139456508825679e-02
9,uni,7.960000000000000e-01,3.558279511154263e-02
9,uni,7.980000000000000e-01,3.983615968235402e-02
9,uni,8.000000000000000e-01,4.415307557169856e-02
9,uni,8.020000000000000e-01,4.853187697178121e-02
9,uni,8.040000000000000e-01,5.297081394852302e-02
9,uni,8.060000000000000e-01,5.746805087807528e-02
9,uni,8.080000000000001e-01,6.202166486771916e-02
9,uni,8.100000000000001e-01,6.662964416065033e-02
9,uni,8.120000000000001e-01,7.128988652493970e-02
9,uni,8.140000000000001e-01,7.600019762618690e-02
9,uni,8.160000000000001e-01,8.075828938411622e-02
9,uni,8.180000000000001e-01,8.556177831270086e-02
9,uni,8.200000000000001e-01,9.040818384420093e-02
9,uni,8.220000000000001e-01,9.529492663635439e-02
9,uni,8.240000000000001e-01,1.002193268633310e-01
9,uni,8.260000000000001e-01,1.051786024897794e-01
9,uni,8.280000000000001e-01,1.101698675282390e-01
9,uni,8.300000000000001e-01,1.151901302797551e-01
9,uni,8.320000000000001e-01,1.202362915574090e-01
9,uni,8.340000000000001e-01,1.253051428929108e-01
9,uni,8.360000000000001e-01,1.303933647260860e-01
9,uni,8.380000000000001e-01,1.354975245770863e-01
9,uni,8.400000000000001e-01,1.406140752013498e-01
9,uni,8.420000000000001e-01,1.457393527270929e-01
9,uni,8.440000000000001e-01,1.508695747753215e-01
9,uni,8.460000000000001e-01,1.560008385623035e-01
9,uni,8.480000000000001e-01,1.611291189843294e-01
9,uni,8.500000000000001e-01,1.662502666846537e-01
9,uni,8.520000000000001e-01,1.713600061025231e-01
9,uni,8.540000000000001e-01,1.764539335044640e-01
9,uni,8.560000000000001e-01,1.815275149971804e-01
9,uni,8.580000000000001e-01,1.865760845225486e-01
9,uni,8.600000000000001e-01,1.915948418342056e-01
9,uni,8.620000000000001e-01,1.965788504558543e-01
9,uni,8.640000000000001e-01,2.015230356211228e-01
9,uni,8.660000000000001e-01,2.064221821948573e-01
9,uni,8.680000000000001e-01,2.112709325757331e-01
9,uni,8.700000000000001e-01,2.160637845802677e-01
9,uni,8.720000000000001e-01,2.207950893077956e-01
9,uni,8.740000000000001e-01,2.254590489867360e-01
9,uni,8.759999999999999e-01,2.300497148016039e-01
9,uni,8.779999999999999e-01,2.345609847011309e-01
9,uni,8.799999999999999e-01,2.389866011869574e-01
9,uni,8.819999999999999e-01,2.433201490830765e-01
9,uni,8.839999999999999e-01,2.475550532859884e-01
9,uni,8.859999999999999e-01,2.516845764950976e-01
9,uni,8.879999999999999e-01,2.557018169236271e-01
9,uni,8.899999999999999e-01,2.595997059898874e-01
9,uni,8.919999999999999e-01,2.633710059885441e-01
9,uni,8.939999999999999e-01,2.670083077421822e-01
9,uni,8.959999999999999e-01,2.705040282326270e-01
9,uni,8.979999999999999e-01,2.738504082123830e-01
9,uni,8.999999999999999e-01,2.770395097957130e-01
9,uni,9.019999999999999e-01,2.800632140294199e-01
9,uni,9.039999999999999e-01,2.829132184432852e-01
9,uni,9.059999999999999e-01,2.855810345799015e-01
9,uni,9.079999999999999e-01,2.880579855039437e-01
9,uni,9.099999999999999e-01,2.903352032907900e-01
9,uni,9.119999999999999e-01,2.924036264941082e-01
9,uni,9.139999999999999e-01,2.942539975927931e-01
9,uni,9.159999999999999e-01,2.958768604167059e-01
9,uni,9.179999999999999e-01,2.972625575513904e-01
9,uni,9.199999999999999e-01,2.984012277213814e-01
9,uni,9.219999999999999e-01,2.992828031525226e-01
9,uni,9.239999999999999e-01,2.998970069125060e-01
9,uni,9.259999999999999e-01,3.002333502300659e-01
9,uni,9.279999999999999e-01,3.002811297925626e-01
9,uni,9.299999999999999e-01,3.000294250216712e-01
9,uni,9.319999999999999e-01,2.994670953273690e-01
9,uni,9.339999999999999e-01,2.985827773399957e-01
9,uni,9.359999999999999e-01,2.973648821200839e-01
9,uni,9.379999999999999e-01,2.958015923462138e-01
9,uni,9.399999999999999e-01,2.938808594806013e-01
9,uni,9.419999999999999e-01,2.915904009121860e-01
9,uni,9.440000000000000e-01,2.889176970773666e-01
9,uni,9.460000000000000e-01,2.858499885581866e-01
9,uni,9.480000000000000e-01,2.823742731577660e-01
9,uni,9.500000000000000e-01,2.784773029529055e-01
9,uni,9.520000000000000e-01,2.741455813240264e-01
9,uni,9.540000000000000e-01,2.693653599618697e-01
9,uni,9.560000000000000e-01,2.641226358511837e-01
9,uni,9.580000000000000e-01,2.584031482312519e-01
9,uni,9.600000000000000e-01,2.521923755330527e-01
9,uni,9.620000000000000e-01,2.454755322930954e-01
9,uni,9.640000000000000e-01,2.382375660434909e-01
9,uni,9.660000000000000e-01,2.304631541786927e-01
9,uni,9.680000000000000e-01,2.221367007982978e-01
9,uni,9.700000000000000e-01,2.132423335260986e-01
9,uni,9.720000000000000e-01,2.037639003050328e-01
9,uni,9.740000000000000e-01,1.936849661682829e-01
9,uni,9.760000000000000e-01,1.829888099860817e-01
9,uni,9.780000000000000e-01,1.716584211881205e-01
9,uni,9.800000000000000e-01,1.596764964619086e-01
9,uni,9.820000000000000e-01,1.470254364262231e-01
9,uni,9.840000000000000e-01,1.336873422801779e-01
9,uni,9.860000000000000e-01,1.196440124277159e-01
9,uni,9.880000000000000e-01,1.048769390768635e-01
9,uni,9.900000000000000e-01,8.936730481443153e-02
9,uni,9.920000000000000e-01,7.309597915544412e-02
9,uni,9.940000000000000e-01,5.604351506766954e-02
9,uni,9.960000000000000e-01,3.819014547037437e-02
9,uni,9.980000000000000e-01,1.951577970835706e-02
9,uni,1.000000000000000e+00,6.550315845288424e-15
9,cheba,-1.000000000000000e+00,1.035301289788150e-02
9,cheba,-9.980000000000000e-01,8.382077766660778e-03
9,cheba,-9.960000000000000e-01,6.528338133310357e-03
9,cheba,-9.940000000000000e-01,4.788096205411443e-03
9,cheba,-9.920000000000000e-01,3.157724794435678e-03
9,cheba,-9.900000000000000e-01,1.633666468404564e-03
9,cheba,-9.880000000000000e-01,2.124327107873650e-04
9,cheba,-9.860000000000000e-01,1.109396914158171e-03
9,cheba,-9.840000000000000e-01,2.335175589821659e-03
9,cheba,-9.820000000000000e-01,3.468190069317242e-03
9,cheba,-9.800000000000000e-01,4.511661491354277e-03
9,cheba,-9.780000000000000e-01,5.468746189806646e-03
9,cheba,-9.760000000000000e-01,6.342536497132296e-03
9,cheba,-9.740000000000000e-01,7.136061541599716e-03
9,cheba,-9.720000000000000e-01,7.852288038363964e-03
9,cheba,-9.700000000000000e-01,8.494121074409409e-03
9,cheba,-9.680000000000000e-01,9.064404887455871e-03
9,cheba,-9.660000000000000e-01,9.565923638704198e-03
9,cheba,-9.640000000000000e-01,1.000140217960183e-02
9,cheba,-9.620000000000000e-01,1.037350681265512e-02
9,cheba,-9.600000000000000e-01,1.068484604612334e-02
9,cheba,-9.580000000000000e-01,1.093797134285280e-02
9,cheba,-9.560000000000000e-01,1.113537786318942e-02
9,cheba,-9.540000000000000e-01,1.127950520195084e-02
9,cheba,-9.520000000000000e-01,1.137273811953492e-02
9,cheba,-9.500000000000000e-01,1.141740726719367e-02
9,cheba,-9.480000000000000e-01,1.141578990648486e-02
9,cheba,-9.460000000000000e-01,1.137011062294626e-02
9,cheba,-9.440000000000000e-01,1.128254203399992e-02
9,cheba,-9.419999999999999e-01,1.115520549109206e-02
9,cheba,-9.399999999999999e-01,1.099017177615643e-02
9,cheba,-9.379999999999999e-01,1.078946179243696e-02
9,cheba,-9.359999999999999e-01,1.055504724952293e-02
9,cheba,-9.339999999999999e-01,1.028885134290452e-02
9,cheba,-9.319999999999999e-01,9.992749427865738e-03
9,cheba,-9.299999999999999e-01,9.668569687764840e-03
9,cheba,-9.280000000000000e-01,9.318093796818312e-03
9,cheba,-9.260000000000000e-01,8.943057577382653e-03
9,cheba,-9.240000000000000e-01,8.545151651693290e-03
9,cheba,-9.220000000000000e-01,8.126022088105263e-03
9,cheba,-9.200000000000000e-01,7.687271042049082e-03
9,cheba,-9.180000000000000e-01,7.230457391363083e-03
9,cheba,-9.160000000000000e-01,6.757097366401302e-03
9,cheba,-9.140000000000000e-01,6.268665174712376e-03
9,cheba,-9.120000000000000e-01,5.766593620384439e-03
9,cheba,-9.100000000000000e-01,5.252274718069258e-03
9,cheba,-9.080000000000000e-01,4.727060301790993e-03
9,cheba,-9.060000000000000e-01,4.192262628438997e-03
9,cheba,-9.040000000000000e-01,3.649154975982859e-03
9,cheba,-9.020000000000000e-01,3.098972236660648e-03
9,cheba,-9.000000000000000e-01,2.542911504774835e-03
9,cheba,-8.980000000000000e-01,1.982132659457424e-03
9,cheba,-8.960000000000000e-01,1.417758942341051e-03
9,cheba,-8.940000000000000e-01,8.508775300213253e-04
9,cheba,-8.920000000000000e-01,2.825401015077791e-04
9,cheba,-8.900000000000000e-01,2.862365993565943e-04
9,cheba,-8.880000000000000e-01,8.544702065503285e-04
9,cheba,-8.860000000000000e-01,1.421212179468966e-03
9,cheba,-8.840000000000000e-01,1.985547255533564e-03
9,cheba,-8.820000000000000e-01,2.546592907740119e-03
9,cheba,-8.800000000000000e-01,3.103498807122261e-03
9,cheba,-8.780000000000000e-01,3.655446290068837e-03
9,cheba,-8.760000000000000e-01,4.201647830594034e-03
9,cheba,-8.740000000000000e-01,4.741346517401289e-03
9,cheba,-8.720000000000000e-01,5.273815535751548e-03
9,cheba,-8.700000000000000e-01,5.798357654119110e-03
9,cheba,-8.680000000000000e-01,6.314304715736192e-03
9,cheba,-8.660000000000000e-01,6.821017134686441e-03
9,cheba,-8.640000000000000e-01,7.317883396865933e-03
9,cheba,-8.620000000000000e-01,7.804319565556286e-03
9,cheba,-8.600000000000000e-01,8.279768791751366e-03
9,cheba,-8.580000000000000e-01,8.743700829002769e-03
9,cheba,-8.560000000000000e-01,9.195611553015529e-03
9,cheba,-8.540000000000000e-01,9.635022485710777e-03
9,cheba,-8.520000000000000e-01,1.006148032399580e-02
9,cheba,-8.500000000000000e-01,1.047455647294796e-02
9,cheba,-8.480000000000000e-01,1.087384658357946e-02
9,cheba,-8.460000000000000e-01,1.125897009510147e-02
9,cheba,-8.440000000000000e-01,1.162956978166623e-02
9,cheba,-8.420000000000000e-01,1.198531130350327e-02
9,cheba,-8.400000000000000e-01,1.232588276250233e-02
9,cheba,-8.380000000000000e-01,1.265099426224497e-02
9,cheba,-8.360000000000000e-01,1.296037747231938e-02
9,cheba,-8.340000000000000e-01,1.325378519704486e-02
9,cheba,-8.320000000000000e-01,1.353099094850332e-02
9,cheba,-8.300000000000000e-01,1.379178852386009e-02
9,cheba,-8.280000000000001e-01,1.403599158695986e-02
9,cheba,-8.260000000000001e-01,1.426343325422371e-02
9,cheba,-8.240000000000001e-01,1.447396568468132e-02
9,cheba,-8.220000000000001e-01,1.466745967426857e-02
9,cheba,-8.200000000000001e-01,1.484380425432519e-02
9,cheba,-8.180000000000001e-01,1.500290629417292e-02
9,cheba,-8.160000000000001e-01,1.514469010787258e-02
9,cheba,-8.140000000000001e-01,1.526909706511100e-02
9,cheba,-8.120000000000001e-01,1.537608520611856e-02
9,cheba,-8.100000000000001e-01,1.546562886067288e-02
9,cheba,-8.080000000000001e-01,1.553771827114150e-02
9,cheba,-8.060000000000000e-01,1.559235921951813e-02
9,cheba,-8.040000000000000e-01,1.562957265849402e-02
9,cheba,-8.020000000000000e-01,1.564939434643412e-02
9,cheba,-8.000000000000000e-01,1.565187448631813e-02
9,cheba,-7.980000000000000e-01,1.563707736864553e-02
9,cheba,-7.960000000000000e-01,1.560508101815297e-02
9,cheba,-7.940000000000000e-01,1.555597684446132e-02
9,cheba,-7.920000000000000e-01,1.548986929657035e-02
9,cheba,-7.900000000000000e-01,1.540687552115204e-02
9,cheba,-7.880000000000000e-01,1.530712502465351e-02
9,cheba,-7.860000000000000e-01,1.519075933918124e-02
9,cheba,-7.840000000000000e-01,1.505793169217637e-02
9,cheba,-7.820000000000000e-01,1.490880667974497e-02
9,cheba,-7.800000000000000e-01,1.474355994377946e-02
9,cheba,-7.780000000000000e-01,1.456237785269926e-02
9,cheba,-7.760000000000000e-01,1.436545718592041e-02
9,cheba,-7.740000000000000e-01,1.415300482190310e-02
9,cheba,-7.720000000000000e-01,1.392523742985874e-02
9,cheba,-7.700000000000000e-01,1.368238116504122e-02
9,cheba,-7.680000000000000e-01,1.342467136760350e-02
9,cheba,-7.660000000000000e-01,1.315235226502412e-02
9,cheba,-7.640000000000000e-01,1.286567667802471e-02
9,cheba,-7.620000000000000e-01,1.256490573003963e-02
9,cheba,-7.600000000000000e-01,1.225030856010584e-02
9,cheba,-7.580000000000000e-01,1.192216203930040e-02
9,cheba,-7.560000000000000e-01,1.158075049052908e-02
9,cheba,-7.540000000000000e-01,1.122636541174891e-02
9,cheba,-7.520000000000000e-01,1.085930520265806e-02
9,cheba,-7.500000000000000e-01,1.047987489462358e-02
9,cheba,-7.480000000000000e-01,1.008838588408524e-02
9,cheba,-7.460000000000000e-01,9.685155669197018e-03
9,cheba,-7.440000000000000e-01,9.270507589822397e-03
9,cheba,-7.420000000000000e-01,8.844770570770280e-03
9,cheba,-7.400000000000000e-01,8.408278868337601e-03
9,cheba,-7.380000000000000e-01,7.961371820037810e-03
9,cheba,-7.360000000000000e-01,7.504393597588213e-03
9,cheba,-7.340000000000000e-01,7.037692963052317e-03
9,cheba,-7.320000000000000e-01,6.561623028192368e-03
9,cheba,-7.300000000000000e-01,6.076541016922524e-03
9,cheba,-7.280000000000000e-01,5.582808030937317e-03
9,cheba,-7.260000000000000e-01,5.080788818426676e-03
9,cheba,-7.240000000000000e-01,4.570851545854224e-03
9,cheba,-7.220000000000000e-01,4.053367572815547e-03
9,cheba,-7.200000000000000e-01,3.528711229950257e-03
9,cheba,-7.180000000000000e-01,2.997259599848895e-03
9,cheba,-7.160000000000000e-01,2.459392300960581e-03
9,cheba,-7.140000000000000e-01,1.915491274493017e-03
9,cheba,-7.120000000000000e-01,1.365940574236932e-03
9,cheba,-7.100000000000000e-01,8.111261593350405e-04
9,cheba,-7.080000000000000e-01,2.514356900002179e-04
9,cheba,-7.060000000000000e-01,3.127416739646949e-04
9,cheba,-7.040000000000000e-01,8.810154716923924e-04
9,cheba,-7.020000000000000e-01,1.452994136972877e-03
9,cheba,-7.000000000000000e-01,2.028285191153903e-03
9,cheba,-6.980000000000000e-01,2.606495433222208e-03
9,cheba,-6.960000000000000e-01,3.187231127101744e-03
9,cheba,-6.940000000000000e-01,3.770098186205023e-03
9,cheba,-6.919999999999999e-01,4.354702355234705e-03
9,cheba,-6.899999999999999e-01,4.940649389271162e-03
9,cheba,-6.879999999999999e-01,5.527545230155528e-03
9,cheba,-6.859999999999999e-01,6.114996180197674e-03
9,cheba,-6.839999999999999e-01,6.702609073245436e-03
9,cheba,-6.819999999999999e-01,7.289991443096014e-03
9,cheba,-6.799999999999999e-01,7.876751689303810e-03
9,cheba,-6.779999999999999e-01,8.462499240403751e-03
9,cheba,-6.759999999999999e-01,9.046844714534027e-03
9,cheba,-6.739999999999999e-01,9.629400077568351e-03
9,cheba,-6.719999999999999e-01,1.020977879863927e-02
9,cheba,-6.699999999999999e-01,1.078759600322061e-02
9,cheba,-6.679999999999999e-01,1.136246862368398e-02
9,cheba,-6.659999999999999e-01,1.193401554739060e-02
9,cheba,-6.639999999999999e-01,1.250185776235965e-02
9,cheba,-6.619999999999999e-01,1.306561850049094e-02
9,cheba,-6.599999999999999e-01,1.362492337836899e-02
9,cheba,-6.579999999999999e-01,1.417940053573337e-02
9,cheba,-6.560000000000000e-01,1.472868077151647e-02
9,cheba,-6.540000000000000e-01,1.527239767759866e-02
9,cheba,-6.520000000000000e-01,1.581018777020532e-02
9,cheba,-6.500000000000000e-01,1.634169061900115e-02
9,cheba,-6.480000000000000e-01,1.686654897393590e-02
9,cheba,-6.460000000000000e-01,1.738440888978601e-02
9,cheba,-6.440000000000000e-01,1.789491984847852e-02
9,cheba,-6.420000000000000e-01,1.839773487919373e-02
9,cheba,-6.400000000000000e-01,1.889251067626425e-02
9,cheba,-6.380000000000000e-01,1.937890771489519e-02
9,cheba,-6.360000000000000e-01,1.985659036472244e-02
9,cheba,-6.340000000000000e-01,2.032522700123066e-02
9,cheba,-6.320000000000000e-01,2.078449011505820e-02
9,cheba,-6.300000000000000e-01,2.123405641919940e-02
9,cheba,-6.280000000000000e-01,2.167360695413281e-02
9,cheba,-6.260000000000000e-01,2.210282719088860e-02
9,cheba,-6.240000000000000e-01,2.252140713205464e-02
9,cheba,-6.220000000000000e-01,2.292904141082983e-02
9,cheba,-6.200000000000000e-01,2.332542938799331e-02
9,cheba,-6.180000000000000e-01,2.371027524696637e-02
9,cheba,-6.160000000000000e-01,2.408328808687905e-02
9,cheba,-6.140000000000000e-01,2.444418201371017e-02
9,cheba,-6.120000000000000e-01,2.479267622951604e-02
9,cheba,-6.100000000000000e-01,2.512849511974634e-02
9,cheba,-6.080000000000000e-01,2.545136833869442e-02
9,cheba,-6.060000000000000e-01,2.576103089308694e-02
9,cheba,-6.040000000000000e-01,2.605722322383061e-02
9,cheba,-6.020000000000000e-01,2.633969128596131e-02
9,cheba,-6.000000000000000e-01,2.660818662674774e-02
9,cheba,-5.980000000000000e-01,2.686246646208997e-02
9,cheba,-5.960000000000000e-01,2.710229375108161e-02
9,cheba,-5.940000000000000e-01,2.732743726889209e-02
9,cheba,-5.920000000000001e-01,2.753767167790015e-02
9,cheba,-5.900000000000001e-01,2.773277759713381e-02
9,cheba,-5.880000000000001e-01,2.791254167004832e-02
9,cheba,-5.860000000000001e-01,2.807675663060911e-02
9,cheba,-5.840000000000001e-01,2.822522136776809e-02
9,cheba,-5.820000000000001e-01,2.835774098830242e-02
9,cheba,-5.800000000000001e-01,2.847412687805995e-02
9,cheba,-5.780000000000001e-01,2.857419676162297e-02
9,cheba,-5.760000000000001e-01,2.865777476039426e-02
9,cheba,-5.740000000000001e-01,2.872469144917598e-02
9,cheba,-5.720000000000001e-01,2.877478391118360e-02
9,cheba,-5.700000000000001e-01,2.880789579159194e-02
9,cheba,-5.680000000000001e-01,2.882387734957931e-02
9,cheba,-5.660000000000001e-01,2.882258550890393e-02
9,cheba,-5.640000000000001e-01,2.880388390705509e-02
9,cheba,-5.620000000000001e-01,2.876764294296026e-02
9,cheba,-5.600000000000001e-01,2.871373982328752e-02
9,cheba,-5.580000000000001e-01,2.864205860736879e-02
9,cheba,-5.560000000000000e-01,2.855249025075023e-02
9,cheba,-5.540000000000000e-01,2.844493264739888e-02
9,cheba,-5.520000000000000e-01,2.831929067056495e-02
9,cheba,-5.500000000000000e-01,2.817547621235926e-02
9,cheba,-5.480000000000000e-01,2.801340822200343e-02
9,cheba,-5.460000000000000e-01,2.783301274284826e-02
9,cheba,-5.440000000000000e-01,2.763422294810279e-02
9,cheba,-5.420000000000000e-01,2.741697917534246e-02
9,cheba,-5.400000000000000e-01,2.718122895981247e-02
9,cheba,-5.380000000000000e-01,2.692692706651829e-02
9,cheba,-5.360000000000000e-01,2.665403552113405e-02
9,cheba,-5.340000000000000e-01,2.636252363976822e-02
9,cheba,-5.320000000000000e-01,2.605236805756994e-02
9,cheba,-5.300000000000000e-01,2.572355275622944e-02
9,cheba,-5.280000000000000e-01,2.537606909035650e-02
9,cheba,-5.260000000000000e-01,2.500991581277522e-02
9,cheba,-5.240000000000000e-01,2.462509909877053e-02
9,cheba,-5.220000000000000e-01,2.422163256925432e-02
9,cheba,-5.200000000000000e-01,2.379953731291790e-02
9,cheba,-5.180000000000000e-01,2.335884190737408e-02
9,cheba,-5.160000000000000e-01,2.289958243927386e-02
9,cheba,-5.140000000000000e-01,2.242180252349382e-02
9,cheba,-5.120000000000000e-01,2.192555332130315e-02
9,cheba,-5.100000000000000e-01,2.141089355763715e-02
9,cheba,-5.080000000000000e-01,2.087788953741281e-02
9,cheba,-5.060000000000000e-01,2.032661516095211e-02
9,cheba,-5.040000000000000e-01,1.975715193849904e-02
9,cheba,-5.020000000000000e-01,1.916958900387170e-02
9,cheba,-5.000000000000000e-01,1.856402312724896e-02
9,cheba,-4.980000000000000e-01,1.794055872712035e-02
9,cheba,-4.960000000000000e-01,1.729930788140741e-02
9,cheba,-4.940000000000000e-01,1.664039033776211e-02
9,cheba,-4.920000000000000e-01,1.596393352309669e-02
9,cheba,-4.900000000000000e-01,1.527007255231289e-02
9,cheba,-4.880000000000000e-01,1.455895023627674e-02
9,cheba,-4.860000000000000e-01,1.383071708904476e-02
9,cheba,-4.840000000000000e-01,1.308553133435605e-02
9,cheba,-4.820000000000000e-01,1.232355891140932e-02
9,cheba,-4.800000000000000e-01,1.154497347992609e-02
9,cheba,-4.780000000000000e-01,1.074995642454202e-02
9,cheba,-4.760000000000000e-01,9.938696858499602e-03
9,cheba,-4.740000000000000e-01,9.111391626696830e-03
9,cheba,-4.720000000000000e-01,8.268245308077155e-03
9,cheba,-4.700000000000000e-01,7.409470217383252e-03
9,cheba,-4.680000000000000e-01,6.535286406285812e-03
9,cheba,-4.660000000000000e-01,5.645921663905595e-03
9,cheba,-4.640000000000000e-01,4.741611516722116e-03
9,cheba,-4.620000000000000e-01,3.822599227907481e-03
9,cheba,-4.600000000000000e-01,2.889135796062842e-03
9,cheba,-4.580000000000000e-01,1.941479953400549e-03
9,cheba,-4.560000000000000e-01,9.798981633614978e-04
9,cheba,-4.540000000000000e-01,4.664617668459492e-06
9,cheba,-4.520000000000000e-01,9.839387671431443e-04
9,cheba,-4.500000000000000e-01,1.985622353743277e-03
9,cheba,-4.480000000000000e-01,3.000088788553401e-03
9,cheba,-4.460000000000000e-01,4.027033006806763e-03
9,cheba,-4.440000000000000e-01,5.066142238135479e-03
9,cheba,-4.419999999999999e-01,6.117096012661860e-03
9,cheba,-4.399999999999999e-01,7.179566167598961e-03
9,cheba,-4.379999999999999e-01,8.253216854362644e-03
9,cheba,-4.360000000000001e-01,9.337704546171111e-03
9,cheba,-4.340000000000001e-01,1.043267804615891e-02
9,cheba,-4.320000000000001e-01,1.153777849598786e-02
9,cheba,-4.300000000000000e-01,1.265263938495384e-02
9,cheba,-4.280000000000000e-01,1.377688655960338e-02
9,cheba,-4.260000000000000e-01,1.491013823384904e-02
9,cheba,-4.240000000000000e-01,1.605200499960088e-02
9,cheba,-4.220000000000000e-01,1.720208983791119e-02
9,cheba,-4.200000000000000e-01,1.835998813063711e-02
9,cheba,-4.180000000000000e-01,1.952528767263639e-02
9,cheba,-4.160000000000000e-01,2.069756868449951e-02
9,cheba,-4.140000000000000e-01,2.187640382583811e-02
9,cheba,-4.120000000000000e-01,2.306135820912630e-02
9,cheba,-4.100000000000000e-01,2.425198941412690e-02
9,cheba,-4.080000000000000e-01,2.544784750290424e-02
9,cheba,-4.060000000000000e-01,2.664847503545056e-02
9,cheba,-4.040000000000000e-01,2.785340708594664e-02
9,cheba,-4.020000000000000e-01,2.906217125966018e-02
9,cheba,-4.000000000000000e-01,3.027428771053930e-02
9,cheba,-3.980000000000000e-01,3.148926915948974e-02
9,cheba,-3.960000000000000e-01,3.270662091339521e-02
9,cheba,-3.940000000000000e-01,3.392584088488948e-02
9,cheba,-3.920000000000000e-01,3.514641961292722e-02
9,cheba,-3.900000000000000e-01,3.636784028418444e-02
9,cheba,-3.880000000000000e-01,3.758957875532615e-02
9,cheba,-3.860000000000000e-01,3.881110357618286e-02
9,cheba,-3.840000000000000e-01,4.003187601389016e-02
9,cheba,-3.820000000000000e-01,4.125135007801464e-02
9,cheba,-3.800000000000000e-01,4.246897254675547e-02
9,cheba,-3.780000000000000e-01,4.368418299423554e-02
9,cheba,-3.760000000000000e-01,4.489641381896817e-02
9,cheba,-3.740000000000000e-01,4.610509027355178e-02
9,cheba,-3.720000000000000e-01,4.730963049566267e-02
9,cheba,-3.700000000000000e-01,4.850944554040243e-02
9,cheba,-3.680000000000000e-01,4.970393941409612e-02
9,cheba,-3.660000000000000e-01,5.089250910960397e-02
9,cheba,-3.640000000000000e-01,5.207454464323322e-02
9,cheba,-3.620000000000000e-01,5.324942909334421e-02
9,cheba,-3.600000000000000e-01,5.441653864074161e-02
9,cheba,-3.580000000000000e-01,5.557524261094451e-02
9,cheba,-3.560000000000000e-01,5.672490351844697e-02
9,cheba,-3.540000000000000e-01,5.786487711308144e-02
9,cheba,-3.520000000000000e-01,5.899451242858963e-02
9,cheba,-3.500000000000000e-01,6.011315183353716e-02
9,cheba,-3.480000000000000e-01,6.122013108469182e-02
9,cheba,-3.460000000000000e-01,6.231477938300944e-02
9,cheba,-3.440000000000000e-01,6.339641943236102e-02
9,cheba,-3.420000000000000e-01,6.446436750116241e-02
9,cheba,-3.400000000000000e-01,6.551793348705776e-02
9,cheba,-3.380000000000000e-01,6.655642098482489e-02
9,cheba,-3.360000000000000e-01,6.757912735767918e-02
9,cheba,-3.340000000000000e-01,6.858534381215409e-02
9,cheba,-3.320000000000000e-01,6.957435547676216e-02
9,cheba,-3.300000000000000e-01,7.054544148461994e-02
9,cheba,-3.280000000000000e-01,7.149787506026728e-02
9,cheba,-3.260000000000000e-01,7.243092361088949e-02
9,cheba,-3.240000000000000e-01,7.334384882217748e-02
9,cheba,-3.220000000000000e-01,7.423590675907216e-02
9,cheba,-3.200000000000000e-01,7.510634797163740e-02
9,cheba,-3.179999999999999e-01,7.595441760633909e-02
9,cheba,-3.159999999999999e-01,7.677935552299736e-02
9,cheba,-3.139999999999999e-01,7.758039641770070e-02
9,cheba,-3.120000000000001e-01,7.835676995199675e-02
9,cheba,-3.100000000000001e-01,7.910770088865560e-02
9,cheba,-3.080000000000001e-01,7.983240923435320e-02
9,cheba,-3.060000000000000e-01,8.053011038959840e-02
9,cheba,-3.040000000000000e-01,8.120001530628268e-02
9,cheba,-3.020000000000000e-01,8.184133065320182e-02
9,cheba,-3.000000000000000e-01,8.245325898995248e-02
9,cheba,-2.980000000000000e-01,8.303499894959604e-02
9,cheba,-2.960000000000000e-01,8.358574543052077e-02
9,cheba,-2.940000000000000e-01,8.410468979791647e-02
9,cheba,-2.920000000000000e-01,8.459102009533936e-02
9,cheba,-2.900000000000000e-01,8.504392126681171e-02
9,cheba,-2.880000000000000e-01,8.546257538996332e-02
9,cheba,-2.860000000000000e-01,8.584616192070232e-02
9,cheba,-2.840000000000000e-01,8.619385794994966e-02
9,cheba,-2.820000000000000e-01,8.650483847297441e-02
9,cheba,-2.800000000000000e-01,8.677827667189031e-02
9,cheba,-2.780000000000000e-01,8.701334421189122e-02
9,cheba,-2.760000000000000e-01,8.720921155183092e-02
9,cheba,-2.740000000000000e-01,8.736504826975661e-02
9,cheba,-2.720000000000000e-01,8.748002340404049e-02
9,cheba,-2.700000000000000e-01,8.755330581076470e-02
9,cheba,-2.680000000000000e-01,8.758406453804302e-02
9,cheba,-2.660000000000000e-01,8.757146921796238e-02
9,cheba,-2.640000000000000e-01,8.751469047688448e-02
9,cheba,-2.620000000000000e-01,8.741290036482136e-02
9,cheba,-2.600000000000000e-01,8.726527280465851e-02
9,cheba,-2.580000000000000e-01,8.707098406199221e-02
9,cheba,-2.560000000000000e-01,8.682921323637838e-02
9,cheba,-2.540000000000000e-01,8.653914277480529e-02
9,cheba,-2.520000000000000e-01,8.619995900821892e-02
9,cheba,-2.500000000000000e-01,8.581085271195205e-02
9,cheba,-2.480000000000000e-01,8.537101969091215e-02
9,cheba,-2.460000000000000e-01,8.487966139041203e-02
9,cheba,-2.440000000000000e-01,8.433598553353361e-02
9,cheba,-2.420000000000000e-01,8.373920678591940e-02
9,cheba,-2.400000000000000e-01,8.308854744892269e-02
9,cheba,-2.380000000000000e-01,8.238323818202103e-02
9,cheba,-2.360000000000000e-01,8.162251875543181e-02
9,cheba,-2.340000000000000e-01,8.080563883386471e-02
9,cheba,-2.320000000000000e-01,7.993185879234582e-02
9,cheba,-2.300000000000000e-01,7.900045056504579e-02
9,cheba,-2.280000000000000e-01,7.801069852804970e-02
9,cheba,-2.260000000000000e-01,7.696190041699147e-02
9,cheba,-2.240000000000000e-01,7.585336828046835e-02
9,cheba,-2.220000000000000e-01,7.468442947013609e-02
9,cheba,-2.200000000000000e-01,7.345442766836624e-02
9,cheba,-2.180000000000000e-01,7.216272395432466e-02
9,cheba,-2.160000000000000e-01,7.080869790930183e-02
9,cheba,-2.140000000000000e-01,6.939174876208881e-02
9,cheba,-2.120000000000000e-01,6.791129657515738e-02
9,cheba,-2.100000000000000e-01,6.636678347235409e-02
9,cheba,-2.080000000000000e-01,6.475767490876483e-02
9,cheba,-2.060000000000000e-01,6.308346098334572e-02
9,cheba,-2.040000000000000e-01,6.134365779485129e-02
9,cheba,-2.020000000000000e-01,5.953780884150783e-02
9,cheba,-2.000000000000000e-01,5.766548646480740e-02
9,cheba,-1.980000000000000e-01,5.572629333768375e-02
9,cheba,-1.960000000000000e-01,5.371986399724538e-02
9,cheba,-1.940000000000000e-01,5.164586642211733e-02
9,cheba,-1.919999999999999e-01,4.950400365431640e-02
9,cheba,-1.899999999999999e-01,4.729401546544876e-02
9,cheba,-1.879999999999999e-01,4.501568006687173e-02
9,cheba,-1.860000000000001e-01,4.266881586328963e-02
9,cheba,-1.840000000000001e-01,4.025328324909128e-02
9,cheba,-1.820000000000001e-01,3.776898644653659e-02
9,cheba,-1.800000000000000e-01,3.521587538469317e-02
9,cheba,-1.780000000000000e-01,3.259394761782208e-02
9,cheba,-1.760000000000000e-01,2.990325028165175e-02
9,cheba,-1.740000000000000e-01,2.714388208575669e-02
9,cheba,-1.720000000000000e-01,2.431599533996820e-02
9,cheba,-1.700000000000000e-01,2.141979801248117e-02
9,cheba,-1.680000000000000e-01,1.845555581700509e-02
9,cheba,-1.660000000000000e-01,1.542359432601137e-02
9,cheba,-1.640000000000000e-01,1.232430110677762e-02
9,cheba,-1.620000000000000e-01,9.158127876597089e-03
9,cheba,-1.600000000000000e-01,5.925592673149072e-03
9,cheba,-1.580000000000000e-01,2.627282035644884e-03
9,cheba,-1.560000000000000e-01,7.361468080280265e-04
9,cheba,-1.540000000000000e-01,4.163963753354816e-03
9,cheba,-1.520000000000000e-01,7.655363636050572e-03
9,cheba,-1.500000000000000e-01,1.120946405978362e-02
9,cheba,-1.480000000000000e-01,1.482530324126530e-02
9,cheba,-1.460000000000000e-01,1.850183787967130e-02
9,cheba,-1.440000000000000e-01,2.223794105783461e-02
9,cheba,-1.420000000000000e-01,2.603240018311381e-02
9,cheba,-1.400000000000000e-01,2.988391497633347e-02
9,cheba,-1.380000000000000e-01,3.379109551766990e-02
9,cheba,-1.360000000000000e-01,3.775246035883872e-02
9,cheba,-1.340000000000000e-01,4.176643471142394e-02
9,cheba,-1.320000000000000e-01,4.583134872165151e-02
9,cheba,-1.300000000000000e-01,4.994543584238598e-02
9,cheba,-1.280000000000000e-01,5.410683131355598e-02
9,cheba,-1.260000000000000e-01,5.831357076266197e-02
9,cheba,-1.240000000000000e-01,6.256358893741087e-02
9,cheba,-1.220000000000000e-01,6.685471858290071e-02
9,cheba,-1.200000000000000e-01,7.118468947612711e-02
9,cheba,-1.180000000000000e-01,7.555112763087435e-02
9,cheba,-1.160000000000000e-01,7.995155468632409e-02
9,cheba,-1.140000000000000e-01,8.438338749291308e-02
9,cheba,-1.120000000000000e-01,8.884393790912803e-02
9,cheba,-1.100000000000000e-01,9.333041282300703e-02
9,cheba,-1.080000000000000e-01,9.783991441213635e-02
9,cheba,-1.060000000000000e-01,1.023694406558794e-01
9,cheba,-1.040000000000000e-01,1.069158861134164e-01
9,cheba,-1.020000000000000e-01,1.114760429809666e-01
9,cheba,-9.999999999999998e-02,1.160466024412151e-01
9,cheba,-9.799999999999998e-02,1.206241563175650e-01
9,cheba,-9.599999999999997e-02,1.252051990452767e-01
9,cheba,-9.399999999999997e-02,1.297861299709411e-01
9,cheba,-9.199999999999997e-02,1.343632559909448e-01
9,cheba,-8.999999999999997e-02,1.389327945387271e-01
9,cheba,-8.799999999999997e-02,1.434908769296124e-01
9,cheba,-8.599999999999997e-02,1.480335520708750e-01
9,cheba,-8.399999999999996e-02,1.525567905434378e-01
9,cheba,-8.199999999999996e-02,1.570564890602233e-01
9,cheba,-7.999999999999996e-02,1.615284753046493e-01
9,cheba,-7.799999999999996e-02,1.659685131511601e-01
9,cheba,-7.599999999999996e-02,1.703723082678780e-01
9,cheba,-7.399999999999995e-02,1.747355140996397e-01
9,cheba,-7.199999999999995e-02,1.790537382276508e-01
9,cheba,-6.999999999999995e-02,1.833225490999502e-01
9,cheba,-6.799999999999995e-02,1.875374831246589e-01
9,cheba,-6.599999999999995e-02,1.916940521157763e-01
9,cheba,-6.399999999999995e-02,1.957877510789150e-01
9,cheba,-6.200000000000006e-02,1.998140663220301e-01
9,cheba,-6.000000000000005e-02,2.037684838737582e-01
9,cheba,-5.800000000000005e-02,2.076464981895618e-01
9,cheba,-5.600000000000005e-02,2.114436211234391e-01
9,cheba,-5.400000000000005e-02,2.151553911405500e-01
9,cheba,-5.200000000000005e-02,2.187773827437355e-01
9,cheba,-5.000000000000004e-02,2.223052160846102e-01
9,cheba,-4.800000000000004e-02,2.257345667276881e-01
9,cheba,-4.600000000000004e-02,2.290611755338935e-01
9,cheba,-4.400000000000004e-02,2.322808586278473e-01
9,cheba,-4.200000000000004e-02,2.353895174114984e-01
9,cheba,-4.000000000000004e-02,2.383831485850555e-01
9,cheba,-3.800000000000003e-02,2.412578541347360e-01
9,cheba,-3.600000000000003e-02,2.440098512456618e-01
9,cheba,-3.400000000000003e-02,2.466354820972817e-01
9,cheba,-3.200000000000003e-02,2.491312234980078e-01
9,cheba,-3.000000000000003e-02,2.514936963153587e-01
9,cheba,-2.800000000000002e-02,2.537196746577863e-01
9,cheba,-2.600000000000002e-02,2.558060947645705e-01
9,cheba,-2.400000000000002e-02,2.577500635606673e-01
9,cheba,-2.200000000000002e-02,2.595488668342462e-01
9,cheba,-2.000000000000002e-02,2.611999769957999e-01
9,cheba,-1.800000000000002e-02,2.627010603791924e-01
9,cheba,-1.600000000000001e-02,2.640499840468079e-01
9,cheba,-1.400000000000001e-02,2.652448220630689e-01
9,cheba,-1.200000000000001e-02,2.662838612029854e-01
9,cheba,-1.000000000000001e-02,2.671656060650897e-01
9,cheba,-8.000000000000007e-03,2.678887835610388e-01
9,cheba,-6.000000000000005e-03,2.684523467573625e-01
9,cheba,-4.000000000000004e-03,2.688554780482129e-01
9,cheba,-2.000000000000002e-03,2.690975916415704e-01
9,cheba,0.000000000000000e+00,2.691783353450815e-01
9,cheba,2.000000000000002e-03,2.690975916415704e-01
9,cheba,4.000000000000004e-03,2.688554780482130e-01
9,cheba,6.000000000000005e-03,2.684523467573626e-01
9,cheba,8.000000000000007e-03,2.678887835610390e-01
9,cheba,1.000000000000001e-02,2.671656060650897e-01
9,cheba,1.200000000000001e-02,2.662838612029855e-01
9,cheba,1.400000000000001e-02,2.652448220630691e-01
9,cheba,1.600000000000001e-02,2.640499840468081e-01
9,cheba,1.800000000000002e-02,2.627010603791925e-01
9,cheba,2.000000000000002e-02,2.611999769958000e-01
9,cheba,2.200000000000002e-02,2.595488668342465e-01
9,cheba,2.400000000000002e-02,2.577500635606674e-01
9,cheba,2.600000000000002e-02,2.558060947645706e-01
9,cheba,2.800000000000002e-02,2.537196746577864e-01
9,cheba,3.000000000000003e-02,2.514936963153588e-01
9,cheba,3.200000000000003e-02,2.491312234980080e-01
9,cheba,3.400000000000003e-02,2.466354820972818e-01
9,cheba,3.600000000000003e-02,2.440098512456621e-01
9,cheba,3.800000000000003e-02,2.412578541347362e-01
9,cheba,4.000000000000004e-02,2.383831485850557e-01
9,cheba,4.200000000000004e-02,2.353895174114987e-01
9,cheba,4.400000000000004e-02,2.322808586278476e-01
9,cheba,4.600000000000004e-02,2.290611755338939e-01
9,cheba,4.800000000000004e-02,2.257345667276882e-01
9,cheba,5.000000000000004e-02,2.223052160846104e-01
9,cheba,5.200000000000005e-02,2.187773827437356e-01
9,cheba,5.400000000000005e-02,2.151553911405504e-01
9,cheba,5.600000000000005e-02,2.114436211234395e-01
9,cheba,5.800000000000005e-02,2.076464981895622e-01
9,cheba,6.000000000000005e-02,2.037684838737586e-01
9,cheba,6.200000000000006e-02,1.998140663220305e-01
9,cheba,6.400000000000006e-02,1.957877510789151e-01
9,cheba,6.600000000000006e-02,1.916940521157764e-01
9,cheba,6.800000000000006e-02,1.875374831246592e-01
9,cheba,7.000000000000006e-02,1.833225490999502e-01
9,cheba,7.200000000000006e-02,1.790537382276514e-01
9,cheba,7.400000000000007e-02,1.747355140996397e-01
9,cheba,7.600000000000007e-02,1.703723082678782e-01
9,cheba,7.800000000000007e-02,1.659685131511601e-01
9,cheba,8.000000000000007e-02,1.615284753046496e-01
9,cheba,8.200000000000007e-02,1.570564890602233e-01
9,cheba,8.400000000000007e-02,1.525567905434383e-01
9,cheba,8.600000000000008e-02,1.480335520708750e-01
9,cheba,8.800000000000008e-02,1.434908769296124e-01
9,cheba,9.000000000000008e-02,1.389327945387273e-01
9,cheba,9.200000000000008e-02,1.343632559909449e-01
9,cheba,9.400000000000008e-02,1.297861299709412e-01
9,cheba,9.600000000000009e-02,1.252051990452767e-01
9,cheba,9.800000000000009e-02,1.206241563175648e-01
9,cheba,1.000000000000001e-01,1.160466024412153e-01
9,cheba,1.020000000000001e-01,1.114760429809668e-01
9,cheba,1.040000000000001e-01,1.069158861134170e-01
9,cheba,1.060000000000001e-01,1.023694406558798e-01
9,cheba,1.080000000000001e-01,9.783991441213680e-02
9,cheba,1.100000000000001e-01,9.333041282300714e-02
9,cheba,1.120000000000001e-01,8.884393790912826e-02
9,cheba,1.140000000000001e-01,8.438338749291308e-02
9,cheba,1.160000000000001e-01,7.995155468632398e-02
9,cheba,1.180000000000001e-01,7.555112763087468e-02
9,cheba,1.200000000000001e-01,7.118468947612733e-02
9,cheba,1.220000000000001e-01,6.685471858290093e-02
9,cheba,1.240000000000001e-01,6.256358893741110e-02
9,cheba,1.259999999999999e-01,5.831357076266286e-02
9,cheba,1.279999999999999e-01,5.410683131355665e-02
9,cheba,1.299999999999999e-01,4.994543584238653e-02
9,cheba,1.319999999999999e-01,4.583134872165207e-02
9,cheba,1.339999999999999e-01,4.176643471142449e-02
9,cheba,1.359999999999999e-01,3.775246035883950e-02
9,cheba,1.379999999999999e-01,3.379109551767057e-02
9,cheba,1.399999999999999e-01,2.988391497633403e-02
9,cheba,1.419999999999999e-01,2.603240018311437e-02
9,cheba,1.439999999999999e-01,2.223794105783528e-02
9,cheba,1.459999999999999e-01,1.850183787967208e-02
9,cheba,1.479999999999999e-01,1.482530324126596e-02
9,cheba,1.499999999999999e-01,1.120946405978440e-02
9,cheba,1.519999999999999e-01,7.655363636051349e-03
9,cheba,1.539999999999999e-01,4.163963753355593e-03
9,cheba,1.559999999999999e-01,7.361468080291367e-04
9,cheba,1.579999999999999e-01,2.627282035644107e-03
9,cheba,1.599999999999999e-01,5.925592673148405e-03
9,cheba,1.619999999999999e-01,9.158127876596533e-03
9,cheba,1.639999999999999e-01,1.232430110677685e-02
9,cheba,1.659999999999999e-01,1.542359432601081e-02
9,cheba,1.679999999999999e-01,1.845555581700442e-02
9,cheba,1.699999999999999e-01,2.141979801248017e-02
9,cheba,1.719999999999999e-01,2.431599533996753e-02
9,cheba,1.739999999999999e-01,2.714388208575591e-02
9,cheba,1.759999999999999e-01,2.990325028165108e-02
9,cheba,1.779999999999999e-01,3.259394761782131e-02
9,cheba,1.799999999999999e-01,3.521587538469262e-02
9,cheba,1.819999999999999e-01,3.776898644653570e-02
9,cheba,1.839999999999999e-01,4.025328324909050e-02
9,cheba,1.859999999999999e-01,4.266881586328874e-02
9,cheba,1.879999999999999e-01,4.501568006687118e-02
9,cheba,1.899999999999999e-01,4.729401546544842e-02
9,cheba,1.919999999999999e-01,4.950400365431584e-02
9,cheba,1.940000000000000e-01,5.164586642211655e-02
9,cheba,1.960000000000000e-01,5.371986399724460e-02
9,cheba,1.980000000000000e-01,5.572629333768297e-02
9,cheba,2.000000000000000e-01,5.766548646480685e-02
9,cheba,2.020000000000000e-01,5.953780884150717e-02
9,cheba,2.040000000000000e-01,6.134365779485040e-02
9,cheba,2.060000000000000e-01,6.308346098334527e-02
9,cheba,2.080000000000000e-01,6.475767490876427e-02
9,cheba,2.100000000000000e-01,6.636678347235331e-02
9,cheba,2.120000000000000e-01,6.791129657515660e-02
9,cheba,2.140000000000000e-01,6.939174876208815e-02
9,cheba,2.160000000000000e-01,7.080869790930128e-02
9,cheba,2.180000000000000e-01,7.216272395432410e-02
9,cheba,2.200000000000000e-01,7.345442766836557e-02
9,cheba,2.220000000000000e-01,7.468442947013543e-02
9,cheba,2.240000000000000e-01,7.585336828046757e-02
9,cheba,2.260000000000000e-01,7.696190041699069e-02
9,cheba,2.280000000000000e-01,7.801069852804915e-02
9,cheba,2.300000000000000e-01,7.900045056504512e-02
9,cheba,2.320000000000000e-01,7.993185879234505e-02
9,cheba,2.340000000000000e-01,8.080563883386382e-02
9,cheba,2.360000000000000e-01,8.162251875543081e-02
9,cheba,2.380000000000000e-01,8.238323818202031e-02
9,cheba,2.400000000000000e-01,8.308854744892230e-02
9,cheba,2.420000000000000e-01,8.373920678591873e-02
9,cheba,2.440000000000000e-01,8.433598553353283e-02
9,cheba,2.460000000000000e-01,8.487966139041175e-02
9,cheba,2.480000000000000e-01,8.537101969091138e-02
9,cheba,2.500000000000000e-01,8.581085271195138e-02
9,cheba,2.520000000000000e-01,8.619995900821825e-02
9,cheba,2.540000000000000e-01,8.653914277480457e-02
9,cheba,2.560000000000000e-01,8.682921323637799e-02
9,cheba,2.580000000000000e-01,8.707098406199182e-02
9,cheba,2.600000000000000e-01,8.726527280465801e-02
9,cheba,2.620000000000000e-01,8.741290036482052e-02
9,cheba,2.640000000000000e-01,8.751469047688354e-02
9,cheba,2.660000000000000e-01,8.757146921796166e-02
9,cheba,2.680000000000000e-01,8.758406453804224e-02
9,cheba,2.700000000000000e-01,8.755330581076448e-02
9,cheba,2.720000000000000e-01,8.748002340403976e-02
9,cheba,2.740000000000000e-01,8.736504826975611e-02
9,cheba,2.760000000000000e-01,8.720921155183037e-02
9,cheba,2.780000000000000e-01,8.701334421189055e-02
9,cheba,2.800000000000000e-01,8.677827667188948e-02
9,cheba,2.820000000000000e-01,8.650483847297397e-02
9,cheba,2.840000000000000e-01,8.619385794994927e-02
9,cheba,2.860000000000000e-01,8.584616192070194e-02
9,cheba,2.880000000000000e-01,8.546257538996299e-02
9,cheba,2.900000000000000e-01,8.504392126681132e-02
9,cheba,2.920000000000000e-01,8.459102009533859e-02
9,cheba,2.940000000000000e-01,8.410468979791608e-02
9,cheba,2.960000000000000e-01,8.358574543052033e-02
9,cheba,2.980000000000000e-01,8.303499894959587e-02
9,cheba,3.000000000000000e-01,8.245325898995159e-02
9,cheba,3.020000000000000e-01,8.184133065320132e-02
9,cheba,3.040000000000000e-01,8.120001530628190e-02
9,cheba,3.060000000000000e-01,8.053011038959751e-02
9,cheba,3.080000000000001e-01,7.983240923435209e-02
9,cheba,3.100000000000001e-01,7.910770088865526e-02
9,cheba,3.120000000000001e-01,7.835676995199620e-02
9,cheba,3.140000000000001e-01,7.758039641770031e-02
9,cheba,3.160000000000001e-01,7.677935552299692e-02
9,cheba,3.180000000000001e-01,7.595441760633914e-02
9,cheba,3.200000000000001e-01,7.510634797163729e-02
9,cheba,3.220000000000001e-01,7.423590675907199e-02
9,cheba,3.240000000000001e-01,7.334384882217759e-02
9,cheba,3.260000000000001e-01,7.243092361088921e-02
9,cheba,3.280000000000001e-01,7.149787506026695e-02
9,cheba,3.300000000000001e-01,7.054544148461955e-02
9,cheba,3.320000000000001e-01,6.957435547676183e-02
9,cheba,3.340000000000001e-01,6.858534381215403e-02
9,cheba,3.360000000000001e-01,6.757912735767868e-02
9,cheba,3.380000000000001e-01,6.655642098482467e-02
9,cheba,3.400000000000001e-01,6.551793348705737e-02
9,cheba,3.420000000000001e-01,6.446436750116191e-02
9,cheba,3.440000000000001e-01,6.339641943236057e-02
9,cheba,3.460000000000001e-01,6.231477938300917e-02
9,cheba,3.480000000000001e-01,6.122013108469188e-02
9,cheba,3.500000000000001e-01,6.011315183353699e-02
9,cheba,3.520000000000001e-01,5.899451242858952e-02
9,cheba,3.540000000000001e-01,5.786487711308105e-02
9,cheba,3.560000000000001e-01,5.672490351844647e-02
9,cheba,3.580000000000001e-01,5.557524261094363e-02
9,cheba,3.600000000000001e-01,5.441653864074125e-02
9,cheba,3.620000000000001e-01,5.324942909334396e-02
9,cheba,3.640000000000001e-01,5.207454464323263e-02
9,cheba,3.660000000000001e-01,5.089250910960383e-02
9,cheba,3.680000000000001e-01,4.970393941409626e-02
9,cheba,3.700000000000001e-01,4.850944554040246e-02
9,cheba,3.720000000000001e-01,4.730963049566270e-02
9,cheba,3.740000000000001e-01,4.610509027355209e-02
9,cheba,3.759999999999999e-01,4.489641381896786e-02
9,cheba,3.779999999999999e-01,4.368418299423565e-02
9,cheba,3.799999999999999e-01,4.246897254675605e-02
9,cheba,3.819999999999999e-01,4.125135007801506e-02
9,cheba,3.839999999999999e-01,4.003187601388986e-02
9,cheba,3.859999999999999e-01,3.881110357618339e-02
9,cheba,3.879999999999999e-01,3.758957875532593e-02
9,cheba,3.899999999999999e-01,3.636784028418441e-02
9,cheba,3.919999999999999e-01,3.514641961292711e-02
9,cheba,3.939999999999999e-01,3.392584088488934e-02
9,cheba,3.959999999999999e-01,3.270662091339527e-02
9,cheba,3.979999999999999e-01,3.148926915949002e-02
9,cheba,3.999999999999999e-01,3.027428771053930e-02
9,cheba,4.019999999999999e-01,2.906217125966054e-02
9,cheba,4.039999999999999e-01,2.785340708594669e-02
9,cheba,4.059999999999999e-01,2.664847503545148e-02
9,cheba,4.079999999999999e-01,2.544784750290446e-02
9,cheba,4.099999999999999e-01,2.425198941412751e-02
9,cheba,4.119999999999999e-01,2.306135820912711e-02
9,cheba,4.139999999999999e-01,2.187640382583866e-02
9,cheba,4.159999999999999e-01,2.069756868450004e-02
9,cheba,4.179999999999999e-01,1.952528767263650e-02
9,cheba,4.199999999999999e-01,1.835998813063788e-02
9,cheba,4.219999999999999e-01,1.720208983791216e-02
9,cheba,4.239999999999999e-01,1.605200499960163e-02
9,cheba,4.259999999999999e-01,1.491013823384923e-02
9,cheba,4.279999999999999e-01,1.377688655960388e-02
9,cheba,4.299999999999999e-01,1.265263938495495e-02
9,cheba,4.319999999999999e-01,1.153777849598872e-02
9,cheba,4.339999999999999e-01,1.043267804615963e-02
9,cheba,4.359999999999999e-01,9.337704546171249e-03
9,cheba,4.379999999999999e-01,8.253216854363032e-03
9,cheba,4.399999999999999e-01,7.179566167599738e-03
9,cheba,4.419999999999999e-01,6.117096012661583e-03
9,cheba,4.440000000000000e-01,5.066142238135646e-03
9,cheba,4.460000000000000e-01,4.027033006807207e-03
9,cheba,4.480000000000000e-01,3.000088788554012e-03
9,cheba,4.500000000000000e-01,1.985622353744443e-03
9,cheba,4.520000000000000e-01,9.839387671438660e-04
9,cheba,4.540000000000000e-01,4.664617667737847e-06
9,cheba,4.560000000000000e-01,9.798981633610537e-04
9,cheba,4.580000000000000e-01,1.941479953401049e-03
9,cheba,4.600000000000000e-01,2.889135796061953e-03
9,cheba,4.620000000000000e-01,3.822599227906343e-03
9,cheba,4.640000000000000e-01,4.741611516721561e-03
9,cheba,4.660000000000000e-01,5.645921663904319e-03
9,cheba,4.680000000000000e-01,6.535286406284896e-03
9,cheba,4.700000000000000e-01,7.409470217381836e-03
9,cheba,4.720000000000000e-01,8.268245308076211e-03
9,cheba,4.740000000000000e-01,9.111391626695831e-03
9,cheba,4.760000000000000e-01,9.938696858498269e-03
9,cheba,4.780000000000000e-01,1.074995642454069e-02
9,cheba,4.800000000000000e-01,1.154497347992536e-02
9,cheba,4.820000000000000e-01,1.232355891140788e-02
9,cheba,4.840000000000000e-01,1.308553133435567e-02
9,cheba,4.860000000000000e-01,1.383071708904424e-02
9,cheba,4.880000000000000e-01,1.455895023627649e-02
9,cheba,4.900000000000000e-01,1.527007255231277e-02
9,cheba,4.920000000000000e-01,1.596393352309647e-02
9,cheba,4.940000000000000e-01,1.664039033776135e-02
9,cheba,4.960000000000000e-01,1.729930788140603e-02
9,cheba,4.980000000000000e-01,1.794055872712003e-02
9,cheba,5.000000000000000e-01,1.856402312724696e-02
9,cheba,5.020000000000000e-01,1.916958900386906e-02
9,cheba,5.040000000000000e-01,1.975715193849727e-02
9,cheba,5.060000000000000e-01,2.032661516095108e-02
9,cheba,5.080000000000000e-01,2.087788953741229e-02
9,cheba,5.100000000000000e-01,2.141089355763591e-02
9,cheba,5.120000000000000e-01,2.192555332130221e-02
9,cheba,5.140000000000000e-01,2.242180252349280e-02
9,cheba,5.160000000000000e-01,2.289958243927422e-02
9,cheba,5.180000000000000e-01,2.335884190737195e-02
9,cheba,5.200000000000000e-01,2.379953731291765e-02
9,cheba,5.220000000000000e-01,2.422163256925260e-02
9,cheba,5.240000000000000e-01,2.462509909876917e-02
9,cheba,5.260000000000000e-01,2.500991581277412e-02
9,cheba,5.280000000000000e-01,2.537606909035439e-02
9,cheba,5.300000000000000e-01,2.572355275622927e-02
9,cheba,5.320000000000000e-01,2.605236805756944e-02
9,cheba,5.340000000000000e-01,2.636252363976641e-02
9,cheba,5.360000000000000e-01,2.665403552113293e-02
9,cheba,5.380000000000000e-01,2.692692706651727e-02
9,cheba,5.400000000000000e-01,2.718122895981209e-02
9,cheba,5.420000000000000e-01,2.741697917534063e-02
9,cheba,5.440000000000000e-01,2.763422294810065e-02
9,cheba,5.460000000000000e-01,2.783301274284837e-02
9,cheba,5.480000000000000e-01,2.801340822200371e-02
9,cheba,5.500000000000000e-01,2.817547621235783e-02
9,cheba,5.520000000000000e-01,2.831929067056453e-02
9,cheba,5.540000000000000e-01,2.844493264739660e-02
9,cheba,5.560000000000000e-01,2.855249025074869e-02
9,cheba,5.580000000000001e-01,2.864205860736675e-02
9,cheba,5.600000000000001e-01,2.871373982328643e-02
9,cheba,5.620000000000001e-01,2.876764294296026e-02
9,cheba,5.640000000000001e-01,2.880388390705559e-02
9,cheba,5.660000000000001e-01,2.882258550890304e-02
9,cheba,5.680000000000001e-01,2.882387734957763e-02
9,cheba,5.700000000000001e-01,2.880789579159189e-02
9,cheba,5.720000000000001e-01,2.877478391118328e-02
9,cheba,5.740000000000001e-01,2.872469144917549e-02
9,cheba,5.760000000000001e-01,2.865777476039474e-02
9,cheba,5.780000000000001e-01,2.857419676162178e-02
9,cheba,5.800000000000001e-01,2.847412687806015e-02
9,cheba,5.820000000000001e-01,2.835774098830125e-02
9,cheba,5.840000000000001e-01,2.822522136776662e-02
9,cheba,5.860000000000001e-01,2.807675663060846e-02
9,cheba,5.880000000000001e-01,2.791254167004813e-02
9,cheba,5.900000000000001e-01,2.773277759713380e-02
9,cheba,5.920000000000001e-01,2.753767167789710e-02
9,cheba,5.940000000000001e-01,2.732743726888973e-02
9,cheba,5.960000000000001e-01,2.710229375107970e-02
9,cheba,5.980000000000001e-01,2.686246646208827e-02
9,cheba,6.000000000000001e-01,2.660818662674749e-02
9,cheba,6.020000000000001e-01,2.633969128595844e-02
9,cheba,6.040000000000001e-01,2.605722322383107e-02
9,cheba,6.060000000000001e-01,2.576103089308521e-02
9,cheba,6.080000000000001e-01,2.545136833869342e-02
9,cheba,6.100000000000001e-01,2.512849511974552e-02
9,cheba,6.120000000000001e-01,2.479267622951517e-02
9,cheba,6.140000000000001e-01,2.444418201370870e-02
9,cheba,6.160000000000001e-01,2.408328808687596e-02
9,cheba,6.180000000000001e-01,2.371027524696370e-02
9,cheba,6.200000000000001e-01,2.332542938799106e-02
9,cheba,6.220000000000001e-01,2.292904141082772e-02
9,cheba,6.240000000000001e-01,2.252140713205419e-02
9,cheba,6.259999999999999e-01,2.210282719088492e-02
9,cheba,6.279999999999999e-01,2.167360695413298e-02
9,cheba,6.299999999999999e-01,2.123405641919804e-02
9,cheba,6.319999999999999e-01,2.078449011505552e-02
9,cheba,6.339999999999999e-01,2.032522700122857e-02
9,cheba,6.359999999999999e-01,1.985659036472143e-02
9,cheba,6.379999999999999e-01,1.937890771489477e-02
9,cheba,6.399999999999999e-01,1.889251067626277e-02
9,cheba,6.419999999999999e-01,1.839773487919100e-02
9,cheba,6.439999999999999e-01,1.789491984847588e-02
9,cheba,6.459999999999999e-01,1.738440888978472e-02
9,cheba,6.479999999999999e-01,1.686654897393619e-02
9,cheba,6.499999999999999e-01,1.634169061900118e-02
9,cheba,6.519999999999999e-01,1.581018777020321e-02
9,cheba,6.539999999999999e-01,1.527239767759865e-02
9,cheba,6.559999999999999e-01,1.472868077151553e-02
9,cheba,6.579999999999999e-01,1.417940053573120e-02
9,cheba,6.599999999999999e-01,1.362492337836821e-02
9,cheba,6.619999999999999e-01,1.306561850048754e-02
9,cheba,6.639999999999999e-01,1.250185776235913e-02
9,cheba,6.659999999999999e-01,1.193401554738896e-02
9,cheba,6.679999999999999e-01,1.136246862368206e-02
9,cheba,6.699999999999999e-01,1.078759600322092e-02
9,cheba,6.719999999999999e-01,1.020977879863866e-02
9,cheba,6.739999999999999e-01,9.629400077566158e-03
9,cheba,6.759999999999999e-01,9.046844714532695e-03
9,cheba,6.779999999999999e-01,8.462499240399171e-03
9,cheba,6.799999999999999e-01,7.876751689303074e-03
9,cheba,6.819999999999999e-01,7.289991443094765e-03
9,cheba,6.839999999999999e-01,6.702609073243784e-03
9,cheba,6.859999999999999e-01,6.114996180194759e-03
9,cheba,6.879999999999999e-01,5.527545230151643e-03
9,cheba,6.899999999999999e-01,4.940649389269677e-03
9,cheba,6.919999999999999e-01,4.354702355233928e-03
9,cheba,6.940000000000000e-01,3.770098186203455e-03
9,cheba,6.960000000000000e-01,3.187231127100149e-03
9,cheba,6.980000000000000e-01,2.606495433221126e-03
9,cheba,7.000000000000000e-01,2.028285191153528e-03
9,cheba,7.020000000000000e-01,1.452994136970837e-03
9,cheba,7.040000000000000e-01,8.810154716892699e-04
9,cheba,7.060000000000000e-01,3.127416739631267e-04
9,cheba,7.080000000000000e-01,2.514356900019249e-04
9,cheba,7.100000000000000e-01,8.111261593392455e-04
9,cheba,7.120000000000000e-01,1.365940574236196e-03
9,cheba,7.140000000000000e-01,1.915491274495501e-03
9,cheba,7.160000000000000e-01,2.459392300963911e-03
9,cheba,7.180000000000000e-01,2.997259599849894e-03
9,cheba,7.200000000000000e-01,3.528711229951617e-03
9,cheba,7.220000000000000e-01,4.053367572816977e-03
9,cheba,7.240000000000000e-01,4.570851545856652e-03
9,cheba,7.260000000000000e-01,5.080788818432533e-03
9,cheba,7.280000000000000e-01,5.582808030942354e-03
9,cheba,7.300000000000000e-01,6.076541016922718e-03
9,cheba,7.320000000000000e-01,6.561623028191979e-03
9,cheba,7.340000000000000e-01,7.037692963054454e-03
9,cheba,7.360000000000000e-01,7.504393597588407e-03
9,cheba,7.380000000000000e-01,7.961371820038837e-03
9,cheba,7.400000000000000e-01,8.408278868337407e-03
9,cheba,7.420000000000000e-01,8.844770570771168e-03
9,cheba,7.440000000000000e-01,9.270507589822174e-03
9,cheba,7.460000000000000e-01,9.685155669199710e-03
9,cheba,7.480000000000000e-01,1.008838588408729e-02
9,cheba,7.500000000000000e-01,1.047987489462660e-02
9,cheba,7.520000000000000e-01,1.085930520266008e-02
9,cheba,7.540000000000000e-01,1.122636541175473e-02
9,cheba,7.560000000000000e-01,1.158075049052897e-02
9,cheba,7.580000000000000e-01,1.192216203930481e-02
9,cheba,7.600000000000000e-01,1.225030856010795e-02
9,cheba,7.620000000000000e-01,1.256490573003748e-02
9,cheba,7.640000000000000e-01,1.286567667802807e-02
9,cheba,7.660000000000000e-01,1.315235226502683e-02
9,cheba,7.680000000000000e-01,1.342467136760708e-02
9,cheba,7.700000000000000e-01,1.368238116504192e-02
9,cheba,7.720000000000000e-01,1.392523742985975e-02
9,cheba,7.740000000000000e-01,1.415300482190444e-02
9,cheba,7.760000000000000e-01,1.436545718592278e-02
9,cheba,7.780000000000000e-01,1.456237785270179e-02
9,cheba,7.800000000000000e-01,1.474355994377870e-02
9,cheba,7.820000000000000e-01,1.490880667974617e-02
9,cheba,7.840000000000000e-01,1.505793169217567e-02
9,cheba,7.860000000000000e-01,1.519075933918181e-02
9,cheba,7.880000000000000e-01,1.530712502465045e-02
9,cheba,7.900000000000000e-01,1.540687552115368e-02
9,cheba,7.920000000000000e-01,1.548986929657429e-02
9,cheba,7.940000000000000e-01,1.555597684446323e-02
9,cheba,7.960000000000000e-01,1.560508101815267e-02
9,cheba,7.980000000000000e-01,1.563707736864803e-02
9,cheba,8.000000000000000e-01,1.565187448632203e-02
9,cheba,8.020000000000000e-01,1.564939434643400e-02
9,cheba,8.040000000000000e-01,1.562957265849776e-02
9,cheba,8.060000000000000e-01,1.559235921952121e-02
9,cheba,8.080000000000001e-01,1.553771827114100e-02
9,cheba,8.100000000000001e-01,1.546562886067592e-02
9,cheba,8.120000000000001e-01,1.537608520612208e-02
9,cheba,8.140000000000001e-01,1.526909706511370e-02
9,cheba,8.160000000000001e-01,1.514469010787272e-02
9,cheba,8.180000000000001e-01,1.500290629417103e-02
9,cheba,8.200000000000001e-01,1.484380425432910e-02
9,cheba,8.220000000000001e-01,1.466745967427417e-02
9,cheba,8.240000000000001e-01,1.447396568468228e-02
9,cheba,8.260000000000001e-01,1.426343325422760e-02
9,cheba,8.280000000000001e-01,1.403599158696304e-02
9,cheba,8.300000000000001e-01,1.379178852385585e-02
9,cheba,8.320000000000001e-01,1.353099094850235e-02
9,cheba,8.340000000000001e-01,1.325378519704548e-02
9,cheba,8.360000000000001e-01,1.296037747231960e-02
9,cheba,8.380000000000001e-01,1.265099426224617e-02
9,cheba,8.400000000000001e-01,1.232588276250476e-02
9,cheba,8.420000000000001e-01,1.198531130350333e-02
9,cheba,8.440000000000001e-01,1.162956978167223e-02
9,cheba,8.460000000000001e-01,1.125897009510604e-02
9,cheba,8.480000000000001e-01,1.087384658357753e-02
9,cheba,8.500000000000001e-01,1.047455647294834e-02
9,cheba,8.520000000000001e-01,1.006148032400054e-02
9,cheba,8.540000000000001e-01,9.635022485713650e-03
9,cheba,8.560000000000001e-01,9.195611553011782e-03
9,cheba,8.580000000000001e-01,8.743700829005240e-03
9,cheba,8.600000000000001e-01,8.279768791751359e-03
9,cheba,8.620000000000001e-01,7.804319565559235e-03
9,cheba,8.640000000000001e-01,7.317883396863026e-03
9,cheba,8.660000000000001e-01,6.821017134688682e-03
9,cheba,8.680000000000001e-01,6.314304715738836e-03
9,cheba,8.700000000000001e-01,5.798357654120880e-03
9,cheba,8.720000000000001e-01,5.273815535743014e-03
9,cheba,8.740000000000001e-01,4.741346517403329e-03
9,cheba,8.759999999999999e-01,4.201647830596990e-03
9,cheba,8.779999999999999e-01,3.655446290066311e-03
9,cheba,8.799999999999999e-01,3.103498807119742e-03
9,cheba,8.819999999999999e-01,2.546592907743624e-03
9,cheba,8.839999999999999e-01,1.985547255533085e-03
9,cheba,8.859999999999999e-01,1.421212179466863e-03
9,cheba,8.879999999999999e-01,8.544702065514942e-04
9,cheba,8.899999999999999e-01,2.862365993603275e-04
9,cheba,8.919999999999999e-01,2.825401015073281e-04
9,cheba,8.939999999999999e-01,8.508775300212004e-04
9,cheba,8.959999999999999e-01,1.417758942343826e-03
9,cheba,8.979999999999999e-01,1.982132659457417e-03
9,cheba,8.999999999999999e-01,2.542911504768083e-03
9,cheba,9.019999999999999e-01,3.098972236661855e-03
9,cheba,9.039999999999999e-01,3.649154975986578e-03
9,cheba,9.059999999999999e-01,4.192262628433925e-03
9,cheba,9.079999999999999e-01,4.727060301795753e-03
9,cheba,9.099999999999999e-01,5.252274718068557e-03
9,cheba,9.119999999999999e-01,5.766593620380525e-03
9,cheba,9.139999999999999e-01,6.268665174714597e-03
9,cheba,9.159999999999999e-01,6.757097366402010e-03
9,cheba,9.179999999999999e-01,7.230457391359718e-03
9,cheba,9.199999999999999e-01,7.687271042045717e-03
9,cheba,9.219999999999999e-01,8.126022088106054e-03
9,cheba,9.239999999999999e-01,8.545151651687080e-03
9,cheba,9.259999999999999e-01,8.943057577386754e-03
9,cheba,9.279999999999999e-01,9.318093796818389e-03
9,cheba,9.299999999999999e-01,9.668569687760566e-03
9,cheba,9.319999999999999e-01,9.992749427866682e-03
9,cheba,9.339999999999999e-01,1.028885134290730e-02
9,cheba,9.359999999999999e-01,1.055504724951916e-02
9,cheba,9.379999999999999e-01,1.078946179243364e-02
9,cheba,9.399999999999999e-01,1.099017177615834e-02
9,cheba,9.419999999999999e-01,1.115520549108488e-02
9,cheba,9.440000000000000e-01,1.128254203399588e-02
9,cheba,9.460000000000000e-01,1.137011062294457e-02
9,cheba,9.480000000000000e-01,1.141578990647984e-02
9,cheba,9.500000000000000e-01,1.141740726718972e-02
9,cheba,9.520000000000000e-01,1.137273811953653e-02
9,cheba,9.540000000000000e-01,1.127950520195613e-02
9,cheba,9.560000000000000e-01,1.113537786319440e-02
9,cheba,9.580000000000000e-01,1.093797134285387e-02
9,cheba,9.600000000000000e-01,1.068484604612280e-02
9,cheba,9.620000000000000e-01,1.037350681265970e-02
9,cheba,9.640000000000000e-01,1.000140217960586e-02
9,cheba,9.660000000000000e-01,9.565923638698362e-03
9,cheba,9.680000000000000e-01,9.064404887456266e-03
9,cheba,9.700000000000000e-01,8.494121074412060e-03
9,cheba,9.720000000000000e-01,7.852288038361258e-03
9,cheba,9.740000000000000e-01,7.136061541602130e-03
9,cheba,9.760000000000000e-01,6.342536497137938e-03
9,cheba,9.780000000000000e-01,5.468746189814078e-03
9,cheba,9.800000000000000e-01,4.511661491361993e-03
9,cheba,9.820000000000000e-01,3.468190069322336e-03
9,cheba,9.840000000000000e-01,2.335175589819209e-03
9,cheba,9.860000000000000e-01,1.109396914157540e-03
9,cheba,9.880000000000000e-01,2.124327107843119e-04
9,cheba,9.900000000000000e-01,1.633666468395009e-03
9,cheba,9.920000000000000e-01,3.157724794431778e-03
9,cheba,9.940000000000000e-01,4.788096205411166e-03
9,cheba,9.960000000000000e-01,6.528338133317532e-03
9,cheba,9.980000000000000e-01,8.382077766657350e-03
9,cheba,1.000000000000000e+00,1.035301289788765e-02
10,uni,-1.000000000000000e+00,0.000000000000000e+00
10,uni,-9.980000000000000e-01,1.535980469150208e-01
10,uni,-9.960000000000000e-01,2.988112544117289e-01
10,uni,-9.940000000000000e-01,4.359145643720621e-01
10,uni,-9.920000000000000e-01,5.651764844200797e-01
10,uni,-9.900000000000000e-01,6.868592003407252e-01
10,uni,-9.880000000000000e-01,8.012186870247308e-01
10,uni,-9.860000000000000e-01,9.085048179538846e-01
10,uni,-9.840000000000000e-01,1.008961473240769e+00
10,uni,-9.820000000000000e-01,1.102826646236989e+00
10,uni,-9.800000000000000e-01,1.190332548723824e+00
10,uni,-9.780000000000000e-01,1.271705714699123e+00
10,uni,-9.760000000000000e-01,1.347167102774182e+00
10,uni,-9.740000000000000e-01,1.416932197194249e+00
10,uni,-9.720000000000000e-01,1.481211107496201e+00
10,uni,-9.700000000000000e-01,1.540208666816851e+00
10,uni,-9.680000000000000e-01,1.594124528865245e+00
10,uni,-9.660000000000000e-01,1.643153263572223e+00
10,uni,-9.640000000000000e-01,1.687484451430415e+00
10,uni,-9.620000000000000e-01,1.727302776537772e+00
10,uni,-9.600000000000000e-01,1.762788118357618e+00
10,uni,-9.580000000000000e-01,1.794115642208126e+00
10,uni,-9.560000000000000e-01,1.821455888494047e+00
10,uni,-9.540000000000000e-01,1.844974860693404e+00
10,uni,-9.520000000000000e-01,1.864834112111789e+00
10,uni,-9.500000000000000e-01,1.881190831416816e+00
10,uni,-9.480000000000000e-01,1.894197926965188e+00
10,uni,-9.460000000000000e-01,1.904004109934730e+00
10,uni,-9.440000000000000e-01,1.910753976273702e+00
10,uni,-9.419999999999999e-01,1.914588087479553e+00
10,uni,-9.399999999999999e-01,1.915643050219249e+00
10,uni,-9.379999999999999e-01,1.914051594803179e+00
10,uni,-9.359999999999999e-01,1.909942652524580e+00
10,uni,-9.339999999999999e-01,1.903441431876329e+00
10,uni,-9.319999999999999e-01,1.894669493656867e+00
10,uni,-9.299999999999999e-01,1.883744824976923e+00
10,uni,-9.280000000000000e-01,1.870781912178642e+00
10,uni,-9.260000000000000e-01,1.855891812678614e+00
10,uni,-9.240000000000000e-01,1.839182225746247e+00
10,uni,-9.220000000000000e-01,1.820757562228794e+00
10,uni,-9.200000000000000e-01,1.800719013234327e+00
10,uni,-9.180000000000000e-01,1.779164617783798e+00
10,uni,-9.160000000000000e-01,1.756189329443306e+00
10,uni,-9.140000000000000e-01,1.731885081947569e+00
10,uni,-9.120000000000000e-01,1.706340853825520e+00
10,uni,-9.100000000000000e-01,1.679642732038892e+00
10,uni,-9.080000000000000e-01,1.651873974644542e+00
10,uni,-9.060000000000000e-01,1.623115072491209e+00
10,uni,-9.040000000000000e-01,1.593443809961302e+00
10,uni,-9.020000000000000e-01,1.562935324768249e+00
10,uni,-9.000000000000000e-01,1.531662166819853e+00
10,uni,-8.980000000000000e-01,1.499694356158018e+00
10,uni,-8.960000000000000e-01,1.467099439985131e+00
10,uni,-8.940000000000000e-01,1.433942548787310e+00
10,uni,-8.920000000000000e-01,1.400286451564656e+00
10,uni,-8.900000000000000e-01,1.366191610178554e+00
10,uni,-8.880000000000000e-01,1.331716232825994e+00
10,uni,-8.860000000000000e-01,1.296916326650833e+00
10,uni,-8.840000000000000e-01,1.261845749501795e+00
10,uni,-8.820000000000000e-01,1.226556260846967e+00
10,uni,-8.800000000000000e-01,1.191097571854469e+00
10,uni,-8.780000000000000e-01,1.155517394648880e+00
10,uni,-8.760000000000000e-01,1.119861490752943e+00
10,uni,-8.740000000000000e-01,1.084173718724001e+00
10,uni,-8.720000000000000e-01,1.048496080994531e+00
10,uni,-8.700000000000000e-01,1.012868769926066e+00
10,uni,-8.680000000000000e-01,9.773302130857440e-01
10,uni,-8.660000000000000e-01,9.419171177546171e-01
10,uni,-8.640000000000000e-01,9.066645146768089e-01
10,uni,-8.620000000000000e-01,8.716058010585201e-01
10,uni,-8.600000000000000e-01,8.367727828258168e-01
10,uni,-8.580000000000000e-01,8.021957161500585e-01
10,uni,-8.560000000000000e-01,7.679033482497583e-01
10,uni,-8.540000000000000e-01,7.339229574775926e-01
10,uni,-8.520000000000000e-01,7.002803927012046e-01
10,uni,-8.500000000000000e-01,6.670001119863784e-01
10,uni,-8.480000000000000e-01,6.341052205910955e-01
10,uni,-8.460000000000000e-01,6.016175082789035e-01
10,uni,-8.440000000000000e-01,5.695574859599662e-01
10,uni,-8.420000000000000e-01,5.379444216680974e-01
10,uni,-8.400000000000000e-01,5.067963758820007e-01
10,uni,-8.380000000000000e-01,4.761302361988846e-01
10,uni,-8.360000000000000e-01,4.459617513685387e-01
10,uni,-8.340000000000000e-01,4.163055646959014e-01
10,uni,-8.320000000000000e-01,3.871752468200746e-01
10,uni,-8.300000000000000e-01,3.585833278776790e-01
10,uni,-8.280000000000001e-01,3.305413290583739e-01
10,uni,-8.260000000000001e-01,3.030597935602913e-01
10,uni,-8.240000000000001e-01,2.761483169531017e-01
10,uni,-8.220000000000001e-01,2.498155769563036e-01
10,uni,-8.200000000000001e-01,2.240693626403257e-01
10,uni,-8.180000000000001e-01,1.989166030579258e-01
10,uni,-8.160000000000001e-01,1.743633953133229e-01
10,uni,-8.140000000000001e-01,1.504150320764267e-01
10,uni,-8.120000000000001e-01,1.270760285494729e-01
10,uni,-8.100000000000001e-01,1.043501488933000e-01
10,uni,-8.080000000000001e-01,8.224043212044863e-02
10,uni,-8.060000000000000e-01,6.074921746219480e-02
10,uni,-8.040000000000000e-01,3.987816921657053e-02
10,uni,-8.020000000000000e-01,1.962830108436004e-02
10,uni,-8.000000000000000e-01,0.000000000000000e+00
10,uni,-7.980000000000000e-01,1.900695053575117e-02
10,uni,-7.960000000000000e-01,3.739334761456937e-02
10,uni,-7.940000000000000e-01,5.516054656400309e-02
10,uni,-7.920000000000000e-01,7.231043906891058e-02
10,uni,-7.900000000000000e-01,8.884543176427250e-02
10,uni,-7.880000000000000e-01,1.047684252928177e-01
10,uni,-7.860000000000000e-01,1.200827938209585e-01
10,uni,-7.840000000000000e-01,1.347923650065905e-01
10,uni,-7.820000000000000e-01,1.489014004123732e-01
10,uni,-7.800000000000000e-01,1.624145763581636e-01
10,uni,-7.780000000000000e-01,1.753369652063355e-01
10,uni,-7.760000000000000e-01,1.876740170737730e-01
10,uni,-7.740000000000000e-01,1.994315419643861e-01
10,uni,-7.720000000000000e-01,2.106156923160550e-01
10,uni,-7.700000000000000e-01,2.212329459559604e-01
10,uni,-7.680000000000000e-01,2.312900894583232e-01
10,uni,-7.660000000000000e-01,2.407942018986254e-01
10,uni,-7.640000000000000e-01,2.497526389984428e-01
10,uni,-7.620000000000000e-01,2.581730176550787e-01
10,uni,-7.600000000000000e-01,2.660632008502387e-01
10,uni,-7.580000000000000e-01,2.734312829320431e-01
10,uni,-7.560000000000000e-01,2.802855752647310e-01
10,uni,-7.540000000000000e-01,2.866345922404626e-01
10,uni,-7.520000000000000e-01,2.924870376476761e-01
10,uni,-7.500000000000000e-01,2.978517913905205e-01
10,uni,-7.480000000000000e-01,3.027378965539267e-01
10,uni,-7.460000000000000e-01,3.071545468089412e-01
10,uni,-7.440000000000000e-01,3.111110741529957e-01
10,uni,-7.420000000000000e-01,3.146169369798395e-01
10,uni,-7.400000000000000e-01,3.176817084739150e-01
10,uni,-7.380000000000000e-01,3.203150653240053e-01
10,uni,-7.360000000000000e-01,3.225267767510397e-01
10,uni,-7.340000000000000e-01,3.243266938449889e-01
10,uni,-7.320000000000000e-01,3.257247392058377e-01
10,uni,-7.300000000000000e-01,3.267308968836689e-01
10,uni,-7.280000000000000e-01,3.273552026129478e-01
10,uni,-7.260000000000000e-01,3.276077343361432e-01
10,uni,-7.240000000000000e-01,3.274986030118707e-01
10,uni,-7.220000000000000e-01,3.270379437027961e-01
10,uni,-7.200000000000000e-01,3.262359069385852e-01
10,uni,-7.180000000000000e-01,3.251026503492328e-01
10,uni,-7.160000000000000e-01,3.236483305641564e-01
10,uni,-7.140000000000000e-01,3.218830953724847e-01
10,uni,-7.120000000000000e-01,3.198170761400229e-01
10,uni,-7.100000000000000e-01,3.174603804784203e-01
10,uni,-7.080000000000000e-01,3.148230851621179e-01
10,uni,-7.060000000000000e-01,3.119152292886966e-01
10,uni,-7.040000000000000e-01,3.087468076782967e-01
10,uni,-7.020000000000000e-01,3.053277645078244e-01
10,uni,-7.000000000000000e-01,3.016679871757077e-01
10,uni,-6.980000000000000e-01,2.977773003930109e-01
10,uni,-6.960000000000000e-01,2.936654604967608e-01
10,uni,-6.940000000000000e-01,2.893421499813862e-01
10,uni,-6.919999999999999e-01,2.848169722442137e-01
10,uni,-6.899999999999999e-01,2.800994465410109e-01
10,uni,-6.879999999999999e-01,2.751990031476129e-01
10,uni,-6.859999999999999e-01,2.701249787237073e-01
10,uni,-6.839999999999999e-01,2.648866118749045e-01
10,uni,-6.819999999999999e-01,2.594930389092574e-01
10,uni,-6.799999999999999e-01,2.539532897844429e-01
10,uni,-6.779999999999999e-01,2.482762842418565e-01
10,uni,-6.759999999999999e-01,2.424708281239177e-01
10,uni,-6.739999999999999e-01,2.365456098709249e-01
10,uni,-6.719999999999999e-01,2.305091971938414e-01
10,uni,-6.699999999999999e-01,2.243700339194354e-01
10,uni,-6.679999999999999e-01,2.181364370042397e-01
10,uni,-6.659999999999999e-01,2.118165937138381e-01
10,uni,-6.639999999999999e-01,2.054185589640264e-01
10,uni,-6.619999999999999e-01,1.989502528204367e-01
10,uni,-6.599999999999999e-01,1.924194581532551e-01
10,uni,-6.579999999999999e-01,1.858338184437042e-01
10,uni,-6.560000000000000e-01,1.792008357389981e-01
10,uni,-6.540000000000000e-01,1.725278687525217e-01
10,uni,-6.520000000000000e-01,1.658221311060269e-01
10,uni,-6.500000000000000e-01,1.590906897106688e-01
10,uni,-6.480000000000000e-01,1.523404632837564e-01
10,uni,-6.460000000000000e-01,1.455782209981207e-01
10,uni,-6.440000000000000e-01,1.388105812610485e-01
10,uni,-6.420000000000000e-01,1.320440106197645e-01
10,uni,-6.400000000000000e-01,1.252848227904846e-01
10,uni,-6.380000000000000e-01,1.185391778080985e-01
10,uni,-6.360000000000000e-01,1.118130812935821e-01
10,uni,-6.340000000000000e-01,1.051123838362695e-01
10,uni,-6.320000000000000e-01,9.844278048816107e-02
10,uni,-6.300000000000000e-01,9.180981036747103e-02
10,uni,-6.280000000000000e-01,8.521885636866330e-02
10,uni,-6.260000000000000e-01,7.867514497625222e-02
10,uni,-6.240000000000000e-01,7.218374617968884e-02
10,uni,-6.220000000000000e-01,6.574957348668130e-02
10,uni,-6.200000000000000e-01,5.937738403234012e-02
10,uni,-6.180000000000000e-01,5.307177878156907e-02
10,uni,-6.160000000000000e-01,4.683720282216014e-02
10,uni,-6.140000000000000e-01,4.067794574608526e-02
10,uni,-6.120000000000000e-01,3.459814211651080e-02
10,uni,-6.100000000000000e-01,2.860177201809597e-02
10,uni,-6.080000000000000e-01,2.269266168817002e-02
10,uni,-6.060000000000000e-01,1.687448422641608e-02
10,uni,-6.040000000000000e-01,1.115076038072371e-02
10,uni,-6.020000000000000e-01,5.524859406904753e-03
10,uni,-6.000000000000000e-01,0.000000000000000e+00
10,uni,-5.980000000000000e-01,5.420748705062761e-03
10,uni,-5.960000000000000e-01,1.073446606566708e-02
10,uni,-5.940000000000000e-01,1.593837879873754e-02
10,uni,-5.920000000000001e-01,2.102985978514416e-02
10,uni,-5.900000000000001e-01,2.600642681339485e-02
10,uni,-5.880000000000001e-01,3.086574126469227e-02
10,uni,-5.860000000000001e-01,3.560560674140968e-02
10,uni,-5.840000000000001e-01,4.022396764100045e-02
10,uni,-5.820000000000001e-01,4.471890767733018e-02
10,uni,-5.800000000000001e-01,4.908864835138887e-02
10,uni,-5.780000000000001e-01,5.333154737331021e-02
10,uni,-5.760000000000001e-01,5.744609703759485e-02
10,uni,-5.740000000000001e-01,6.143092255340636e-02
10,uni,-5.720000000000001e-01,6.528478033177637e-02
10,uni,-5.700000000000001e-01,6.900655623152969e-02
10,uni,-5.680000000000001e-01,7.259526376570784e-02
10,uni,-5.660000000000001e-01,7.605004227024295e-02
10,uni,-5.640000000000001e-01,7.937015503660504e-02
10,uni,-5.620000000000001e-01,8.255498741011667e-02
10,uni,-5.600000000000001e-01,8.560404485560168e-02
10,uni,-5.580000000000001e-01,8.851695099200653e-02
10,uni,-5.560000000000000e-01,9.129344559760603e-02
10,uni,-5.540000000000000e-01,9.393338258737655e-02
10,uni,-5.520000000000000e-01,9.643672796409357e-02
10,uni,-5.500000000000000e-01,9.880355774468425e-02
10,uni,-5.480000000000000e-01,1.010340558633371e-01
10,uni,-5.460000000000000e-01,1.031285120528466e-01
10,uni,-5.440000000000000e-01,1.050873197056427e-01
10,uni,-5.420000000000000e-01,1.069109737159311e-01
10,uni,-5.400000000000000e-01,1.086000683043419e-01
10,uni,-5.380000000000000e-01,1.101552948264613e-01
10,uni,-5.360000000000000e-01,1.115774395665943e-01
10,uni,-5.340000000000000e-01,1.128673815180820e-01
10,uni,-5.320000000000000e-01,1.140260901514713e-01
10,uni,-5.300000000000000e-01,1.150546231718117e-01
10,uni,-5.280000000000000e-01,1.159541242663281e-01
10,uni,-5.260000000000000e-01,1.167258208436960e-01
10,uni,-5.240000000000000e-01,1.173710217661198e-01
10,uni,-5.220000000000000e-01,1.178911150753914e-01
10,uni,-5.200000000000000e-01,1.182875657140861e-01
10,uni,-5.180000000000000e-01,1.185619132430236e-01
10,uni,-5.160000000000000e-01,1.187157695561049e-01
10,uni,-5.140000000000000e-01,1.187508165936091e-01
10,uni,-5.120000000000000e-01,1.186688040550131e-01
10,uni,-5.100000000000000e-01,1.184715471123750e-01
10,uni,-5.080000000000000e-01,1.181609241252983e-01
10,uni,-5.060000000000000e-01,1.177388743584758e-01
10,uni,-5.040000000000000e-01,1.172073957027844e-01
10,uni,-5.020000000000000e-01,1.165685424008869e-01
10,uni,-5.000000000000000e-01,1.158244227782708e-01
10,uni,-4.980000000000000e-01,1.149771969806364e-01
10,uni,-4.960000000000000e-01,1.140290747185234e-01
10,uni,-4.940000000000000e-01,1.129823130200448e-01
10,uni,-4.920000000000000e-01,1.118392139925788e-01
10,uni,-4.900000000000000e-01,1.106021225942465e-01
10,uni,-4.880000000000000e-01,1.092734244159836e-01
10,uni,-4.860000000000000e-01,1.078555434749973e-01
10,uni,-4.840000000000000e-01,1.063509400203756e-01
10,uni,-4.820000000000000e-01,1.047621083516007e-01
10,uni,-4.800000000000000e-01,1.030915746506982e-01
10,uni,-4.780000000000000e-01,1.013418948287318e-01
10,uni,-4.760000000000000e-01,9.951565238734111e-02
10,uni,-4.740000000000000e-01,9.761545629599341e-02
10,uni,-4.720000000000000e-01,9.564393888561015e-02
10,uni,-4.700000000000000e-01,9.360375375920388e-02
10,uni,-4.680000000000000e-01,9.149757372014936e-02
10,uni,-4.660000000000000e-01,8.932808871869025e-02
10,uni,-4.640000000000000e-01,8.709800381726915e-02
10,uni,-4.620000000000000e-01,8.481003717524868e-02
10,uni,-4.600000000000000e-01,8.246691805357617e-02
10,uni,-4.580000000000000e-01,8.007138483992829e-02
10,uni,-4.560000000000000e-01,7.762618309485153e-02
10,uni,-4.540000000000000e-01,7.513406361940486e-02
10,uni,-4.520000000000000e-01,7.259778054478766e-02
10,uni,-4.500000000000000e-01,7.002008944442584e-02
10,uni,-4.480000000000000e-01,6.740374546896916e-02
10,uni,-4.460000000000000e-01,6.475150150464148e-02
10,uni,-4.440000000000000e-01,6.206610635536627e-02
10,uni,-4.419999999999999e-01,5.935030294907770e-02
10,uni,-4.399999999999999e-01,5.660682656861230e-02
10,uni,-4.379999999999999e-01,5.383840310756058e-02
10,uni,-4.360000000000001e-01,5.104774735144493e-02
10,uni,-4.340000000000001e-01,4.823756128457465e-02
10,uni,-4.320000000000001e-01,4.541053242291865e-02
10,uni,-4.300000000000000e-01,4.256933217331604e-02
10,uni,-4.280000000000000e-01,3.971661421933950e-02
10,uni,-4.260000000000000e-01,3.685501293410662e-02
10,uni,-4.240000000000000e-01,3.398714182032542e-02
10,uni,-4.220000000000000e-01,3.111559197784616e-02
10,uni,-4.200000000000000e-01,2.824293059897820e-02
10,uni,-4.180000000000000e-01,2.537169949182100e-02
10,uni,-4.160000000000000e-01,2.250441363184399e-02
10,uni,-4.140000000000000e-01,1.964355974193882e-02
10,uni,-4.120000000000000e-01,1.679159490115814e-02
10,uni,-4.100000000000000e-01,1.395094518234008e-02
10,uni,-4.080000000000000e-01,1.112400431881030e-02
10,uni,-4.060000000000000e-01,8.313132400340151e-03
10,uni,-4.040000000000000e-01,5.520654598531294e-03
10,uni,-4.020000000000000e-01,2.748859921784030e-03
10,uni,-4.000000000000000e-01,0.000000000000000e+00
10,uni,-3.980000000000000e-01,2.723712100842490e-03
10,uni,-3.960000000000000e-01,5.420103034109613e-03
10,uni,-3.940000000000000e-01,8.087040297810155e-03
10,uni,-3.920000000000000e-01,1.072243332965661e-02
10,uni,-3.900000000000000e-01,1.332423457178805e-02
10,uni,-3.880000000000000e-01,1.589044050505742e-02
10,uni,-3.860000000000000e-01,1.841909265279768e-02
10,uni,-3.840000000000000e-01,2.090827855398625e-02
10,uni,-3.820000000000000e-01,2.335613270573608e-02
10,uni,-3.800000000000000e-01,2.576083747504776e-02
10,uni,-3.780000000000000e-01,2.812062397976500e-02
10,uni,-3.760000000000000e-01,3.043377293868144e-02
10,uni,-3.740000000000000e-01,3.269861549075198e-02
10,uni,-3.720000000000000e-01,3.491353398337080e-02
10,uni,-3.700000000000000e-01,3.707696272967939e-02
10,uni,-3.680000000000000e-01,3.918738873487679e-02
10,uni,-3.660000000000000e-01,4.124335239150695e-02
10,uni,-3.640000000000000e-01,4.324344814370304e-02
10,uni,-3.620000000000000e-01,4.518632512037266e-02
10,uni,-3.600000000000000e-01,4.707068773731210e-02
10,uni,-3.580000000000000e-01,4.889529626824057e-02
10,uni,-3.560000000000000e-01,5.065896738474779e-02
10,uni,-3.540000000000000e-01,5.236057466515234e-02
10,uni,-3.520000000000000e-01,5.399904907226957e-02
10,uni,-3.500000000000000e-01,5.557337940008938e-02
10,uni,-3.480000000000000e-01,5.708261268936560e-02
10,uni,-3.460000000000000e-01,5.852585461212070e-02
10,uni,-3.440000000000000e-01,5.990226982506908e-02
10,uni,-3.420000000000000e-01,6.121108229196237e-02
10,uni,-3.400000000000000e-01,6.245157557486000e-02
10,uni,-3.380000000000000e-01,6.362309309432865e-02
10,uni,-3.360000000000000e-01,6.472503835857030e-02
10,uni,-3.340000000000000e-01,6.575687516148010e-02
10,uni,-3.320000000000000e-01,6.671812774963046e-02
10,uni,-3.300000000000000e-01,6.760838095817714e-02
10,uni,-3.280000000000000e-01,6.842728031567863e-02
10,uni,-3.260000000000000e-01,6.917453211781707e-02
10,uni,-3.240000000000000e-01,6.984990347000447e-02
10,uni,-3.220000000000000e-01,7.045322229885467e-02
10,uni,-3.200000000000000e-01,7.098437733249452e-02
10,uni,-3.179999999999999e-01,7.144331804968237e-02
10,uni,-3.159999999999999e-01,7.183005459769845e-02
10,uni,-3.139999999999999e-01,7.214465767896044e-02
10,uni,-3.120000000000001e-01,7.238725840631394e-02
10,uni,-3.100000000000001e-01,7.255804812693911e-02
10,uni,-3.080000000000001e-01,7.265727821480503e-02
10,uni,-3.060000000000000e-01,7.268525983159466e-02
10,uni,-3.040000000000000e-01,7.264236365601656e-02
10,uni,-3.020000000000000e-01,7.252901958140501e-02
10,uni,-3.000000000000000e-01,7.234571638150467e-02
10,uni,-2.980000000000000e-01,7.209300134431929e-02
10,uni,-2.960000000000000e-01,7.177147987389884e-02
10,uni,-2.940000000000000e-01,7.138181505992094e-02
10,uni,-2.920000000000000e-01,7.092472721491436e-02
10,uni,-2.900000000000000e-01,7.040099337895744e-02
10,uni,-2.880000000000000e-01,6.981144679167028e-02
10,uni,-2.860000000000000e-01,6.915697633130674e-02
10,uni,-2.840000000000000e-01,6.843852592073602e-02
10,uni,-2.820000000000000e-01,6.765709390009028e-02
10,uni,-2.800000000000000e-01,6.681373236583799e-02
10,uni,-2.780000000000000e-01,6.590954647602787e-02
10,uni,-2.760000000000000e-01,6.494569372143183e-02
10,uni,-2.740000000000000e-01,6.392338316229618e-02
10,uni,-2.720000000000000e-01,6.284387463040197e-02
10,uni,-2.700000000000000e-01,6.170847789610517e-02
10,uni,-2.680000000000000e-01,6.051855180002380e-02
10,uni,-2.660000000000000e-01,5.927550334901172e-02
10,uni,-2.640000000000000e-01,5.798078677604857e-02
10,uni,-2.620000000000000e-01,5.663590256365264e-02
10,uni,-2.600000000000000e-01,5.524239643041079e-02
10,uni,-2.580000000000000e-01,5.380185828019973e-02
10,uni,-2.560000000000000e-01,5.231592111365674e-02
10,uni,-2.540000000000000e-01,5.078625990144525e-02
10,uni,-2.520000000000000e-01,4.921459041883847e-02
10,uni,-2.500000000000000e-01,4.760266804113633e-02
10,uni,-2.480000000000000e-01,4.595228649941041e-02
10,uni,-2.460000000000000e-01,4.426527659606522e-02
10,uni,-2.440000000000000e-01,4.254350487968517e-02
10,uni,-2.420000000000000e-01,4.078887227862965e-02
10,uni,-2.400000000000000e-01,3.900331269282931e-02
10,uni,-2.380000000000000e-01,3.718879154322802e-02
10,uni,-2.360000000000000e-01,3.534730427830807e-02
10,uni,-2.340000000000000e-01,3.348087483713436e-02
10,uni,-2.320000000000000e-01,3.159155406835240e-02
10,uni,-2.300000000000000e-01,2.968141810457292e-02
10,uni,-2.280000000000000e-01,2.775256669158438e-02
10,uni,-2.260000000000000e-01,2.580712147183872e-02
10,uni,-2.240000000000000e-01,2.384722422166824e-02
10,uni,-2.220000000000000e-01,2.187503504170607e-02
10,uni,-2.200000000000000e-01,1.989273050000223e-02
10,uni,-2.180000000000000e-01,1.790250172734875e-02
10,uni,-2.160000000000000e-01,1.590655246435807e-02
10,uni,-2.140000000000000e-01,1.390709705987286e-02
10,uni,-2.120000000000000e-01,1.190635842032439e-02
10,uni,-2.100000000000000e-01,9.906565909699794e-03
10,uni,-2.080000000000000e-01,7.909953199839448e-03
10,uni,-2.060000000000000e-01,5.918756070835918e-03
10,uni,-2.040000000000000e-01,3.935210161379210e-03
10,uni,-2.020000000000000e-01,1.961548668969582e-03
10,uni,-2.000000000000000e-01,0.000000000000000e+00
10,uni,-1.980000000000000e-01,1.947214630193206e-03
10,uni,-1.960000000000000e-01,3.877883647108615e-03
10,uni,-1.940000000000000e-01,5.789807616372267e-03
10,uni,-1.919999999999999e-01,7.680801792101843e-03
10,uni,-1.899999999999999e-01,9.548698713765069e-03
10,uni,-1.879999999999999e-01,1.139135085080656e-02
10,uni,-1.860000000000001e-01,1.320663329415162e-02
10,uni,-1.840000000000001e-01,1.499244649352871e-02
10,uni,-1.820000000000001e-01,1.674671903935354e-02
10,uni,-1.800000000000000e-01,1.846741048772549e-02
10,uni,-1.780000000000000e-01,2.015251422686248e-02
10,uni,-1.760000000000000e-01,2.180006038306881e-02
10,uni,-1.740000000000000e-01,2.340811876408833e-02
10,uni,-1.720000000000000e-01,2.497480183741951e-02
10,uni,-1.700000000000000e-01,2.649826774090280e-02
10,uni,-1.680000000000000e-01,2.797672332258294e-02
10,uni,-1.660000000000000e-01,2.940842720654080e-02
10,uni,-1.640000000000000e-01,3.079169288105854e-02
10,uni,-1.620000000000000e-01,3.212489180513645e-02
10,uni,-1.600000000000000e-01,3.340645652901542e-02
10,uni,-1.580000000000000e-01,3.463488382398239e-02
10,uni,-1.560000000000000e-01,3.580873781634275e-02
10,uni,-1.540000000000000e-01,3.692665312003118e-02
10,uni,-1.520000000000000e-01,3.798733796191345e-02
10,uni,-1.500000000000000e-01,3.898957729339581e-02
10,uni,-1.480000000000000e-01,3.993223588150807e-02
10,uni,-1.460000000000000e-01,4.081426137216815e-02
10,uni,-1.440000000000000e-01,4.163468731787778e-02
10,uni,-1.420000000000000e-01,4.239263616160971e-02
10,uni,-1.400000000000000e-01,4.308732216818434e-02
10,uni,-1.380000000000000e-01,4.371805429394671e-02
10,uni,-1.360000000000000e-01,4.428423898506739e-02
10,uni,-1.340000000000000e-01,4.478538289433420e-02
10,uni,-1.320000000000000e-01,4.522109550581244e-02
10,uni,-1.300000000000000e-01,4.559109165630448e-02
10,uni,-1.280000000000000e-01,4.589519394209363e-02
10,uni,-1.260000000000000e-01,4.613333499903383e-02
10,uni,-1.240000000000000e-01,4.630555964363736e-02
10,uni,-1.220000000000000e-01,4.641202686245827e-02
10,uni,-1.200000000000000e-01,4.645301163670579e-02
10,uni,-1.180000000000000e-01,4.642890658875054e-02
10,uni,-1.160000000000000e-01,4.634022343690225e-02
10,uni,-1.140000000000000e-01,4.618759424466179e-02
10,uni,-1.120000000000000e-01,4.597177245048134e-02
10,uni,-1.100000000000000e-01,4.569363366399837e-02
10,uni,-1.080000000000000e-01,4.535417621468651e-02
10,uni,-1.060000000000000e-01,4.495452143893308e-02
10,uni,-1.040000000000000e-01,4.449591369169692e-02
10,uni,-1.020000000000000e-01,4.397972006913298e-02
10,uni,-9.999999999999998e-02,4.340742982890267e-02
10,uni,-9.799999999999998e-02,4.278065349531379e-02
10,uni,-9.599999999999997e-02,4.210112163697277e-02
10,uni,-9.399999999999997e-02,4.137068330528282e-02
10,uni,-9.199999999999997e-02,4.059130412287937e-02
10,uni,-8.999999999999997e-02,3.976506401198565e-02
10,uni,-8.799999999999997e-02,3.889415455367318e-02
10,uni,-8.599999999999997e-02,3.798087597015165e-02
10,uni,-8.399999999999996e-02,3.702763372346851e-02
10,uni,-8.199999999999996e-02,3.603693472539093e-02
10,uni,-7.999999999999996e-02,3.501138315475871e-02
10,uni,-7.799999999999996e-02,3.395367588022991e-02
10,uni,-7.599999999999996e-02,3.286659748811627e-02
10,uni,-7.399999999999995e-02,3.175301491686577e-02
10,uni,-7.199999999999995e-02,3.061587170175062e-02
10,uni,-6.999999999999995e-02,2.945818183540072e-02
10,uni,-6.799999999999995e-02,2.828302325200460e-02
10,uni,-6.599999999999995e-02,2.709353094526246e-02
10,uni,-6.399999999999995e-02,2.589288973250037e-02
10,uni,-6.200000000000006e-02,2.468432667974219e-02
10,uni,-6.000000000000005e-02,2.347110320494961e-02
10,uni,-5.800000000000005e-02,2.225650687907521e-02
10,uni,-5.600000000000005e-02,2.104384294701844e-02
10,uni,-5.400000000000005e-02,1.983642559297905e-02
10,uni,-5.200000000000005e-02,1.863756897708746e-02
10,uni,-5.000000000000004e-02,1.745057807249173e-02
10,uni,-4.800000000000004e-02,1.627873933430379e-02
10,uni,-4.600000000000004e-02,1.512531123392191e-02
10,uni,-4.400000000000004e-02,1.399351469421450e-02
10,uni,-4.200000000000004e-02,1.288652346286934e-02
10,uni,-4.000000000000004e-02,1.180745446284170e-02
10,uni,-3.800000000000003e-02,1.075935816026974e-02
10,uni,-3.600000000000003e-02,9.745208991418175e-03
10,uni,-3.400000000000003e-02,8.767895891171440e-03
10,uni,-3.200000000000003e-02,7.830212966289718e-03
10,uni,-3.000000000000003e-02,6.934850357044220e-03
10,uni,-2.800000000000002e-02,6.084385330964004e-03
10,uni,-2.600000000000002e-02,5.281273652231078e-03
10,uni,-2.400000000000002e-02,4.527841269756250e-03
10,uni,-2.200000000000002e-02,3.826276366132420e-03
10,uni,-2.000000000000002e-02,3.178621808509918e-03
10,uni,-1.800000000000002e-02,2.586768040965137e-03
10,uni,-1.600000000000001e-02,2.052446456145995e-03
10,uni,-1.400000000000001e-02,1.577223281869378e-03
10,uni,-1.200000000000001e-02,1.162494015961579e-03
10,uni,-1.000000000000001e-02,8.094784399444999e-04
10,uni,-8.000000000000007e-03,5.192162392483324e-04
10,uni,-6.000000000000005e-03,2.925632544406032e-04
10,uni,-4.000000000000004e-03,1.301883845838958e-04
10,uni,-2.000000000000002e-03,3.257116025146001e-05
10,uni,0.000000000000000e+00,0.000000000000000e+00
10,uni,2.000000000000002e-03,3.257116025146001e-05
10,uni,4.000000000000004e-03,1.301883845840068e-04
10,uni,6.000000000000005e-03,2.925632544403811e-04
10,uni,8.000000000000007e-03,5.192162392484434e-04
10,uni,1.000000000000001e-02,8.094784399446109e-04
10,uni,1.200000000000001e-02,1.162494015961690e-03
10,uni,1.400000000000001e-02,1.577223281869489e-03
10,uni,1.600000000000001e-02,2.052446456145884e-03
10,uni,1.800000000000002e-02,2.586768040964915e-03
10,uni,2.000000000000002e-02,3.178621808509807e-03
10,uni,2.200000000000002e-02,3.826276366132642e-03
10,uni,2.400000000000002e-02,4.527841269756139e-03
10,uni,2.600000000000002e-02,5.281273652231078e-03
10,uni,2.800000000000002e-02,6.084385330964226e-03
10,uni,3.000000000000003e-02,6.934850357044331e-03
10,uni,3.200000000000003e-02,7.830212966289718e-03
10,uni,3.400000000000003e-02,8.767895891171329e-03
10,uni,3.600000000000003e-02,9.745208991418064e-03
10,uni,3.800000000000003e-02,1.075935816026996e-02
10,uni,4.000000000000004e-02,1.180745446284170e-02
10,uni,4.200000000000004e-02,1.288652346286911e-02
10,uni,4.400000000000004e-02,1.399351469421439e-02
10,uni,4.600000000000004e-02,1.512531123392191e-02
10,uni,4.800000000000004e-02,1.627873933430379e-02
10,uni,5.000000000000004e-02,1.745057807249162e-02
10,uni,5.200000000000005e-02,1.863756897708735e-02
10,uni,5.400000000000005e-02,1.983642559297871e-02
10,uni,5.600000000000005e-02,2.104384294701844e-02
10,uni,5.800000000000005e-02,2.225650687907510e-02
10,uni,6.000000000000005e-02,2.347110320494927e-02
10,uni,6.200000000000006e-02,2.468432667974185e-02
10,uni,6.400000000000006e-02,2.589288973250037e-02
10,uni,6.600000000000006e-02,2.709353094526257e-02
10,uni,6.800000000000006e-02,2.828302325200471e-02
10,uni,7.000000000000006e-02,2.945818183540072e-02
10,uni,7.200000000000006e-02,3.061587170175051e-02
10,uni,7.400000000000007e-02,3.175301491686588e-02
10,uni,7.600000000000007e-02,3.286659748811627e-02
10,uni,7.800000000000007e-02,3.395367588023002e-02
10,uni,8.000000000000007e-02,3.501138315475882e-02
10,uni,8.200000000000007e-02,3.603693472539105e-02
10,uni,8.400000000000007e-02,3.702763372346862e-02
10,uni,8.600000000000008e-02,3.798087597015165e-02
10,uni,8.800000000000008e-02,3.889415455367318e-02
10,uni,9.000000000000008e-02,3.976506401198554e-02
10,uni,9.200000000000008e-02,4.059130412287948e-02
10,uni,9.400000000000008e-02,4.137068330528282e-02
10,uni,9.600000000000009e-02,4.210112163697277e-02
10,uni,9.800000000000009e-02,4.278065349531379e-02
10,uni,1.000000000000001e-01,4.340742982890267e-02
10,uni,1.020000000000001e-01,4.397972006913287e-02
10,uni,1.040000000000001e-01,4.449591369169670e-02
10,uni,1.060000000000001e-01,4.495452143893319e-02
10,uni,1.080000000000001e-01,4.535417621468629e-02
10,uni,1.100000000000001e-01,4.569363366399815e-02
10,uni,1.120000000000001e-01,4.597177245048112e-02
10,uni,1.140000000000001e-01,4.618759424466190e-02
10,uni,1.160000000000001e-01,4.634022343690236e-02
10,uni,1.180000000000001e-01,4.642890658875043e-02
10,uni,1.200000000000001e-01,4.645301163670601e-02
10,uni,1.220000000000001e-01,4.641202686245793e-02
10,uni,1.240000000000001e-01,4.630555964363758e-02
10,uni,1.259999999999999e-01,4.613333499903371e-02
10,uni,1.279999999999999e-01,4.589519394209374e-02
10,uni,1.299999999999999e-01,4.559109165630426e-02
10,uni,1.319999999999999e-01,4.522109550581244e-02
10,uni,1.339999999999999e-01,4.478538289433420e-02
10,uni,1.359999999999999e-01,4.428423898506728e-02
10,uni,1.379999999999999e-01,4.371805429394682e-02
10,uni,1.399999999999999e-01,4.308732216818445e-02
10,uni,1.419999999999999e-01,4.239263616160949e-02
10,uni,1.439999999999999e-01,4.163468731787778e-02
10,uni,1.459999999999999e-01,4.081426137216826e-02
10,uni,1.479999999999999e-01,3.993223588150807e-02
10,uni,1.499999999999999e-01,3.898957729339603e-02
10,uni,1.519999999999999e-01,3.798733796191334e-02
10,uni,1.539999999999999e-01,3.692665312003118e-02
10,uni,1.559999999999999e-01,3.580873781634286e-02
10,uni,1.579999999999999e-01,3.463488382398239e-02
10,uni,1.599999999999999e-01,3.340645652901497e-02
10,uni,1.619999999999999e-01,3.212489180513645e-02
10,uni,1.639999999999999e-01,3.079169288105843e-02
10,uni,1.659999999999999e-01,2.940842720654102e-02
10,uni,1.679999999999999e-01,2.797672332258283e-02
10,uni,1.699999999999999e-01,2.649826774090269e-02
10,uni,1.719999999999999e-01,2.497480183741974e-02
10,uni,1.739999999999999e-01,2.340811876408833e-02
10,uni,1.759999999999999e-01,2.180006038306892e-02
10,uni,1.779999999999999e-01,2.015251422686237e-02
10,uni,1.799999999999999e-01,1.846741048772560e-02
10,uni,1.819999999999999e-01,1.674671903935376e-02
10,uni,1.839999999999999e-01,1.499244649352871e-02
10,uni,1.859999999999999e-01,1.320663329415139e-02
10,uni,1.879999999999999e-01,1.139135085080634e-02
10,uni,1.899999999999999e-01,9.548698713765069e-03
10,uni,1.919999999999999e-01,7.680801792101954e-03
10,uni,1.940000000000000e-01,5.789807616372378e-03
10,uni,1.960000000000000e-01,3.877883647108615e-03
10,uni,1.980000000000000e-01,1.947214630192984e-03
10,uni,2.000000000000000e-01,1.110223024625157e-16
10,uni,2.020000000000000e-01,1.961548668969471e-03
10,uni,2.040000000000000e-01,3.935210161379210e-03
10,uni,2.060000000000000e-01,5.918756070835918e-03
10,uni,2.080000000000000e-01,7.909953199839337e-03
10,uni,2.100000000000000e-01,9.906565909699683e-03
10,uni,2.120000000000000e-01,1.190635842032439e-02
10,uni,2.140000000000000e-01,1.390709705987275e-02
10,uni,2.160000000000000e-01,1.590655246435807e-02
10,uni,2.180000000000000e-01,1.790250172734897e-02
10,uni,2.200000000000000e-01,1.989273050000223e-02
10,uni,2.220000000000000e-01,2.187503504170629e-02
10,uni,2.240000000000000e-01,2.384722422166824e-02
10,uni,2.260000000000000e-01,2.580712147183861e-02
10,uni,2.280000000000000e-01,2.775256669158449e-02
10,uni,2.300000000000000e-01,2.968141810457292e-02
10,uni,2.320000000000000e-01,3.159155406835218e-02
10,uni,2.340000000000000e-01,3.348087483713436e-02
10,uni,2.360000000000000e-01,3.534730427830785e-02
10,uni,2.380000000000000e-01,3.718879154322857e-02
10,uni,2.400000000000000e-01,3.900331269282920e-02
10,uni,2.420000000000000e-01,4.078887227862921e-02
10,uni,2.440000000000000e-01,4.254350487968483e-02
10,uni,2.460000000000000e-01,4.426527659606555e-02
10,uni,2.480000000000000e-01,4.595228649941041e-02
10,uni,2.500000000000000e-01,4.760266804113622e-02
10,uni,2.520000000000000e-01,4.921459041883858e-02
10,uni,2.540000000000000e-01,5.078625990144547e-02
10,uni,2.560000000000000e-01,5.231592111365707e-02
10,uni,2.580000000000000e-01,5.380185828019896e-02
10,uni,2.600000000000000e-01,5.524239643041112e-02
10,uni,2.620000000000000e-01,5.663590256365286e-02
10,uni,2.640000000000000e-01,5.798078677604823e-02
10,uni,2.660000000000000e-01,5.927550334901216e-02
10,uni,2.680000000000000e-01,6.051855180002369e-02
10,uni,2.700000000000000e-01,6.170847789610517e-02
10,uni,2.720000000000000e-01,6.284387463040220e-02
10,uni,2.740000000000000e-01,6.392338316229590e-02
10,uni,2.760000000000000e-01,6.494569372143161e-02
10,uni,2.780000000000000e-01,6.590954647602781e-02
10,uni,2.800000000000000e-01,6.681373236583810e-02
10,uni,2.820000000000000e-01,6.765709390008984e-02
10,uni,2.840000000000000e-01,6.843852592073602e-02
10,uni,2.860000000000000e-01,6.915697633130635e-02
10,uni,2.880000000000000e-01,6.981144679167023e-02
10,uni,2.900000000000000e-01,7.040099337895711e-02
10,uni,2.920000000000000e-01,7.092472721491436e-02
10,uni,2.940000000000000e-01,7.138181505992144e-02
10,uni,2.960000000000000e-01,7.177147987389873e-02
10,uni,2.980000000000000e-01,7.209300134431884e-02
10,uni,3.000000000000000e-01,7.234571638150464e-02
10,uni,3.020000000000000e-01,7.252901958140465e-02
10,uni,3.040000000000000e-01,7.264236365601628e-02
10,uni,3.060000000000000e-01,7.268525983159480e-02
10,uni,3.080000000000001e-01,7.265727821480483e-02
10,uni,3.100000000000001e-01,7.255804812693889e-02
10,uni,3.120000000000001e-01,7.238725840631327e-02
10,uni,3.140000000000001e-01,7.214465767896036e-02
10,uni,3.160000000000001e-01,7.183005459769826e-02
10,uni,3.180000000000001e-01,7.144331804968262e-02
10,uni,3.200000000000001e-01,7.098437733249438e-02
10,uni,3.220000000000001e-01,7.045322229885476e-02
10,uni,3.240000000000001e-01,6.984990347000386e-02
10,uni,3.260000000000001e-01,6.917453211781729e-02
10,uni,3.280000000000001e-01,6.842728031567824e-02
10,uni,3.300000000000001e-01,6.760838095817653e-02
10,uni,3.320000000000001e-01,6.671812774963035e-02
10,uni,3.340000000000001e-01,6.575687516147971e-02
10,uni,3.360000000000001e-01,6.472503835856991e-02
10,uni,3.380000000000001e-01,6.362309309432868e-02
10,uni,3.400000000000001e-01,6.245157557485886e-02
10,uni,3.420000000000001e-01,6.121108229196234e-02
10,uni,3.440000000000001e-01,5.990226982506855e-02
10,uni,3.460000000000001e-01,5.852585461212081e-02
10,uni,3.480000000000001e-01,5.708261268936579e-02
10,uni,3.500000000000001e-01,5.557337940008847e-02
10,uni,3.520000000000001e-01,5.399904907226913e-02
10,uni,3.540000000000001e-01,5.236057466515256e-02
10,uni,3.560000000000001e-01,5.065896738474693e-02
10,uni,3.580000000000001e-01,4.889529626823974e-02
10,uni,3.600000000000001e-01,4.707068773731166e-02
10,uni,3.620000000000001e-01,4.518632512037191e-02
10,uni,3.640000000000001e-01,4.324344814370279e-02
10,uni,3.660000000000001e-01,4.124335239150664e-02
10,uni,3.680000000000001e-01,3.918738873487548e-02
10,uni,3.700000000000001e-01,3.707696272967859e-02
10,uni,3.720000000000001e-01,3.491353398336985e-02
10,uni,3.740000000000001e-01,3.269861549075168e-02
10,uni,3.759999999999999e-01,3.043377293868177e-02
10,uni,3.779999999999999e-01,2.812062397976439e-02
10,uni,3.799999999999999e-01,2.576083747504784e-02
10,uni,3.819999999999999e-01,2.335613270573489e-02
10,uni,3.839999999999999e-01,2.090827855398558e-02
10,uni,3.859999999999999e-01,1.841909265279792e-02
10,uni,3.879999999999999e-01,1.589044050505722e-02
10,uni,3.899999999999999e-01,1.332423457178794e-02
10,uni,3.919999999999999e-01,1.072243332965708e-02
10,uni,3.939999999999999e-01,8.087040297810183e-03
10,uni,3.959999999999999e-01,5.420103034109169e-03
10,uni,3.979999999999999e-01,2.723712100841685e-03
10,uni,3.999999999999999e-01,1.110223024625157e-16
10,uni,4.019999999999999e-01,2.748859921783808e-03
10,uni,4.039999999999999e-01,5.520654598531155e-03
10,uni,4.059999999999999e-01,8.313132400340317e-03
10,uni,4.079999999999999e-01,1.112400431881025e-02
10,uni,4.099999999999999e-01,1.395094518234116e-02
10,uni,4.119999999999999e-01,1.679159490115856e-02
10,uni,4.139999999999999e-01,1.964355974193924e-02
10,uni,4.159999999999999e-01,2.250441363184433e-02
10,uni,4.179999999999999e-01,2.537169949182141e-02
10,uni,4.199999999999999e-01,2.824293059898009e-02
10,uni,4.219999999999999e-01,3.111559197784652e-02
10,uni,4.239999999999999e-01,3.398714182032597e-02
10,uni,4.259999999999999e-01,3.685501293410728e-02
10,uni,4.279999999999999e-01,3.971661421934045e-02
10,uni,4.299999999999999e-01,4.256933217331696e-02
10,uni,4.319999999999999e-01,4.541053242291992e-02
10,uni,4.339999999999999e-01,4.823756128457612e-02
10,uni,4.359999999999999e-01,5.104774735144563e-02
10,uni,4.379999999999999e-01,5.383840310756244e-02
10,uni,4.399999999999999e-01,5.660682656861321e-02
10,uni,4.419999999999999e-01,5.935030294907975e-02
10,uni,4.440000000000000e-01,6.206610635536633e-02
10,uni,4.460000000000000e-01,6.475150150464193e-02
10,uni,4.480000000000000e-01,6.740374546897043e-02
10,uni,4.500000000000000e-01,7.002008944442686e-02
10,uni,4.520000000000000e-01,7.259778054478977e-02
10,uni,4.540000000000000e-01,7.513406361940597e-02
10,uni,4.560000000000000e-01,7.762618309485361e-02
10,uni,4.580000000000000e-01,8.007138483992957e-02
10,uni,4.600000000000000e-01,8.246691805357789e-02
10,uni,4.620000000000000e-01,8.481003717525121e-02
10,uni,4.640000000000000e-01,8.709800381727159e-02
10,uni,4.660000000000000e-01,8.932808871869224e-02
10,uni,4.680000000000000e-01,9.149757372015169e-02
10,uni,4.700000000000000e-01,9.360375375920668e-02
10,uni,4.720000000000000e-01,9.564393888561173e-02
10,uni,4.740000000000000e-01,9.761545629599511e-02
10,uni,4.760000000000000e-01,9.951565238734200e-02
10,uni,4.780000000000000e-01,1.013418948287345e-01
10,uni,4.800000000000000e-01,1.030915746506996e-01
10,uni,4.820000000000000e-01,1.047621083516021e-01
10,uni,4.840000000000000e-01,1.063509400203786e-01
10,uni,4.860000000000000e-01,1.078555434749973e-01
10,uni,4.880000000000000e-01,1.092734244159850e-01
10,uni,4.900000000000000e-01,1.106021225942488e-01
10,uni,4.920000000000000e-01,1.118392139925799e-01
10,uni,4.940000000000000e-01,1.129823130200469e-01
10,uni,4.960000000000000e-01,1.140290747185274e-01
10,uni,4.980000000000000e-01,1.149771969806398e-01
10,uni,5.000000000000000e-01,1.158244227782722e-01
10,uni,5.020000000000000e-01,1.165685424008876e-01
10,uni,5.040000000000000e-01,1.172073957027877e-01
10,uni,5.060000000000000e-01,1.177388743584790e-01
10,uni,5.080000000000000e-01,1.181609241252997e-01
10,uni,5.100000000000000e-01,1.184715471123776e-01
10,uni,5.120000000000000e-01,1.186688040550143e-01
10,uni,5.140000000000000e-01,1.187508165936119e-01
10,uni,5.160000000000000e-01,1.187157695561071e-01
10,uni,5.180000000000000e-01,1.185619132430250e-01
10,uni,5.200000000000000e-01,1.182875657140871e-01
10,uni,5.220000000000000e-01,1.178911150753949e-01
10,uni,5.240000000000000e-01,1.173710217661228e-01
10,uni,5.260000000000000e-01,1.167258208436996e-01
10,uni,5.280000000000000e-01,1.159541242663298e-01
10,uni,5.300000000000000e-01,1.150546231718154e-01
10,uni,5.320000000000000e-01,1.140260901514738e-01
10,uni,5.340000000000000e-01,1.128673815180849e-01
10,uni,5.360000000000000e-01,1.115774395665987e-01
10,uni,5.380000000000000e-01,1.101552948264641e-01
10,uni,5.400000000000000e-01,1.086000683043460e-01
10,uni,5.420000000000000e-01,1.069109737159327e-01
10,uni,5.440000000000000e-01,1.050873197056453e-01
10,uni,5.460000000000000e-01,1.031285120528483e-01
10,uni,5.480000000000000e-01,1.010340558633402e-01
10,uni,5.500000000000000e-01,9.880355774468622e-02
10,uni,5.520000000000000e-01,9.643672796409804e-02
10,uni,5.540000000000000e-01,9.393338258737910e-02
10,uni,5.560000000000000e-01,9.129344559761203e-02
10,uni,5.580000000000001e-01,8.851695099200869e-02
10,uni,5.600000000000001e-01,8.560404485560509e-02
10,uni,5.620000000000001e-01,8.255498741012225e-02
10,uni,5.640000000000001e-01,7.937015503660839e-02
10,uni,5.660000000000001e-01,7.605004227024409e-02
10,uni,5.680000000000001e-01,7.259526376571064e-02
10,uni,5.700000000000001e-01,6.900655623153447e-02
10,uni,5.720000000000001e-01,6.528478033178037e-02
10,uni,5.740000000000001e-01,6.143092255341161e-02
10,uni,5.760000000000001e-01,5.744609703759912e-02
10,uni,5.780000000000001e-01,5.333154737331848e-02
10,uni,5.800000000000001e-01,4.908864835139518e-02
10,uni,5.820000000000001e-01,4.471890767733507e-02
10,uni,5.840000000000001e-01,4.022396764100411e-02
10,uni,5.860000000000001e-01,3.560560674141315e-02
10,uni,5.880000000000001e-01,3.086574126469799e-02
10,uni,5.900000000000001e-01,2.600642681339760e-02
10,uni,5.920000000000001e-01,2.102985978515010e-02
10,uni,5.940000000000001e-01,1.593837879874128e-02
10,uni,5.960000000000001e-01,1.073446606567392e-02
10,uni,5.980000000000001e-01,5.420748705070089e-03
10,uni,6.000000000000001e-01,5.523359547510154e-15
10,uni,6.020000000000001e-01,5.524859406897509e-03
10,uni,6.040000000000001e-01,1.115076038071670e-02
10,uni,6.060000000000001e-01,1.687448422640822e-02
10,uni,6.080000000000001e-01,2.269266168816431e-02
10,uni,6.100000000000001e-01,2.860177201808956e-02
10,uni,6.120000000000001e-01,3.459814211650192e-02
10,uni,6.140000000000001e-01,4.067794574608192e-02
10,uni,6.160000000000001e-01,4.683720282215393e-02
10,uni,6.180000000000001e-01,5.307177878156533e-02
10,uni,6.200000000000001e-01,5.937738403233098e-02
10,uni,6.220000000000001e-01,6.574957348667716e-02
10,uni,6.240000000000001e-01,7.218374617967904e-02
10,uni,6.259999999999999e-01,7.867514497624704e-02
10,uni,6.279999999999999e-01,8.521885636865621e-02
10,uni,6.299999999999999e-01,9.180981036746494e-02
10,uni,6.319999999999999e-01,9.844278048814939e-02
10,uni,6.339999999999999e-01,1.051123838362631e-01
10,uni,6.359999999999999e-01,1.118130812935718e-01
10,uni,6.379999999999999e-01,1.185391778080916e-01
10,uni,6.399999999999999e-01,1.252848227904816e-01
10,uni,6.419999999999999e-01,1.320440106197580e-01
10,uni,6.439999999999999e-01,1.388105812610392e-01
10,uni,6.459999999999999e-01,1.455782209981099e-01
10,uni,6.479999999999999e-01,1.523404632837433e-01
10,uni,6.499999999999999e-01,1.590906897106534e-01
10,uni,6.519999999999999e-01,1.658221311060149e-01
10,uni,6.539999999999999e-01,1.725278687525132e-01
10,uni,6.559999999999999e-01,1.792008357389834e-01
10,uni,6.579999999999999e-01,1.858338184436938e-01
10,uni,6.599999999999999e-01,1.924194581532473e-01
10,uni,6.619999999999999e-01,1.989502528204224e-01
10,uni,6.639999999999999e-01,2.054185589640110e-01
10,uni,6.659999999999999e-01,2.118165937138261e-01
10,uni,6.679999999999999e-01,2.181364370042227e-01
10,uni,6.699999999999999e-01,2.243700339194174e-01
10,uni,6.719999999999999e-01,2.305091971938349e-01
10,uni,6.739999999999999e-01,2.365456098709131e-01
10,uni,6.759999999999999e-01,2.424708281239101e-01
10,uni,6.779999999999999e-01,2.482762842418411e-01
10,uni,6.799999999999999e-01,2.539532897844312e-01
10,uni,6.819999999999999e-01,2.594930389092523e-01
10,uni,6.839999999999999e-01,2.648866118748887e-01
10,uni,6.859999999999999e-01,2.701249787236930e-01
10,uni,6.879999999999999e-01,2.751990031475979e-01
10,uni,6.899999999999999e-01,2.800994465409967e-01
10,uni,6.919999999999999e-01,2.848169722442004e-01
10,uni,6.940000000000000e-01,2.893421499813701e-01
10,uni,6.960000000000000e-01,2.936654604967401e-01
10,uni,6.980000000000000e-01,2.977773003929949e-01
10,uni,7.000000000000000e-01,3.016679871756918e-01
10,uni,7.020000000000000e-01,3.053277645078090e-01
10,uni,7.040000000000000e-01,3.087468076782838e-01
10,uni,7.060000000000000e-01,3.119152292886758e-01
10,uni,7.080000000000000e-01,3.148230851621028e-01
10,uni,7.100000000000000e-01,3.174603804784135e-01
10,uni,7.120000000000000e-01,3.198170761400058e-01
10,uni,7.140000000000000e-01,3.218830953724592e-01
10,uni,7.160000000000000e-01,3.236483305641405e-01
10,uni,7.180000000000000e-01,3.251026503492197e-01
10,uni,7.200000000000000e-01,3.262359069385668e-01
10,uni,7.220000000000000e-01,3.270379437027816e-01
10,uni,7.240000000000000e-01,3.274986030118583e-01
10,uni,7.260000000000000e-01,3.276077343361227e-01
10,uni,7.280000000000000e-01,3.273552026129192e-01
10,uni,7.300000000000000e-01,3.267308968836564e-01
10,uni,7.320000000000000e-01,3.257247392058208e-01
10,uni,7.340000000000000e-01,3.243266938449593e-01
10,uni,7.360000000000000e-01,3.225267767510210e-01
10,uni,7.380000000000000e-01,3.203150653239890e-01
10,uni,7.400000000000000e-01,3.176817084738864e-01
10,uni,7.420000000000000e-01,3.146169369798241e-01
10,uni,7.440000000000000e-01,3.111110741529771e-01
10,uni,7.460000000000000e-01,3.071545468089225e-01
10,uni,7.480000000000000e-01,3.027378965539054e-01
10,uni,7.500000000000000e-01,2.978517913905021e-01
10,uni,7.520000000000000e-01,2.924870376476565e-01
10,uni,7.540000000000000e-01,2.866345922404490e-01
10,uni,7.560000000000000e-01,2.802855752647183e-01
10,uni,7.580000000000000e-01,2.734312829320252e-01
10,uni,7.600000000000000e-01,2.660632008502207e-01
10,uni,7.620000000000000e-01,2.581730176550517e-01
10,uni,7.640000000000000e-01,2.497526389984171e-01
10,uni,7.660000000000000e-01,2.407942018986001e-01
10,uni,7.680000000000000e-01,2.312900894582924e-01
10,uni,7.700000000000000e-01,2.212329459559362e-01
10,uni,7.720000000000000e-01,2.106156923160376e-01
10,uni,7.740000000000000e-01,1.994315419643450e-01
10,uni,7.760000000000000e-01,1.876740170737334e-01
10,uni,7.780000000000000e-01,1.753369652063075e-01
10,uni,7.800000000000000e-01,1.624145763581460e-01
10,uni,7.820000000000000e-01,1.489014004123521e-01
10,uni,7.840000000000000e-01,1.347923650065652e-01
10,uni,7.860000000000000e-01,1.200827938209361e-01
10,uni,7.880000000000000e-01,1.047684252928003e-01
10,uni,7.900000000000000e-01,8.884543176423317e-02
10,uni,7.920000000000000e-01,7.231043906888390e-02
10,uni,7.940000000000000e-01,5.516054656398940e-02
10,uni,7.960000000000000e-01,3.739334761454029e-02
10,uni,7.980000000000000e-01,1.900695053571222e-02
10,uni,8.000000000000000e-01,1.775662950009860e-14
10,uni,8.020000000000000e-01,1.962830108438764e-02
10,uni,8.040000000000000e-01,3.987816921660096e-02
10,uni,8.060000000000000e-01,6.074921746222934e-02
10,uni,8.080000000000001e-01,8.224043212049098e-02
10,uni,8.100000000000001e-01,1.043501488933525e-01
10,uni,8.120000000000001e-01,1.270760285495132e-01
10,uni,8.140000000000001e-01,1.504150320764620e-01
10,uni,8.160000000000001e-01,1.743633953133569e-01
10,uni,8.180000000000001e-01,1.989166030579697e-01
10,uni,8.200000000000001e-01,2.240693626403613e-01
10,uni,8.220000000000001e-01,2.498155769563443e-01
10,uni,8.240000000000001e-01,2.761483169531249e-01
10,uni,8.260000000000001e-01,3.030597935603336e-01
10,uni,8.280000000000001e-01,3.305413290584208e-01
10,uni,8.300000000000001e-01,3.585833278777355e-01
10,uni,8.320000000000001e-01,3.871752468201052e-01
10,uni,8.340000000000001e-01,4.163055646959545e-01
10,uni,8.360000000000001e-01,4.459617513685895e-01
10,uni,8.380000000000001e-01,4.761302361989356e-01
10,uni,8.400000000000001e-01,5.067963758820451e-01
10,uni,8.420000000000001e-01,5.379444216681567e-01
10,uni,8.440000000000001e-01,5.695574859600031e-01
10,uni,8.460000000000001e-01,6.016175082789618e-01
10,uni,8.480000000000001e-01,6.341052205911589e-01
10,uni,8.500000000000001e-01,6.670001119864265e-01
10,uni,8.520000000000001e-01,7.002803927012456e-01
10,uni,8.540000000000001e-01,7.339229574776367e-01
10,uni,8.560000000000001e-01,7.679033482498094e-01
10,uni,8.580000000000001e-01,8.021957161501180e-01
10,uni,8.600000000000001e-01,8.367727828258500e-01
10,uni,8.620000000000001e-01,8.716058010585953e-01
10,uni,8.640000000000001e-01,9.066645146768710e-01
10,uni,8.660000000000001e-01,9.419171177546597e-01
10,uni,8.680000000000001e-01,9.773302130858086e-01
10,uni,8.700000000000001e-01,1.012868769926129e+00
10,uni,8.720000000000001e-01,1.048496080994576e+00
10,uni,8.740000000000001e-01,1.084173718724070e+00
10,uni,8.759999999999999e-01,1.119861490753008e+00
10,uni,8.779999999999999e-01,1.155517394648949e+00
10,uni,8.799999999999999e-01,1.191097571854542e+00
10,uni,8.819999999999999e-01,1.226556260847026e+00
10,uni,8.839999999999999e-01,1.261845749501851e+00
10,uni,8.859999999999999e-01,1.296916326650923e+00
10,uni,8.879999999999999e-01,1.331716232826062e+00
10,uni,8.899999999999999e-01,1.366191610178652e+00
10,uni,8.919999999999999e-01,1.400286451564726e+00
10,uni,8.939999999999999e-01,1.433942548787359e+00
10,uni,8.959999999999999e-01,1.467099439985189e+00
10,uni,8.979999999999999e-01,1.499694356158098e+00
10,uni,8.999999999999999e-01,1.531662166819916e+00
10,uni,9.019999999999999e-01,1.562935324768292e+00
10,uni,9.039999999999999e-01,1.593443809961392e+00
10,uni,9.059999999999999e-01,1.623115072491279e+00
10,uni,9.079999999999999e-01,1.651873974644618e+00
10,uni,9.099999999999999e-01,1.679642732038991e+00
10,uni,9.119999999999999e-01,1.706340853825614e+00
10,uni,9.139999999999999e-01,1.731885081947618e+00
10,uni,9.159999999999999e-01,1.756189329443373e+00
10,uni,9.179999999999999e-01,1.779164617783862e+00
10,uni,9.199999999999999e-01,1.800719013234423e+00
10,uni,9.219999999999999e-01,1.820757562228853e+00
10,uni,9.239999999999999e-01,1.839182225746349e+00
10,uni,9.259999999999999e-01,1.855891812678716e+00
10,uni,9.279999999999999e-01,1.870781912178708e+00
10,uni,9.299999999999999e-01,1.883744824977017e+00
10,uni,9.319999999999999e-01,1.894669493656961e+00
10,uni,9.339999999999999e-01,1.903441431876416e+00
10,uni,9.359999999999999e-01,1.909942652524671e+00
10,uni,9.379999999999999e-01,1.914051594803253e+00
10,uni,9.399999999999999e-01,1.915643050219311e+00
10,uni,9.419999999999999e-01,1.914588087479622e+00
10,uni,9.440000000000000e-01,1.910753976273742e+00
10,uni,9.460000000000000e-01,1.904004109934843e+00
10,uni,9.480000000000000e-01,1.894197926965284e+00
10,uni,9.500000000000000e-01,1.881190831416914e+00
10,uni,9.520000000000000e-01,1.864834112111845e+00
10,uni,9.540000000000000e-01,1.844974860693525e+00
10,uni,9.560000000000000e-01,1.821455888494170e+00
10,uni,9.580000000000000e-01,1.794115642208249e+00
10,uni,9.600000000000000e-01,1.762788118357746e+00
10,uni,9.620000000000000e-01,1.727302776537881e+00
10,uni,9.640000000000000e-01,1.687484451430549e+00
10,uni,9.660000000000000e-01,1.643153263572318e+00
10,uni,9.680000000000000e-01,1.594124528865329e+00
10,uni,9.700000000000000e-01,1.540208666817035e+00
10,uni,9.720000000000000e-01,1.481211107496358e+00
10,uni,9.740000000000000e-01,1.416932197194350e+00
10,uni,9.760000000000000e-01,1.347167102774343e+00
10,uni,9.780000000000000e-01,1.271705714699255e+00
10,uni,9.800000000000000e-01,1.190332548723948e+00
10,uni,9.820000000000000e-01,1.102826646237113e+00
10,uni,9.840000000000000e-01,1.008961473240916e+00
10,uni,9.860000000000000e-01,9.085048179540077e-01
10,uni,9.880000000000000e-01,8.012186870248653e-01
10,uni,9.900000000000000e-01,6.868592003408672e-01
10,uni,9.920000000000000e-01,5.651764844202123e-01
10,uni,9.940000000000000e-01,4.359145643721917e-01
10,uni,9.960000000000000e-01,2.988112544118270e-01
10,uni,9.980000000000000e-01,1.535980469151878e-01
10,uni,1.000000000000000e+00,1.600664045753319e-13
10,cheba,-1.000000000000000e+00,4.378842124378071e-02
10,cheba,-9.980000000000000e-01,3.367109229758165e-02
10,cheba,-9.960000000000000e-01,2.432806401731268e-02
10,cheba,-9.940000000000000e-01,1.572563913932891e-02
10,cheba,-9.920000000000000e-01,7.831088918269606e-03
10,cheba,-9.900000000000000e-01,6.126336194259840e-04
10,cheba,-9.880000000000000e-01,5.960576707815718e-03
10,cheba,-9.860000000000000e-01,1.191848117896762e-02
10,cheba,-9.840000000000000e-01,1.729012674811071e-02
10,cheba,-9.820000000000000e-01,2.210368660918392e-02
10,cheba,-9.800000000000000e-01,2.638647832791000e-02
10,cheba,-9.780000000000000e-01,3.016498170720335e-02
10,cheba,-9.760000000000000e-01,3.346485638832977e-02
10,cheba,-9.740000000000000e-01,3.631095919105817e-02
10,cheba,-9.720000000000000e-01,3.872736119547596e-02
10,cheba,-9.700000000000000e-01,4.073736456790913e-02
10,cheba,-9.680000000000000e-01,4.236351913382644e-02
10,cheba,-9.660000000000000e-01,4.362763870060620e-02
10,cheba,-9.640000000000000e-01,4.455081713211363e-02
10,cheba,-9.620000000000000e-01,4.515344417878545e-02
10,cheba,-9.600000000000000e-01,4.545522106478316e-02
10,cheba,-9.580000000000000e-01,4.547517583555181e-02
10,cheba,-9.560000000000000e-01,4.523167846793258e-02
10,cheba,-9.540000000000000e-01,4.474245574559522e-02
10,cheba,-9.520000000000000e-01,4.402460590233837e-02
10,cheba,-9.500000000000000e-01,4.309461303570155e-02
10,cheba,-9.480000000000000e-01,4.196836129331273e-02
10,cheba,-9.460000000000000e-01,4.066114883460394e-02
10,cheba,-9.440000000000000e-01,3.918770157038812e-02
10,cheba,-9.419999999999999e-01,3.756218668258843e-02
10,cheba,-9.399999999999999e-01,3.579822592663354e-02
10,cheba,-9.379999999999999e-01,3.390890871895765e-02
10,cheba,-9.359999999999999e-01,3.190680501197134e-02
10,cheba,-9.339999999999999e-01,2.980397795873877e-02
10,cheba,-9.319999999999999e-01,2.761199637016526e-02
10,cheba,-9.299999999999999e-01,2.534194696636296e-02
10,cheba,-9.280000000000000e-01,2.300444642516387e-02
10,cheba,-9.260000000000000e-01,2.060965322963170e-02
10,cheba,-9.240000000000000e-01,1.816727931708770e-02
10,cheba,-9.220000000000000e-01,1.568660153194035e-02
10,cheba,-9.200000000000000e-01,1.317647288439322e-02
10,cheba,-9.180000000000000e-01,1.064533361732949e-02
10,cheba,-9.160000000000000e-01,8.101222083843500e-03
10,cheba,-9.140000000000000e-01,5.551785437176347e-03
10,cheba,-9.120000000000000e-01,3.004290135643295e-03
10,cheba,-9.100000000000000e-01,4.656322643660643e-04
10,cheba,-9.080000000000000e-01,2.057652323566125e-03
10,cheba,-9.060000000000000e-01,4.559378044967359e-03
10,cheba,-9.040000000000000e-01,7.033699800886500e-03
10,cheba,-9.020000000000000e-01,9.475103365333151e-03
10,cheba,-9.000000000000000e-01,1.187839594668967e-02
10,cheba,-8.980000000000000e-01,1.423869691925988e-02
10,cheba,-8.960000000000000e-01,1.655142872320310e-02
10,cheba,-8.940000000000000e-01,1.881230793072074e-02
10,cheba,-8.920000000000000e-01,2.101733647649379e-02
10,cheba,-8.900000000000000e-01,2.316279305041046e-02
10,cheba,-8.880000000000000e-01,2.524522465038515e-02
10,cheba,-8.860000000000000e-01,2.726143829371756e-02
10,cheba,-8.840000000000000e-01,2.920849288461985e-02
10,cheba,-8.820000000000000e-01,3.108369123606244e-02
10,cheba,-8.800000000000000e-01,3.288457224434906e-02
10,cheba,-8.780000000000000e-01,3.460890321394759e-02
10,cheba,-8.760000000000000e-01,3.625467233126491e-02
10,cheba,-8.740000000000000e-01,3.782008128503647e-02
10,cheba,-8.720000000000000e-01,3.930353803162637e-02
10,cheba,-8.700000000000000e-01,4.070364970362662e-02
10,cheba,-8.680000000000000e-01,4.201921565945864e-02
10,cheba,-8.660000000000000e-01,4.324922067255339e-02
10,cheba,-8.640000000000000e-01,4.439282825813076e-02
10,cheba,-8.620000000000000e-01,4.544937413587458e-02
10,cheba,-8.600000000000000e-01,4.641835982662085e-02
10,cheba,-8.580000000000000e-01,4.729944638141011e-02
10,cheba,-8.560000000000000e-01,4.809244824117843e-02
10,cheba,-8.540000000000000e-01,4.879732722514728e-02
10,cheba,-8.520000000000000e-01,4.941418664658362e-02
10,cheba,-8.500000000000000e-01,4.994326555389081e-02
10,cheba,-8.480000000000000e-01,5.038493309540432e-02
10,cheba,-8.460000000000000e-01,5.073968300642190e-02
10,cheba,-8.440000000000000e-01,5.100812821669140e-02
10,cheba,-8.420000000000000e-01,5.119099557654161e-02
10,cheba,-8.400000000000000e-01,5.128912070040803e-02
10,cheba,-8.380000000000000e-01,5.130344292574840e-02
10,cheba,-8.360000000000000e-01,5.123500038619182e-02
10,cheba,-8.340000000000000e-01,5.108492519671654e-02
10,cheba,-8.320000000000000e-01,5.085443875005587e-02
10,cheba,-8.300000000000000e-01,5.054484712206609e-02
10,cheba,-8.280000000000001e-01,5.015753658508507e-02
10,cheba,-8.260000000000001e-01,4.969396922717759e-02
10,cheba,-8.240000000000001e-01,4.915567867649991e-02
10,cheba,-8.220000000000001e-01,4.854426592848733e-02
10,cheba,-8.200000000000001e-01,4.786139527489975e-02
10,cheba,-8.180000000000001e-01,4.710879033316765e-02
10,cheba,-8.160000000000001e-01,4.628823017439233e-02
10,cheba,-8.140000000000001e-01,4.540154554876653e-02
10,cheba,-8.120000000000001e-01,4.445061520682854e-02
10,cheba,-8.100000000000001e-01,4.343736231524178e-02
10,cheba,-8.080000000000001e-01,4.236375096566197e-02
10,cheba,-8.060000000000000e-01,4.123178277517964e-02
10,cheba,-8.040000000000000e-01,4.004349357719494e-02
10,cheba,-8.020000000000000e-01,3.880095020116930e-02
10,cheba,-8.000000000000000e-01,3.750624733989497e-02
10,cheba,-7.980000000000000e-01,3.616150450309735e-02
10,cheba,-7.960000000000000e-01,3.476886305586385e-02
10,cheba,-7.940000000000000e-01,3.333048334070295e-02
10,cheba,-7.920000000000000e-01,3.184854188185770e-02
10,cheba,-7.900000000000000e-01,3.032522867065016e-02
10,cheba,-7.880000000000000e-01,2.876274453049787e-02
10,cheba,-7.860000000000000e-01,2.716329856038220e-02
10,cheba,-7.840000000000000e-01,2.552910565551799e-02
10,cheba,-7.820000000000000e-01,2.386238410393833e-02
10,cheba,-7.800000000000000e-01,2.216535325788071e-02
10,cheba,-7.780000000000000e-01,2.044023127858727e-02
10,cheba,-7.760000000000000e-01,1.868923295334675e-02
10,cheba,-7.740000000000000e-01,1.691456758380753e-02
10,cheba,-7.720000000000000e-01,1.511843694403254e-02
10,cheba,-7.700000000000000e-01,1.330303330738115e-02
10,cheba,-7.680000000000000e-01,1.147053754096324e-02
10,cheba,-7.660000000000000e-01,9.623117266533282e-03
10,cheba,-7.640000000000000e-01,7.762925086616093e-03
10,cheba,-7.620000000000000e-01,5.892096874905807e-03
10,cheba,-7.600000000000000e-01,4.012750129707282e-03
10,cheba,-7.580000000000000e-01,2.126982389219170e-03
10,cheba,-7.560000000000000e-01,2.368697078460463e-04
10,cheba,-7.540000000000000e-01,1.655534807757611e-03
10,cheba,-7.520000000000000e-01,3.548202404014988e-03
10,cheba,-7.500000000000000e-01,5.439130027905720e-03
10,cheba,-7.480000000000000e-01,7.326341618017262e-03
10,cheba,-7.460000000000000e-01,9.207889339905531e-03
10,cheba,-7.440000000000000e-01,1.108185476686732e-02
10,cheba,-7.420000000000000e-01,1.294635000728059e-02
10,cheba,-7.400000000000000e-01,1.479951877930241e-02
10,cheba,-7.380000000000000e-01,1.663953743405336e-02
10,cheba,-7.360000000000000e-01,1.846461592823860e-02
10,cheba,-7.340000000000000e-01,2.027299874713089e-02
10,cheba,-7.320000000000000e-01,2.206296577894477e-02
10,cheba,-7.300000000000000e-01,2.383283314153471e-02
10,cheba,-7.280000000000000e-01,2.558095396228735e-02
10,cheba,-7.260000000000000e-01,2.730571911220724e-02
10,cheba,-7.240000000000000e-01,2.900555789515573e-02
10,cheba,-7.220000000000000e-01,3.067893869300717e-02
10,cheba,-7.200000000000000e-01,3.232436956774683e-02
10,cheba,-7.180000000000000e-01,3.394039882135838e-02
10,cheba,-7.160000000000000e-01,3.552561551435911e-02
10,cheba,-7.140000000000000e-01,3.707864994389479e-02
10,cheba,-7.120000000000000e-01,3.859817408221244e-02
10,cheba,-7.100000000000000e-01,4.008290197635481e-02
10,cheba,-7.080000000000000e-01,4.153159010996624e-02
10,cheba,-7.060000000000000e-01,4.294303772797090e-02
10,cheba,-7.040000000000000e-01,4.431608712503463e-02
10,cheba,-7.020000000000000e-01,4.564962389847074e-02
10,cheba,-7.000000000000000e-01,4.694257716656022e-02
10,cheba,-6.980000000000000e-01,4.819391975298622e-02
10,cheba,-6.960000000000000e-01,4.940266833809986e-02
10,cheba,-6.940000000000000e-01,5.056788357799760e-02
10,cheba,-6.919999999999999e-01,5.168867019189639e-02
10,cheba,-6.899999999999999e-01,5.276417701881202e-02
10,cheba,-6.879999999999999e-01,5.379359704410533e-02
10,cheba,-6.859999999999999e-01,5.477616739674104e-02
10,cheba,-6.839999999999999e-01,5.571116931792185e-02
10,cheba,-6.819999999999999e-01,5.659792810183674e-02
10,cheba,-6.799999999999999e-01,5.743581300926379e-02
10,cheba,-6.779999999999999e-01,5.822423715464027e-02
10,cheba,-6.759999999999999e-01,5.896265736737864e-02
10,cheba,-6.739999999999999e-01,5.965057402809126e-02
10,cheba,-6.719999999999999e-01,6.028753088033052e-02
10,cheba,-6.699999999999999e-01,6.087311481860497e-02
10,cheba,-6.679999999999999e-01,6.140695565323415e-02
10,cheba,-6.659999999999999e-01,6.188872585280447e-02
10,cheba,-6.639999999999999e-01,6.231814026471380e-02
10,cheba,-6.619999999999999e-01,6.269495581458023e-02
10,cheba,-6.599999999999999e-01,6.301897118502717e-02
10,cheba,-6.579999999999999e-01,6.329002647454045e-02
10,cheba,-6.560000000000000e-01,6.350800283693575e-02
10,cheba,-6.540000000000000e-01,6.367282210209670e-02
10,cheba,-6.520000000000000e-01,6.378444637850375e-02
10,cheba,-6.500000000000000e-01,6.384287763817852e-02
10,cheba,-6.480000000000000e-01,6.384815728464162e-02
10,cheba,-6.460000000000000e-01,6.380036570437322e-02
10,cheba,-6.440000000000000e-01,6.369962180239394e-02
10,cheba,-6.420000000000000e-01,6.354608252248507e-02
10,cheba,-6.400000000000000e-01,6.333994235263878e-02
10,cheba,-6.380000000000000e-01,6.308143281616664e-02
10,cheba,-6.360000000000000e-01,6.277082194913718e-02
10,cheba,-6.340000000000000e-01,6.240841376451617e-02
10,cheba,-6.320000000000000e-01,6.199454770363720e-02
10,cheba,-6.300000000000000e-01,6.152959807542828e-02
10,cheba,-6.280000000000000e-01,6.101397348393078e-02
10,cheba,-6.260000000000000e-01,6.044811624457312e-02
10,cheba,-6.240000000000000e-01,5.983250178971959e-02
10,cheba,-6.220000000000000e-01,5.916763806391272e-02
10,cheba,-6.200000000000000e-01,5.845406490933282e-02
10,cheba,-6.180000000000000e-01,5.769235344188320e-02
10,cheba,-6.160000000000000e-01,5.688310541839522e-02
10,cheba,-6.140000000000000e-01,5.602695259537142e-02
10,cheba,-6.120000000000000e-01,5.512455607970165e-02
10,cheba,-6.100000000000000e-01,5.417660567184160e-02
10,cheba,-6.080000000000000e-01,5.318381920175969e-02
10,cheba,-6.060000000000000e-01,5.214694185821356e-02
10,cheba,-6.040000000000000e-01,5.106674551163927e-02
10,cheba,-6.020000000000000e-01,4.994402803115815e-02
10,cheba,-6.000000000000000e-01,4.877961259601624e-02
10,cheba,-5.980000000000000e-01,4.757434700190440e-02
10,cheba,-5.960000000000000e-01,4.632910296253392e-02
10,cheba,-5.940000000000000e-01,4.504477540678786e-02
10,cheba,-5.920000000000001e-01,4.372228177192962e-02
10,cheba,-5.900000000000001e-01,4.236256129310698e-02
10,cheba,-5.880000000000001e-01,4.096657428962328e-02
10,cheba,-5.860000000000001e-01,3.953530144823551e-02
10,cheba,-5.840000000000001e-01,3.806974310389166e-02
10,cheba,-5.820000000000001e-01,3.657091851821605e-02
10,cheba,-5.800000000000001e-01,3.503986515604965e-02
10,cheba,-5.780000000000001e-01,3.347763796046442e-02
10,cheba,-5.760000000000001e-01,3.188530862644143e-02
10,cheba,-5.740000000000001e-01,3.026396487364753e-02
10,cheba,-5.720000000000001e-01,2.861470971855493e-02
10,cheba,-5.700000000000001e-01,2.693866074619815e-02
10,cheba,-5.680000000000001e-01,2.523694938193104e-02
10,cheba,-5.660000000000001e-01,2.351072016339006e-02
10,cheba,-5.640000000000001e-01,2.176113001302400e-02
10,cheba,-5.620000000000001e-01,1.998934751141575e-02
10,cheba,-5.600000000000001e-01,1.819655217170497e-02
10,cheba,-5.580000000000001e-01,1.638393371537043e-02
10,cheba,-5.560000000000000e-01,1.455269134960964e-02
10,cheba,-5.540000000000000e-01,1.270403304662665e-02
10,cheba,-5.520000000000000e-01,1.083917482503020e-02
10,cheba,-5.500000000000000e-01,8.959340033611235e-03
10,cheba,-5.480000000000000e-01,7.065758637741171e-03
10,cheba,-5.460000000000000e-01,5.159666508618613e-03
10,cheba,-5.440000000000000e-01,3.242304715609864e-03
10,cheba,-5.420000000000000e-01,1.314918821882269e-03
10,cheba,-5.400000000000000e-01,6.212418164112388e-04
10,cheba,-5.380000000000000e-01,2.564924747221087e-03
10,cheba,-5.360000000000000e-01,4.514875115723224e-03
10,cheba,-5.340000000000000e-01,6.469836353289182e-03
10,cheba,-5.320000000000000e-01,8.428550862081302e-03
10,cheba,-5.300000000000000e-01,1.038976069511317e-02
10,cheba,-5.280000000000000e-01,1.235220823154215e-02
10,cheba,-5.260000000000000e-01,1.431463684704240e-02
10,cheba,-5.240000000000000e-01,1.627579157906670e-02
10,cheba,-5.220000000000000e-01,1.823441978680404e-02
10,cheba,-5.200000000000000e-01,2.018927180569560e-02
10,cheba,-5.180000000000000e-01,2.213910159630972e-02
10,cheba,-5.160000000000000e-01,2.408266738743098e-02
10,cheba,-5.140000000000000e-01,2.601873231320739e-02
10,cheba,-5.120000000000000e-01,2.794606504417985e-02
10,cheba,-5.100000000000000e-01,2.986344041208255e-02
10,cheba,-5.080000000000000e-01,3.176964002823443e-02
10,cheba,-5.060000000000000e-01,3.366345289539260e-02
10,cheba,-5.040000000000000e-01,3.554367601295153e-02
10,cheba,-5.020000000000000e-01,3.740911497531900e-02
10,cheba,-5.000000000000000e-01,3.925858456337497e-02
10,cheba,-4.980000000000000e-01,4.109090932886253e-02
10,cheba,-4.960000000000000e-01,4.290492417162001e-02
10,cheba,-4.940000000000000e-01,4.469947490951309e-02
10,cheba,-4.920000000000000e-01,4.647341884095627e-02
10,cheba,-4.900000000000000e-01,4.822562529994703e-02
10,cheba,-4.880000000000000e-01,4.995497620346373e-02
10,cheba,-4.860000000000000e-01,5.166036659115868e-02
10,cheba,-4.840000000000000e-01,5.334070515724396e-02
10,cheba,-4.820000000000000e-01,5.499491477446136e-02
10,cheba,-4.800000000000000e-01,5.662193301006319e-02
10,cheba,-4.780000000000000e-01,5.822071263372505e-02
10,cheba,-4.760000000000000e-01,5.979022211727597e-02
10,cheba,-4.740000000000000e-01,6.132944612619756e-02
10,cheba,-4.720000000000000e-01,6.283738600281670e-02
10,cheba,-4.700000000000000e-01,6.431306024108792e-02
10,cheba,-4.680000000000000e-01,6.575550495293064e-02
10,cheba,-4.660000000000000e-01,6.716377432603740e-02
10,cheba,-4.640000000000000e-01,6.853694107310088e-02
10,cheba,-4.620000000000000e-01,6.987409687238808e-02
10,cheba,-4.600000000000000e-01,7.117435279960253e-02
10,cheba,-4.580000000000000e-01,7.243683975101078e-02
10,cheba,-4.560000000000000e-01,7.366070885772934e-02
10,cheba,-4.540000000000000e-01,7.484513189119155e-02
10,cheba,-4.520000000000000e-01,7.598930165966623e-02
10,cheba,-4.500000000000000e-01,7.709243239587307e-02
10,cheba,-4.480000000000000e-01,7.815376013558117e-02
10,cheba,-4.460000000000000e-01,7.917254308719601e-02
10,cheba,-4.440000000000000e-01,8.014806199228369e-02
10,cheba,-4.419999999999999e-01,8.107962047700097e-02
10,cheba,-4.399999999999999e-01,8.196654539440251e-02
10,cheba,-4.379999999999999e-01,8.280818715758786e-02
10,cheba,-4.360000000000001e-01,8.360392006368265e-02
10,cheba,-4.340000000000001e-01,8.435314260859643e-02
10,cheba,-4.320000000000001e-01,8.505527779256916e-02
10,cheba,-4.300000000000000e-01,8.570977341646079e-02
10,cheba,-4.280000000000000e-01,8.631610236876899e-02
10,cheba,-4.260000000000000e-01,8.687376290338208e-02
10,cheba,-4.240000000000000e-01,8.738227890799719e-02
10,cheba,-4.220000000000000e-01,8.784120016326266e-02
10,cheba,-4.200000000000000e-01,8.825010259255281e-02
10,cheba,-4.180000000000000e-01,8.860858850243229e-02
10,cheba,-4.160000000000000e-01,8.891628681375455e-02
10,cheba,-4.140000000000000e-01,8.917285328339990e-02
10,cheba,-4.120000000000000e-01,8.937797071664981e-02
10,cheba,-4.100000000000000e-01,8.953134917017924e-02
10,cheba,-4.080000000000000e-01,8.963272614566675e-02
10,cheba,-4.060000000000000e-01,8.968186677401188e-02
10,cheba,-4.040000000000000e-01,8.967856399015819e-02
10,cheba,-4.020000000000000e-01,8.962263869850853e-02
10,cheba,-4.000000000000000e-01,8.951393992894024e-02
10,cheba,-3.980000000000000e-01,8.935234498339692e-02
10,cheba,-3.960000000000000e-01,8.913775957306996e-02
10,cheba,-3.940000000000000e-01,8.887011794614672e-02
10,cheba,-3.920000000000000e-01,8.854938300613807e-02
10,cheba,-3.900000000000000e-01,8.817554642075595e-02
10,cheba,-3.880000000000000e-01,8.774862872135880e-02
10,cheba,-3.860000000000000e-01,8.726867939293137e-02
10,cheba,-3.840000000000000e-01,8.673577695461882e-02
10,cheba,-3.820000000000000e-01,8.615002903077312e-02
10,cheba,-3.800000000000000e-01,8.551157241252427e-02
10,cheba,-3.780000000000000e-01,8.482057310985264e-02
10,cheba,-3.760000000000000e-01,8.407722639414933e-02
10,cheba,-3.740000000000000e-01,8.328175683125472e-02
10,cheba,-3.720000000000000e-01,8.243441830493800e-02
10,cheba,-3.700000000000000e-01,8.153549403081906e-02
10,cheba,-3.680000000000000e-01,8.058529656069494e-02
10,cheba,-3.660000000000000e-01,7.958416777724486e-02
10,cheba,-3.640000000000000e-01,7.853247887909279e-02
10,cheba,-3.620000000000000e-01,7.743063035618325e-02
10,cheba,-3.600000000000000e-01,7.627905195545087e-02
10,cheba,-3.580000000000000e-01,7.507820263671830e-02
10,cheba,-3.560000000000000e-01,7.382857051880468e-02
10,cheba,-3.540000000000000e-01,7.253067281578440e-02
10,cheba,-3.520000000000000e-01,7.118505576333872e-02
10,cheba,-3.500000000000000e-01,6.979229453515323e-02
10,cheba,-3.480000000000000e-01,6.835299314929225e-02
10,cheba,-3.460000000000000e-01,6.686778436448224e-02
10,cheba,-3.440000000000000e-01,6.533732956623783e-02
10,cheba,-3.420000000000000e-01,6.376231864273246e-02
10,cheba,-3.400000000000000e-01,6.214346985035513e-02
10,cheba,-3.380000000000000e-01,6.048152966883080e-02
10,cheba,-3.360000000000000e-01,5.877727264583252e-02
10,cheba,-3.340000000000000e-01,5.703150123095174e-02
10,cheba,-3.320000000000000e-01,5.524504559893101e-02
10,cheba,-3.300000000000000e-01,5.341876346203220e-02
10,cheba,-3.280000000000000e-01,5.155353987139813e-02
10,cheba,-3.260000000000000e-01,4.965028700728261e-02
10,cheba,-3.240000000000000e-01,4.770994395798447e-02
10,cheba,-3.220000000000000e-01,4.573347648734186e-02
10,cheba,-3.200000000000000e-01,4.372187679059705e-02
10,cheba,-3.179999999999999e-01,4.167616323847681e-02
10,cheba,-3.159999999999999e-01,3.959738010927230e-02
10,cheba,-3.139999999999999e-01,3.748659730873627e-02
10,cheba,-3.120000000000001e-01,3.534491007756796e-02
10,cheba,-3.100000000000001e-01,3.317343868627592e-02
10,cheba,-3.080000000000001e-01,3.097332811716130e-02
10,cheba,-3.060000000000000e-01,2.874574773318483e-02
10,cheba,-3.040000000000000e-01,2.649189093344606e-02
10,cheba,-3.020000000000000e-01,2.421297479499146e-02
10,cheba,-3.000000000000000e-01,2.191023970066552e-02
10,cheba,-2.980000000000000e-01,1.958494895269136e-02
10,cheba,-2.960000000000000e-01,1.723838837165803e-02
10,cheba,-2.940000000000000e-01,1.487186588056727e-02
10,cheba,-2.920000000000000e-01,1.248671107360166e-02
10,cheba,-2.900000000000000e-01,1.008427476922225e-02
10,cheba,-2.880000000000000e-01,7.665928547215595e-03
10,cheba,-2.860000000000000e-01,5.233064269283938e-03
10,cheba,-2.840000000000000e-01,2.787093582752420e-03
10,cheba,-2.820000000000000e-01,3.294474069421849e-04
10,cheba,-2.800000000000000e-01,2.138424598229882e-03
10,cheba,-2.780000000000000e-01,4.615054581931788e-03
10,cheba,-2.760000000000000e-01,7.098957070855560e-03
10,cheba,-2.740000000000000e-01,9.588629556944339e-03
10,cheba,-2.720000000000000e-01,1.208255310493400e-02
10,cheba,-2.700000000000000e-01,1.457919298028049e-02
10,cheba,-2.680000000000000e-01,1.707699929803325e-02
10,cheba,-2.660000000000000e-01,1.957440769326246e-02
10,cheba,-2.640000000000000e-01,2.206984001365020e-02
10,cheba,-2.620000000000000e-01,2.456170503487770e-02
10,cheba,-2.600000000000000e-01,2.704839919946600e-02
10,cheba,-2.580000000000000e-01,2.952830737974432e-02
10,cheba,-2.560000000000000e-01,3.199980366563143e-02
10,cheba,-2.540000000000000e-01,3.446125217794033e-02
10,cheba,-2.520000000000000e-01,3.691100790793844e-02
10,cheba,-2.500000000000000e-01,3.934741758389626e-02
10,cheba,-2.480000000000000e-01,4.176882056539094e-02
10,cheba,-2.460000000000000e-01,4.417354976613597e-02
10,cheba,-2.440000000000000e-01,4.655993260611935e-02
10,cheba,-2.420000000000000e-01,4.892629199385751e-02
10,cheba,-2.400000000000000e-01,5.127094733956311e-02
10,cheba,-2.380000000000000e-01,5.359221560005795e-02
10,cheba,-2.360000000000000e-01,5.588841235624470e-02
10,cheba,-2.340000000000000e-01,5.815785292397435e-02
10,cheba,-2.320000000000000e-01,6.039885349913565e-02
10,cheba,-2.300000000000000e-01,6.260973233780831e-02
10,cheba,-2.280000000000000e-01,6.478881097229366e-02
10,cheba,-2.260000000000000e-01,6.693441546385359e-02
10,cheba,-2.240000000000000e-01,6.904487769297246e-02
10,cheba,-2.220000000000000e-01,7.111853668792367e-02
10,cheba,-2.200000000000000e-01,7.315373999243485e-02
10,cheba,-2.180000000000000e-01,7.514884507320008e-02
10,cheba,-2.160000000000000e-01,7.710222076796097e-02
10,cheba,-2.140000000000000e-01,7.901224877486185e-02
10,cheba,-2.120000000000000e-01,8.087732518371538e-02
10,cheba,-2.100000000000000e-01,8.269586204980878e-02
10,cheba,-2.080000000000000e-01,8.446628901077680e-02
10,cheba,-2.060000000000000e-01,8.618705494706680e-02
10,cheba,-2.040000000000000e-01,8.785662968639429e-02
10,cheba,-2.020000000000000e-01,8.947350575256541e-02
10,cheba,-2.000000000000000e-01,9.103620015890723e-02
10,cheba,-1.980000000000000e-01,9.254325624650195e-02
10,cheba,-1.960000000000000e-01,9.399324556727118e-02
10,cheba,-1.940000000000000e-01,9.538476981188015e-02
10,cheba,-1.919999999999999e-01,9.671646278227297e-02
10,cheba,-1.899999999999999e-01,9.798699240854469e-02
10,cheba,-1.879999999999999e-01,9.919506280967616e-02
10,cheba,-1.860000000000001e-01,1.003394163975218e-01
10,cheba,-1.840000000000001e-01,1.014188360232394e-01
10,cheba,-1.820000000000001e-01,1.024321471651923e-01
10,cheba,-1.800000000000000e-01,1.033782201571136e-01
10,cheba,-1.780000000000000e-01,1.042559724551430e-01
10,cheba,-1.760000000000000e-01,1.050643709420803e-01
10,cheba,-1.740000000000000e-01,1.058024342669694e-01
10,cheba,-1.720000000000000e-01,1.064692352178558e-01
10,cheba,-1.700000000000000e-01,1.070639031252775e-01
10,cheba,-1.680000000000000e-01,1.075856262937587e-01
10,cheba,-1.660000000000000e-01,1.080336544582468e-01
10,cheba,-1.640000000000000e-01,1.084073012621167e-01
10,cheba,-1.620000000000000e-01,1.087059467530158e-01
10,cheba,-1.600000000000000e-01,1.089290398924486e-01
10,cheba,-1.580000000000000e-01,1.090761010746342e-01
10,cheba,-1.560000000000000e-01,1.091467246497664e-01
10,cheba,-1.540000000000000e-01,1.091405814463927e-01
10,cheba,-1.520000000000000e-01,1.090574212872158e-01
10,cheba,-1.500000000000000e-01,1.088970754921720e-01
10,cheba,-1.480000000000000e-01,1.086594593621959e-01
10,cheba,-1.460000000000000e-01,1.083445746366207e-01
10,cheba,-1.440000000000000e-01,1.079525119166972e-01
10,cheba,-1.420000000000000e-01,1.074834530472341e-01
10,cheba,-1.400000000000000e-01,1.069376734478855e-01
10,cheba,-1.380000000000000e-01,1.063155443851300e-01
10,cheba,-1.360000000000000e-01,1.056175351754989e-01
10,cheba,-1.340000000000000e-01,1.048442153101411e-01
10,cheba,-1.320000000000000e-01,1.039962564903331e-01
10,cheba,-1.300000000000000e-01,1.030744345630850e-01
10,cheba,-1.280000000000000e-01,1.020796313455528e-01
10,cheba,-1.260000000000000e-01,1.010128363265298e-01
10,cheba,-1.240000000000000e-01,9.987514823289412e-02
10,cheba,-1.220000000000000e-01,9.866777644851576e-02
10,cheba,-1.200000000000000e-01,9.739204227277709e-02
10,cheba,-1.180000000000000e-01,9.604938000557106e-02
10,cheba,-1.160000000000000e-01,9.464133784536766e-02
10,cheba,-1.140000000000000e-01,9.316957858675168e-02
10,cheba,-1.120000000000000e-01,9.163588010366985e-02
10,cheba,-1.100000000000000e-01,9.004213560454943e-02
10,cheba,-1.080000000000000e-01,8.839035364543013e-02
10,cheba,-1.060000000000000e-01,8.668265788730534e-02
10,cheba,-1.040000000000000e-01,8.492128658403075e-02
10,cheba,-1.020000000000000e-01,8.310859178735552e-02
10,cheba,-9.999999999999998e-02,8.124703825599910e-02
10,cheba,-9.799999999999998e-02,7.933920205608425e-02
10,cheba,-9.599999999999997e-02,7.738776884080001e-02
10,cheba,-9.399999999999997e-02,7.539553179779146e-02
10,cheba,-9.199999999999997e-02,7.336538925355984e-02
10,cheba,-8.999999999999997e-02,7.130034192500079e-02
10,cheba,-8.799999999999997e-02,6.920348980926005e-02
10,cheba,-8.599999999999997e-02,6.707802870417301e-02
10,cheba,-8.399999999999996e-02,6.492724635284286e-02
10,cheba,-8.199999999999996e-02,6.275451820728339e-02
10,cheba,-7.999999999999996e-02,6.056330280756750e-02
10,cheba,-7.799999999999996e-02,5.835713677456378e-02
10,cheba,-7.599999999999996e-02,5.613962941609374e-02
10,cheba,-7.399999999999995e-02,5.391445694822417e-02
10,cheba,-7.199999999999995e-02,5.168535633538907e-02
10,cheba,-6.999999999999995e-02,4.945611875512002e-02
10,cheba,-6.799999999999995e-02,4.723058269534641e-02
10,cheba,-6.599999999999995e-02,4.501262669447603e-02
10,cheba,-6.399999999999995e-02,4.280616173679841e-02
10,cheba,-6.200000000000006e-02,4.061512331813577e-02
10,cheba,-6.000000000000005e-02,3.844346319906533e-02
10,cheba,-5.800000000000005e-02,3.629514086548158e-02
10,cheba,-5.600000000000005e-02,3.417411471871012e-02
10,cheba,-5.400000000000005e-02,3.208433301976288e-02
10,cheba,-5.200000000000005e-02,3.002972461474285e-02
10,cheba,-5.000000000000004e-02,2.801418947066125e-02
10,cheba,-4.800000000000004e-02,2.604158905319431e-02
10,cheba,-4.600000000000004e-02,2.411573657997113e-02
10,cheba,-4.400000000000004e-02,2.224038718499255e-02
10,cheba,-4.200000000000004e-02,2.041922803155793e-02
10,cheba,-4.000000000000004e-02,1.865586841273692e-02
10,cheba,-3.800000000000003e-02,1.695382987982230e-02
10,cheba,-3.600000000000003e-02,1.531653644041975e-02
10,cheba,-3.400000000000003e-02,1.374730486875853e-02
10,cheba,-3.200000000000003e-02,1.224933517152071e-02
10,cheba,-3.000000000000003e-02,1.082570125286331e-02
10,cheba,-2.800000000000002e-02,9.479341822441589e-03
10,cheba,-2.600000000000002e-02,8.213051590023723e-03
10,cheba,-2.400000000000002e-02,7.029472789792490e-03
10,cheba,-2.200000000000002e-02,5.931087076580299e-03
10,cheba,-2.000000000000002e-02,4.920207835137358e-03
10,cheba,-1.800000000000002e-02,3.998972942047985e-03
10,cheba,-1.600000000000001e-02,3.169338018124801e-03
10,cheba,-1.400000000000001e-02,2.433070206988242e-03
10,cheba,-1.200000000000001e-02,1.791742513169714e-03
10,cheba,-1.000000000000001e-02,1.246728730360802e-03
10,cheba,-8.000000000000007e-03,7.991989875273386e-04
10,cheba,-6.000000000000005e-03,4.501159373967445e-04
10,cheba,-4.000000000000004e-03,2.002316084519506e-04
10,cheba,-2.000000000000002e-03,5.008493798241975e-05
10,cheba,0.000000000000000e+00,2.220446049250313e-16
10,cheba,2.000000000000002e-03,5.008493798253078e-05
10,cheba,4.000000000000004e-03,2.002316084520617e-04
10,cheba,6.000000000000005e-03,4.501159373966335e-04
10,cheba,8.000000000000007e-03,7.991989875273386e-04
10,cheba,1.000000000000001e-02,1.246728730360469e-03
10,cheba,1.200000000000001e-02,1.791742513169603e-03
10,cheba,1.400000000000001e-02,2.433070206988353e-03
10,cheba,1.600000000000001e-02,3.169338018124690e-03
10,cheba,1.800000000000002e-02,3.998972942048318e-03
10,cheba,2.000000000000002e-02,4.920207835137136e-03
10,cheba,2.200000000000002e-02,5.931087076580410e-03
10,cheba,2.400000000000002e-02,7.029472789792601e-03
10,cheba,2.600000000000002e-02,8.213051590023723e-03
10,cheba,2.800000000000002e-02,9.479341822441700e-03
10,cheba,3.000000000000003e-02,1.082570125286320e-02
10,cheba,3.200000000000003e-02,1.224933517152083e-02
10,cheba,3.400000000000003e-02,1.374730486875875e-02
10,cheba,3.600000000000003e-02,1.531653644041964e-02
10,cheba,3.800000000000003e-02,1.695382987982219e-02
10,cheba,4.000000000000004e-02,1.865586841273670e-02
10,cheba,4.200000000000004e-02,2.041922803155793e-02
10,cheba,4.400000000000004e-02,2.224038718499233e-02
10,cheba,4.600000000000004e-02,2.411573657997113e-02
10,cheba,4.800000000000004e-02,2.604158905319409e-02
10,cheba,5.000000000000004e-02,2.801418947066137e-02
10,cheba,5.200000000000005e-02,3.002972461474263e-02
10,cheba,5.400000000000005e-02,3.208433301976332e-02
10,cheba,5.600000000000005e-02,3.417411471871024e-02
10,cheba,5.800000000000005e-02,3.629514086548202e-02
10,cheba,6.000000000000005e-02,3.844346319906511e-02
10,cheba,6.200000000000006e-02,4.061512331813621e-02
10,cheba,6.400000000000006e-02,4.280616173679874e-02
10,cheba,6.600000000000006e-02,4.501262669447603e-02
10,cheba,6.800000000000006e-02,4.723058269534686e-02
10,cheba,7.000000000000006e-02,4.945611875512035e-02
10,cheba,7.200000000000006e-02,5.168535633538895e-02
10,cheba,7.400000000000007e-02,5.391445694822417e-02
10,cheba,7.600000000000007e-02,5.613962941609418e-02
10,cheba,7.800000000000007e-02,5.835713677456411e-02
10,cheba,8.000000000000007e-02,6.056330280756805e-02
10,cheba,8.200000000000007e-02,6.275451820728362e-02
10,cheba,8.400000000000007e-02,6.492724635284308e-02
10,cheba,8.600000000000008e-02,6.707802870417323e-02
10,cheba,8.800000000000008e-02,6.920348980926005e-02
10,cheba,9.000000000000008e-02,7.130034192500090e-02
10,cheba,9.200000000000008e-02,7.336538925356006e-02
10,cheba,9.400000000000008e-02,7.539553179779190e-02
10,cheba,9.600000000000009e-02,7.738776884080001e-02
10,cheba,9.800000000000009e-02,7.933920205608469e-02
10,cheba,1.000000000000001e-01,8.124703825599922e-02
10,cheba,1.020000000000001e-01,8.310859178735552e-02
10,cheba,1.040000000000001e-01,8.492128658403053e-02
10,cheba,1.060000000000001e-01,8.668265788730578e-02
10,cheba,1.080000000000001e-01,8.839035364543024e-02
10,cheba,1.100000000000001e-01,9.004213560454988e-02
10,cheba,1.120000000000001e-01,9.163588010367008e-02
10,cheba,1.140000000000001e-01,9.316957858675190e-02
10,cheba,1.160000000000001e-01,9.464133784536821e-02
10,cheba,1.180000000000001e-01,9.604938000557117e-02
10,cheba,1.200000000000001e-01,9.739204227277742e-02
10,cheba,1.220000000000001e-01,9.866777644851588e-02
10,cheba,1.240000000000001e-01,9.987514823289467e-02
10,cheba,1.259999999999999e-01,1.010128363265300e-01
10,cheba,1.279999999999999e-01,1.020796313455530e-01
10,cheba,1.299999999999999e-01,1.030744345630850e-01
10,cheba,1.319999999999999e-01,1.039962564903331e-01
10,cheba,1.339999999999999e-01,1.048442153101413e-01
10,cheba,1.359999999999999e-01,1.056175351754989e-01
10,cheba,1.379999999999999e-01,1.063155443851301e-01
10,cheba,1.399999999999999e-01,1.069376734478859e-01
10,cheba,1.419999999999999e-01,1.074834530472342e-01
10,cheba,1.439999999999999e-01,1.079525119166974e-01
10,cheba,1.459999999999999e-01,1.083445746366207e-01
10,cheba,1.479999999999999e-01,1.086594593621960e-01
10,cheba,1.499999999999999e-01,1.088970754921722e-01
10,cheba,1.519999999999999e-01,1.090574212872158e-01
10,cheba,1.539999999999999e-01,1.091405814463927e-01
10,cheba,1.559999999999999e-01,1.091467246497665e-01
10,cheba,1.579999999999999e-01,1.090761010746346e-01
10,cheba,1.599999999999999e-01,1.089290398924484e-01
10,cheba,1.619999999999999e-01,1.087059467530159e-01
10,cheba,1.639999999999999e-01,1.084073012621166e-01
10,cheba,1.659999999999999e-01,1.080336544582470e-01
10,cheba,1.679999999999999e-01,1.075856262937591e-01
10,cheba,1.699999999999999e-01,1.070639031252777e-01
10,cheba,1.719999999999999e-01,1.064692352178557e-01
10,cheba,1.739999999999999e-01,1.058024342669697e-01
10,cheba,1.759999999999999e-01,1.050643709420809e-01
10,cheba,1.779999999999999e-01,1.042559724551434e-01
10,cheba,1.799999999999999e-01,1.033782201571138e-01
10,cheba,1.819999999999999e-01,1.024321471651924e-01
10,cheba,1.839999999999999e-01,1.014188360232399e-01
10,cheba,1.859999999999999e-01,1.003394163975219e-01
10,cheba,1.879999999999999e-01,9.919506280967660e-02
10,cheba,1.899999999999999e-01,9.798699240854447e-02
10,cheba,1.919999999999999e-01,9.671646278227308e-02
10,cheba,1.940000000000000e-01,9.538476981188027e-02
10,cheba,1.960000000000000e-01,9.399324556727162e-02
10,cheba,1.980000000000000e-01,9.254325624650173e-02
10,cheba,2.000000000000000e-01,9.103620015890757e-02
10,cheba,2.020000000000000e-01,8.947350575256552e-02
10,cheba,2.040000000000000e-01,8.785662968639474e-02
10,cheba,2.060000000000000e-01,8.618705494706680e-02
10,cheba,2.080000000000000e-01,8.446628901077702e-02
10,cheba,2.100000000000000e-01,8.269586204980867e-02
10,cheba,2.120000000000000e-01,8.087732518371560e-02
10,cheba,2.140000000000000e-01,7.901224877486174e-02
10,cheba,2.160000000000000e-01,7.710222076796119e-02
10,cheba,2.180000000000000e-01,7.514884507319997e-02
10,cheba,2.200000000000000e-01,7.315373999243496e-02
10,cheba,2.220000000000000e-01,7.111853668792367e-02
10,cheba,2.240000000000000e-01,6.904487769297246e-02
10,cheba,2.260000000000000e-01,6.693441546385381e-02
10,cheba,2.280000000000000e-01,6.478881097229344e-02
10,cheba,2.300000000000000e-01,6.260973233780831e-02
10,cheba,2.320000000000000e-01,6.039885349913554e-02
10,cheba,2.340000000000000e-01,5.815785292397385e-02
10,cheba,2.360000000000000e-01,5.588841235624475e-02
10,cheba,2.380000000000000e-01,5.359221560005795e-02
10,cheba,2.400000000000000e-01,5.127094733956289e-02
10,cheba,2.420000000000000e-01,4.892629199385728e-02
10,cheba,2.440000000000000e-01,4.655993260611935e-02
10,cheba,2.460000000000000e-01,4.417354976613563e-02
10,cheba,2.480000000000000e-01,4.176882056539072e-02
10,cheba,2.500000000000000e-01,3.934741758389593e-02
10,cheba,2.520000000000000e-01,3.691100790793822e-02
10,cheba,2.540000000000000e-01,3.446125217794005e-02
10,cheba,2.560000000000000e-01,3.199980366563093e-02
10,cheba,2.580000000000000e-01,2.952830737974393e-02
10,cheba,2.600000000000000e-01,2.704839919946550e-02
10,cheba,2.620000000000000e-01,2.456170503487715e-02
10,cheba,2.640000000000000e-01,2.206984001365009e-02
10,cheba,2.660000000000000e-01,1.957440769326230e-02
10,cheba,2.680000000000000e-01,1.707699929803275e-02
10,cheba,2.700000000000000e-01,1.457919298028010e-02
10,cheba,2.720000000000000e-01,1.208255310493378e-02
10,cheba,2.740000000000000e-01,9.588629556943951e-03
10,cheba,2.760000000000000e-01,7.098957070855283e-03
10,cheba,2.780000000000000e-01,4.615054581931177e-03
10,cheba,2.800000000000000e-01,2.138424598229216e-03
10,cheba,2.820000000000000e-01,3.294474069426290e-04
10,cheba,2.840000000000000e-01,2.787093582752476e-03
10,cheba,2.860000000000000e-01,5.233064269284826e-03
10,cheba,2.880000000000000e-01,7.665928547216094e-03
10,cheba,2.900000000000000e-01,1.008427476922280e-02
10,cheba,2.920000000000000e-01,1.248671107360239e-02
10,cheba,2.940000000000000e-01,1.487186588056782e-02
10,cheba,2.960000000000000e-01,1.723838837165853e-02
10,cheba,2.980000000000000e-01,1.958494895269230e-02
10,cheba,3.000000000000000e-01,2.191023970066580e-02
10,cheba,3.020000000000000e-01,2.421297479499163e-02
10,cheba,3.040000000000000e-01,2.649189093344667e-02
10,cheba,3.060000000000000e-01,2.874574773318567e-02
10,cheba,3.080000000000001e-01,3.097332811716186e-02
10,cheba,3.100000000000001e-01,3.317343868627648e-02
10,cheba,3.120000000000001e-01,3.534491007756840e-02
10,cheba,3.140000000000001e-01,3.748659730873627e-02
10,cheba,3.160000000000001e-01,3.959738010927269e-02
10,cheba,3.180000000000001e-01,4.167616323847698e-02
10,cheba,3.200000000000001e-01,4.372187679059730e-02
10,cheba,3.220000000000001e-01,4.573347648734186e-02
10,cheba,3.240000000000001e-01,4.770994395798511e-02
10,cheba,3.260000000000001e-01,4.965028700728286e-02
10,cheba,3.280000000000001e-01,5.155353987139863e-02
10,cheba,3.300000000000001e-01,5.341876346203236e-02
10,cheba,3.320000000000001e-01,5.524504559893126e-02
10,cheba,3.340000000000001e-01,5.703150123095160e-02
10,cheba,3.360000000000001e-01,5.877727264583277e-02
10,cheba,3.380000000000001e-01,6.048152966883111e-02
10,cheba,3.400000000000001e-01,6.214346985035485e-02
10,cheba,3.420000000000001e-01,6.376231864273280e-02
10,cheba,3.440000000000001e-01,6.533732956623811e-02
10,cheba,3.460000000000001e-01,6.686778436448312e-02
10,cheba,3.480000000000001e-01,6.835299314929238e-02
10,cheba,3.500000000000001e-01,6.979229453515354e-02
10,cheba,3.520000000000001e-01,7.118505576333906e-02
10,cheba,3.540000000000001e-01,7.253067281578476e-02
10,cheba,3.560000000000001e-01,7.382857051880495e-02
10,cheba,3.580000000000001e-01,7.507820263671827e-02
10,cheba,3.600000000000001e-01,7.627905195545129e-02
10,cheba,3.620000000000001e-01,7.743063035618394e-02
10,cheba,3.640000000000001e-01,7.853247887909259e-02
10,cheba,3.660000000000001e-01,7.958416777724522e-02
10,cheba,3.680000000000001e-01,8.058529656069541e-02
10,cheba,3.700000000000001e-01,8.153549403081953e-02
10,cheba,3.720000000000001e-01,8.243441830493795e-02
10,cheba,3.740000000000001e-01,8.328175683125455e-02
10,cheba,3.759999999999999e-01,8.407722639414936e-02
10,cheba,3.779999999999999e-01,8.482057310985236e-02
10,cheba,3.799999999999999e-01,8.551157241252497e-02
10,cheba,3.819999999999999e-01,8.615002903077434e-02
10,cheba,3.839999999999999e-01,8.673577695461987e-02
10,cheba,3.859999999999999e-01,8.726867939293181e-02
10,cheba,3.879999999999999e-01,8.774862872135844e-02
10,cheba,3.899999999999999e-01,8.817554642075665e-02
10,cheba,3.919999999999999e-01,8.854938300613871e-02
10,cheba,3.939999999999999e-01,8.887011794614760e-02
10,cheba,3.959999999999999e-01,8.913775957307019e-02
10,cheba,3.979999999999999e-01,8.935234498339739e-02
10,cheba,3.999999999999999e-01,8.951393992894044e-02
10,cheba,4.019999999999999e-01,8.962263869850895e-02
10,cheba,4.039999999999999e-01,8.967856399015839e-02
10,cheba,4.059999999999999e-01,8.968186677401266e-02
10,cheba,4.079999999999999e-01,8.963272614566747e-02
10,cheba,4.099999999999999e-01,8.953134917018007e-02
10,cheba,4.119999999999999e-01,8.937797071665057e-02
10,cheba,4.139999999999999e-01,8.917285328340067e-02
10,cheba,4.159999999999999e-01,8.891628681375530e-02
10,cheba,4.179999999999999e-01,8.860858850243325e-02
10,cheba,4.199999999999999e-01,8.825010259255331e-02
10,cheba,4.219999999999999e-01,8.784120016326293e-02
10,cheba,4.239999999999999e-01,8.738227890799818e-02
10,cheba,4.259999999999999e-01,8.687376290338156e-02
10,cheba,4.279999999999999e-01,8.631610236876974e-02
10,cheba,4.299999999999999e-01,8.570977341646038e-02
10,cheba,4.319999999999999e-01,8.505527779257012e-02
10,cheba,4.339999999999999e-01,8.435314260859728e-02
10,cheba,4.359999999999999e-01,8.360392006368320e-02
10,cheba,4.379999999999999e-01,8.280818715758870e-02
10,cheba,4.399999999999999e-01,8.196654539440260e-02
10,cheba,4.419999999999999e-01,8.107962047700187e-02
10,cheba,4.440000000000000e-01,8.014806199228451e-02
10,cheba,4.460000000000000e-01,7.917254308719707e-02
10,cheba,4.480000000000000e-01,7.815376013558249e-02
10,cheba,4.500000000000000e-01,7.709243239587463e-02
10,cheba,4.520000000000000e-01,7.598930165966758e-02
10,cheba,4.540000000000000e-01,7.484513189119213e-02
10,cheba,4.560000000000000e-01,7.366070885773118e-02
10,cheba,4.580000000000000e-01,7.243683975101076e-02
10,cheba,4.600000000000000e-01,7.117435279960416e-02
10,cheba,4.620000000000000e-01,6.987409687238916e-02
10,cheba,4.640000000000000e-01,6.853694107310296e-02
10,cheba,4.660000000000000e-01,6.716377432603825e-02
10,cheba,4.680000000000000e-01,6.575550495293092e-02
10,cheba,4.700000000000000e-01,6.431306024108913e-02
10,cheba,4.720000000000000e-01,6.283738600281828e-02
10,cheba,4.740000000000000e-01,6.132944612619871e-02
10,cheba,4.760000000000000e-01,5.979022211727597e-02
10,cheba,4.780000000000000e-01,5.822071263372647e-02
10,cheba,4.800000000000000e-01,5.662193301006496e-02
10,cheba,4.820000000000000e-01,5.499491477446222e-02
10,cheba,4.840000000000000e-01,5.334070515724582e-02
10,cheba,4.860000000000000e-01,5.166036659116033e-02
10,cheba,4.880000000000000e-01,4.995497620346412e-02
10,cheba,4.900000000000000e-01,4.822562529994766e-02
10,cheba,4.920000000000000e-01,4.647341884095701e-02
10,cheba,4.940000000000000e-01,4.469947490951348e-02
10,cheba,4.960000000000000e-01,4.290492417162182e-02
10,cheba,4.980000000000000e-01,4.109090932886339e-02
10,cheba,5.000000000000000e-01,3.925858456337558e-02
10,cheba,5.020000000000000e-01,3.740911497532068e-02
10,cheba,5.040000000000000e-01,3.554367601295273e-02
10,cheba,5.060000000000000e-01,3.366345289539355e-02
10,cheba,5.080000000000000e-01,3.176964002823476e-02
10,cheba,5.100000000000000e-01,2.986344041208405e-02
10,cheba,5.120000000000000e-01,2.794606504418085e-02
10,cheba,5.140000000000000e-01,2.601873231320803e-02
10,cheba,5.160000000000000e-01,2.408266738743250e-02
10,cheba,5.180000000000000e-01,2.213910159631027e-02
10,cheba,5.200000000000000e-01,2.018927180569635e-02
10,cheba,5.220000000000000e-01,1.823441978680496e-02
10,cheba,5.240000000000000e-01,1.627579157906758e-02
10,cheba,5.260000000000000e-01,1.431463684704395e-02
10,cheba,5.280000000000000e-01,1.235220823154259e-02
10,cheba,5.300000000000000e-01,1.038976069511387e-02
10,cheba,5.320000000000000e-01,8.428550862082218e-03
10,cheba,5.340000000000000e-01,6.469836353289349e-03
10,cheba,5.360000000000000e-01,4.514875115724251e-03
10,cheba,5.380000000000000e-01,2.564924747221309e-03
10,cheba,5.400000000000000e-01,6.212418164115441e-04
10,cheba,5.420000000000000e-01,1.314918821881852e-03
10,cheba,5.440000000000000e-01,3.242304715608837e-03
10,cheba,5.460000000000000e-01,5.159666508618502e-03
10,cheba,5.480000000000000e-01,7.065758637740366e-03
10,cheba,5.500000000000000e-01,8.959340033610819e-03
10,cheba,5.520000000000000e-01,1.083917482502954e-02
10,cheba,5.540000000000000e-01,1.270403304662582e-02
10,cheba,5.560000000000000e-01,1.455269134960833e-02
10,cheba,5.580000000000001e-01,1.638393371536929e-02
10,cheba,5.600000000000001e-01,1.819655217170511e-02
10,cheba,5.620000000000001e-01,1.998934751141394e-02
10,cheba,5.640000000000001e-01,2.176113001302220e-02
10,cheba,5.660000000000001e-01,2.351072016338882e-02
10,cheba,5.680000000000001e-01,2.523694938192940e-02
10,cheba,5.700000000000001e-01,2.693866074619729e-02
10,cheba,5.720000000000001e-01,2.861470971855287e-02
10,cheba,5.740000000000001e-01,3.026396487364706e-02
10,cheba,5.760000000000001e-01,3.188530862643904e-02
10,cheba,5.780000000000001e-01,3.347763796046251e-02
10,cheba,5.800000000000001e-01,3.503986515604934e-02
10,cheba,5.820000000000001e-01,3.657091851821355e-02
10,cheba,5.840000000000001e-01,3.806974310389194e-02
10,cheba,5.860000000000001e-01,3.953530144823329e-02
10,cheba,5.880000000000001e-01,4.096657428962044e-02
10,cheba,5.900000000000001e-01,4.236256129310517e-02
10,cheba,5.920000000000001e-01,4.372228177192759e-02
10,cheba,5.940000000000001e-01,4.504477540678842e-02
10,cheba,5.960000000000001e-01,4.632910296253363e-02
10,cheba,5.980000000000001e-01,4.757434700190660e-02
10,cheba,6.000000000000001e-01,4.877961259601532e-02
10,cheba,6.020000000000001e-01,4.994402803115797e-02
10,cheba,6.040000000000001e-01,5.106674551163971e-02
10,cheba,6.060000000000001e-01,5.214694185821299e-02
10,cheba,6.080000000000001e-01,5.318381920176092e-02
10,cheba,6.100000000000001e-01,5.417660567184186e-02
10,cheba,6.120000000000001e-01,5.512455607970353e-02
10,cheba,6.140000000000001e-01,5.602695259536990e-02
10,cheba,6.160000000000001e-01,5.688310541839640e-02
10,cheba,6.180000000000001e-01,5.769235344188391e-02
10,cheba,6.200000000000001e-01,5.845406490933255e-02
10,cheba,6.220000000000001e-01,5.916763806391226e-02
10,cheba,6.240000000000001e-01,5.983250178971819e-02
10,cheba,6.259999999999999e-01,6.044811624457284e-02
10,cheba,6.279999999999999e-01,6.101397348393048e-02
10,cheba,6.299999999999999e-01,6.152959807542979e-02
10,cheba,6.319999999999999e-01,6.199454770363769e-02
10,cheba,6.339999999999999e-01,6.240841376451550e-02
10,cheba,6.359999999999999e-01,6.277082194913597e-02
10,cheba,6.379999999999999e-01,6.308143281616720e-02
10,cheba,6.399999999999999e-01,6.333994235263808e-02
10,cheba,6.419999999999999e-01,6.354608252248735e-02
10,cheba,6.439999999999999e-01,6.369962180239325e-02
10,cheba,6.459999999999999e-01,6.380036570437453e-02
10,cheba,6.479999999999999e-01,6.384815728464187e-02
10,cheba,6.499999999999999e-01,6.384287763817653e-02
10,cheba,6.519999999999999e-01,6.378444637850039e-02
10,cheba,6.539999999999999e-01,6.367282210209724e-02
10,cheba,6.559999999999999e-01,6.350800283693593e-02
10,cheba,6.579999999999999e-01,6.329002647453834e-02
10,cheba,6.599999999999999e-01,6.301897118502719e-02
10,cheba,6.619999999999999e-01,6.269495581458115e-02
10,cheba,6.639999999999999e-01,6.231814026471619e-02
10,cheba,6.659999999999999e-01,6.188872585280442e-02
10,cheba,6.679999999999999e-01,6.140695565323348e-02
10,cheba,6.699999999999999e-01,6.087311481860103e-02
10,cheba,6.719999999999999e-01,6.028753088033119e-02
10,cheba,6.739999999999999e-01,5.965057402809115e-02
10,cheba,6.759999999999999e-01,5.896265736737798e-02
10,cheba,6.779999999999999e-01,5.822423715463658e-02
10,cheba,6.799999999999999e-01,5.743581300926315e-02
10,cheba,6.819999999999999e-01,5.659792810183716e-02
10,cheba,6.839999999999999e-01,5.571116931791915e-02
10,cheba,6.859999999999999e-01,5.477616739674046e-02
10,cheba,6.879999999999999e-01,5.379359704410488e-02
10,cheba,6.899999999999999e-01,5.276417701881088e-02
10,cheba,6.919999999999999e-01,5.168867019189598e-02
10,cheba,6.940000000000000e-01,5.056788357799580e-02
10,cheba,6.960000000000000e-01,4.940266833810042e-02
10,cheba,6.980000000000000e-01,4.819391975298258e-02
10,cheba,7.000000000000000e-01,4.694257716656325e-02
10,cheba,7.020000000000000e-01,4.564962389846985e-02
10,cheba,7.040000000000000e-01,4.431608712503507e-02
10,cheba,7.060000000000000e-01,4.294303772797317e-02
10,cheba,7.080000000000000e-01,4.153159010996260e-02
10,cheba,7.100000000000000e-01,4.008290197635389e-02
10,cheba,7.120000000000000e-01,3.859817408221211e-02
10,cheba,7.140000000000000e-01,3.707864994389506e-02
10,cheba,7.160000000000000e-01,3.552561551435642e-02
10,cheba,7.180000000000000e-01,3.394039882135583e-02
10,cheba,7.200000000000000e-01,3.232436956774738e-02
10,cheba,7.220000000000000e-01,3.067893869300764e-02
10,cheba,7.240000000000000e-01,2.900555789515490e-02
10,cheba,7.260000000000000e-01,2.730571911220293e-02
10,cheba,7.280000000000000e-01,2.558095396227969e-02
10,cheba,7.300000000000000e-01,2.383283314153457e-02
10,cheba,7.320000000000000e-01,2.206296577894558e-02
10,cheba,7.340000000000000e-01,2.027299874712832e-02
10,cheba,7.360000000000000e-01,1.846461592823960e-02
10,cheba,7.380000000000000e-01,1.663953743405633e-02
10,cheba,7.400000000000000e-01,1.479951877930157e-02
10,cheba,7.420000000000000e-01,1.294635000727887e-02
10,cheba,7.440000000000000e-01,1.108185476686530e-02
10,cheba,7.460000000000000e-01,9.207889339903477e-03
10,cheba,7.480000000000000e-01,7.326341618022120e-03
10,cheba,7.500000000000000e-01,5.439130027904457e-03
10,cheba,7.520000000000000e-01,3.548202404012407e-03
10,cheba,7.540000000000000e-01,1.655534807764647e-03
10,cheba,7.560000000000000e-01,2.368697078448251e-04
10,cheba,7.580000000000000e-01,2.126982389211704e-03
10,cheba,7.600000000000000e-01,4.012750129704534e-03
10,cheba,7.620000000000000e-01,5.892096874912281e-03
10,cheba,7.640000000000000e-01,7.762925086613089e-03
10,cheba,7.660000000000000e-01,9.623117266532151e-03
10,cheba,7.680000000000000e-01,1.147053754096840e-02
10,cheba,7.700000000000000e-01,1.330303330737992e-02
10,cheba,7.720000000000000e-01,1.511843694403026e-02
10,cheba,7.740000000000000e-01,1.691456758380888e-02
10,cheba,7.760000000000000e-01,1.868923295335002e-02
10,cheba,7.780000000000000e-01,2.044023127858653e-02
10,cheba,7.800000000000000e-01,2.216535325788602e-02
10,cheba,7.820000000000000e-01,2.386238410392906e-02
10,cheba,7.840000000000000e-01,2.552910565550008e-02
10,cheba,7.860000000000000e-01,2.716329856037442e-02
10,cheba,7.880000000000000e-01,2.876274453049536e-02
10,cheba,7.900000000000000e-01,3.032522867064888e-02
10,cheba,7.920000000000000e-01,3.184854188185361e-02
10,cheba,7.940000000000000e-01,3.333048334069744e-02
10,cheba,7.960000000000000e-01,3.476886305586317e-02
10,cheba,7.980000000000000e-01,3.616150450309816e-02
10,cheba,8.000000000000000e-01,3.750624733989558e-02
10,cheba,8.020000000000000e-01,3.880095020116593e-02
10,cheba,8.040000000000000e-01,4.004349357719190e-02
10,cheba,8.060000000000000e-01,4.123178277516987e-02
10,cheba,8.080000000000001e-01,4.236375096565570e-02
10,cheba,8.100000000000001e-01,4.343736231524395e-02
10,cheba,8.120000000000001e-01,4.445061520682284e-02
10,cheba,8.140000000000001e-01,4.540154554875971e-02
10,cheba,8.160000000000001e-01,4.628823017438505e-02
10,cheba,8.180000000000001e-01,4.710879033315526e-02
10,cheba,8.200000000000001e-01,4.786139527488786e-02
10,cheba,8.220000000000001e-01,4.854426592847601e-02
10,cheba,8.240000000000001e-01,4.915567867650143e-02
10,cheba,8.260000000000001e-01,4.969396922717884e-02
10,cheba,8.280000000000001e-01,5.015753658507818e-02
10,cheba,8.300000000000001e-01,5.054484712208340e-02
10,cheba,8.320000000000001e-01,5.085443875006100e-02
10,cheba,8.340000000000001e-01,5.108492519672428e-02
10,cheba,8.360000000000001e-01,5.123500038619296e-02
10,cheba,8.380000000000001e-01,5.130344292576140e-02
10,cheba,8.400000000000001e-01,5.128912070040257e-02
10,cheba,8.420000000000001e-01,5.119099557654802e-02
10,cheba,8.440000000000001e-01,5.100812821669859e-02
10,cheba,8.460000000000001e-01,5.073968300643402e-02
10,cheba,8.480000000000001e-01,5.038493309540403e-02
10,cheba,8.500000000000001e-01,4.994326555389651e-02
10,cheba,8.520000000000001e-01,4.941418664659408e-02
10,cheba,8.540000000000001e-01,4.879732722514264e-02
10,cheba,8.560000000000001e-01,4.809244824117148e-02
10,cheba,8.580000000000001e-01,4.729944638141759e-02
10,cheba,8.600000000000001e-01,4.641835982662173e-02
10,cheba,8.620000000000001e-01,4.544937413587839e-02
10,cheba,8.640000000000001e-01,4.439282825813586e-02
10,cheba,8.660000000000001e-01,4.324922067255763e-02
10,cheba,8.680000000000001e-01,4.201921565947096e-02
10,cheba,8.700000000000001e-01,4.070364970364298e-02
10,cheba,8.720000000000001e-01,3.930353803163981e-02
10,cheba,8.740000000000001e-01,3.782008128503889e-02
10,cheba,8.759999999999999e-01,3.625467233127999e-02
10,cheba,8.779999999999999e-01,3.460890321395414e-02
10,cheba,8.799999999999999e-01,3.288457224434843e-02
10,cheba,8.819999999999999e-01,3.108369123607417e-02
10,cheba,8.839999999999999e-01,2.920849288462645e-02
10,cheba,8.859999999999999e-01,2.726143829373578e-02
10,cheba,8.879999999999999e-01,2.524522465038847e-02
10,cheba,8.899999999999999e-01,2.316279305040809e-02
10,cheba,8.919999999999999e-01,2.101733647650572e-02
10,cheba,8.939999999999999e-01,1.881230793072273e-02
10,cheba,8.959999999999999e-01,1.655142872320483e-02
10,cheba,8.979999999999999e-01,1.423869691926315e-02
10,cheba,8.999999999999999e-01,1.187839594669248e-02
10,cheba,9.019999999999999e-01,9.475103365334407e-03
10,cheba,9.039999999999999e-01,7.033699800887555e-03
10,cheba,9.059999999999999e-01,4.559378044984574e-03
10,cheba,9.079999999999999e-01,2.057652323571024e-03
10,cheba,9.099999999999999e-01,4.656322643624977e-04
10,cheba,9.119999999999999e-01,3.004290135626621e-03
10,cheba,9.139999999999999e-01,5.551785437173863e-03
10,cheba,9.159999999999999e-01,8.101222083832481e-03
10,cheba,9.179999999999999e-01,1.064533361731620e-02
10,cheba,9.199999999999999e-01,1.317647288437558e-02
10,cheba,9.219999999999999e-01,1.568660153194002e-02
10,cheba,9.239999999999999e-01,1.816727931708274e-02
10,cheba,9.259999999999999e-01,2.060965322962396e-02
10,cheba,9.279999999999999e-01,2.300444642517063e-02
10,cheba,9.299999999999999e-01,2.534194696637406e-02
10,cheba,9.319999999999999e-01,2.761199637016928e-02
10,cheba,9.339999999999999e-01,2.980397795874327e-02
10,cheba,9.359999999999999e-01,3.190680501196148e-02
10,cheba,9.379999999999999e-01,3.390890871896479e-02
10,cheba,9.399999999999999e-01,3.579822592663157e-02
10,cheba,9.419999999999999e-01,3.756218668258211e-02
10,cheba,9.440000000000000e-01,3.918770157038454e-02
10,cheba,9.460000000000000e-01,4.066114883460457e-02
10,cheba,9.480000000000000e-01,4.196836129332247e-02
10,cheba,9.500000000000000e-01,4.309461303572370e-02
10,cheba,9.520000000000000e-01,4.402460590235123e-02
10,cheba,9.540000000000000e-01,4.474245574558953e-02
10,cheba,9.560000000000000e-01,4.523167846793255e-02
10,cheba,9.580000000000000e-01,4.547517583556873e-02
10,cheba,9.600000000000000e-01,4.545522106479936e-02
10,cheba,9.620000000000000e-01,4.515344417878683e-02
10,cheba,9.640000000000000e-01,4.455081713211122e-02
10,cheba,9.660000000000000e-01,4.362763870059615e-02
10,cheba,9.680000000000000e-01,4.236351913384437e-02
10,cheba,9.700000000000000e-01,4.073736456790655e-02
10,cheba,9.720000000000000e-01,3.872736119548692e-02
10,cheba,9.740000000000000e-01,3.631095919107099e-02
10,cheba,9.760000000000000e-01,3.346485638834136e-02
10,cheba,9.780000000000000e-01,3.016498170722896e-02
10,cheba,9.800000000000000e-01,2.638647832792745e-02
10,cheba,9.820000000000000e-01,2.210368660917979e-02
10,cheba,9.840000000000000e-01,1.729012674812613e-02
10,cheba,9.860000000000000e-01,1.191848117898366e-02
10,cheba,9.880000000000000e-01,5.960576707808411e-03
10,cheba,9.900000000000000e-01,6.126336194293147e-04
10,cheba,9.920000000000000e-01,7.831088918244716e-03
10,cheba,9.940000000000000e-01,1.572563913932179e-02
10,cheba,9.960000000000000e-01,2.432806401730789e-02
10,cheba,9.980000000000000e-01,3.367109229756782e-02
10,cheba,1.000000000000000e+00,4.378842124376516e-02
